[2026-07-07 15:24:06] ==================================================
[2026-07-07 15:24:06] IPTV 播放列表自动更新（远程源抓取 + 本地保存）
[2026-07-07 15:24:06] ==================================================
[2026-07-07 15:24:06] 抓取远程源 (第1次)...
[2026-07-07 15:24:06] ✅ 远程源获取成功，共 1318 个源
[2026-07-07 15:24:06] 开始测速 1318 个源...
[2026-07-07 15:24:11] 测速进度: 10/1318 (有效: 0)
[2026-07-07 15:24:12] 测速进度: 20/1318 (有效: 0)
[2026-07-07 15:24:16] 测速进度: 30/1318 (有效: 4)
[2026-07-07 15:24:17] 测速进度: 40/1318 (有效: 10)
[2026-07-07 15:24:19] 测速进度: 50/1318 (有效: 15)
[2026-07-07 15:24:24] 测速进度: 70/1318 (有效: 16)
[2026-07-07 15:24:26] 测速进度: 80/1318 (有效: 18)
[2026-07-07 15:24:27] 测速进度: 90/1318 (有效: 21)
[2026-07-07 15:24:28] 测速进度: 100/1318 (有效: 22)
[2026-07-07 15:24:32] 测速进度: 110/1318 (有效: 28)
[2026-07-07 15:24:37] 测速进度: 130/1318 (有效: 37)
[2026-07-07 15:24:39] 测速进度: 140/1318 (有效: 37)
[2026-07-07 15:24:39] 测速进度: 150/1318 (有效: 37)
[2026-07-07 15:24:41] 测速进度: 160/1318 (有效: 38)
[2026-07-07 15:24:42] 测速进度: 170/1318 (有效: 38)
[2026-07-07 15:24:46] 测速进度: 180/1318 (有效: 42)
[2026-07-07 15:24:48] 测速进度: 190/1318 (有效: 42)
[2026-07-07 15:24:49] 测速进度: 200/1318 (有效: 42)
[2026-07-07 15:24:50] 测速进度: 210/1318 (有效: 45)
[2026-07-07 15:24:53] 测速进度: 220/1318 (有效: 47)
[2026-07-07 15:24:55] 测速进度: 230/1318 (有效: 53)
[2026-07-07 15:25:03] 测速进度: 250/1318 (有效: 62)
[2026-07-07 15:25:04] 测速进度: 260/1318 (有效: 63)
[2026-07-07 15:25:08] 测速进度: 270/1318 (有效: 65)
[2026-07-07 15:25:12] 测速进度: 280/1318 (有效: 71)
[2026-07-07 15:25:13] 测速进度: 290/1318 (有效: 77)
[2026-07-07 15:25:18] 测速进度: 310/1318 (有效: 84)
[2026-07-07 15:25:20] 测速进度: 320/1318 (有效: 84)
[2026-07-07 15:25:22] 测速进度: 330/1318 (有效: 86)
[2026-07-07 15:25:24] 测速进度: 340/1318 (有效: 87)
[2026-07-07 15:25:26] 测速进度: 350/1318 (有效: 89)
[2026-07-07 15:25:32] 测速进度: 370/1318 (有效: 96)
[2026-07-07 15:25:33] 测速进度: 380/1318 (有效: 96)
[2026-07-07 15:25:35] 测速进度: 390/1318 (有效: 97)
[2026-07-07 15:25:35] 测速进度: 400/1318 (有效: 97)
[2026-07-07 15:25:36] 测速进度: 410/1318 (有效: 97)
[2026-07-07 15:25:44] 测速进度: 420/1318 (有效: 104)
[2026-07-07 15:25:45] 测速进度: 430/1318 (有效: 104)
[2026-07-07 15:25:46] 测速进度: 440/1318 (有效: 104)
[2026-07-07 15:25:47] 测速进度: 450/1318 (有效: 105)
[2026-07-07 15:25:50] 测速进度: 460/1318 (有效: 106)
[2026-07-07 15:25:52] 测速进度: 470/1318 (有效: 106)
[2026-07-07 15:25:55] 测速进度: 480/1318 (有效: 111)
[2026-07-07 15:25:55] 测速进度: 490/1318 (有效: 111)
[2026-07-07 15:25:56] 测速进度: 500/1318 (有效: 111)
[2026-07-07 15:25:56] 测速进度: 510/1318 (有效: 111)
[2026-07-07 15:25:58] 测速进度: 520/1318 (有效: 111)
[2026-07-07 15:26:01] 测速进度: 530/1318 (有效: 111)
[2026-07-07 15:26:05] 测速进度: 540/1318 (有效: 116)
[2026-07-07 15:26:06] 测速进度: 550/1318 (有效: 116)
[2026-07-07 15:26:10] 测速进度: 560/1318 (有效: 116)
[2026-07-07 15:26:11] 测速进度: 570/1318 (有效: 116)
[2026-07-07 15:26:12] 测速进度: 580/1318 (有效: 116)
[2026-07-07 15:26:15] 测速进度: 590/1318 (有效: 116)
[2026-07-07 15:26:17] 测速进度: 600/1318 (有效: 117)
[2026-07-07 15:26:17] 测速进度: 610/1318 (有效: 117)
[2026-07-07 15:26:17] 测速进度: 620/1318 (有效: 117)
[2026-07-07 15:26:17] 测速进度: 630/1318 (有效: 117)
[2026-07-07 15:26:17] 测速进度: 640/1318 (有效: 117)
[2026-07-07 15:26:17] 测速进度: 650/1318 (有效: 117)
[2026-07-07 15:26:26] 测速进度: 660/1318 (有效: 119)
[2026-07-07 15:26:26] 测速进度: 670/1318 (有效: 119)
[2026-07-07 15:26:26] 测速进度: 680/1318 (有效: 119)
[2026-07-07 15:26:26] 测速进度: 690/1318 (有效: 119)
[2026-07-07 15:26:26] 测速进度: 700/1318 (有效: 119)
[2026-07-07 15:26:26] 测速进度: 710/1318 (有效: 119)
[2026-07-07 15:26:26] 测速进度: 720/1318 (有效: 119)
[2026-07-07 15:26:26] 测速进度: 730/1318 (有效: 119)
[2026-07-07 15:26:26] 测速进度: 740/1318 (有效: 119)
[2026-07-07 15:26:26] 测速进度: 750/1318 (有效: 119)
[2026-07-07 15:26:26] 测速进度: 760/1318 (有效: 119)
[2026-07-07 15:26:26] 测速进度: 770/1318 (有效: 119)
[2026-07-07 15:26:26] 测速进度: 780/1318 (有效: 119)
[2026-07-07 15:26:26] 测速进度: 790/1318 (有效: 119)
[2026-07-07 15:26:26] 测速进度: 800/1318 (有效: 119)
[2026-07-07 15:26:26] 测速进度: 810/1318 (有效: 119)
[2026-07-07 15:26:26] 测速进度: 820/1318 (有效: 119)
[2026-07-07 15:26:26] 测速进度: 830/1318 (有效: 119)
[2026-07-07 15:26:26] 测速进度: 840/1318 (有效: 119)
[2026-07-07 15:26:26] 测速进度: 850/1318 (有效: 119)
[2026-07-07 15:26:26] 测速进度: 860/1318 (有效: 119)
[2026-07-07 15:26:26] 测速进度: 870/1318 (有效: 119)
[2026-07-07 15:26:26] 测速进度: 880/1318 (有效: 119)
[2026-07-07 15:26:26] 测速进度: 890/1318 (有效: 119)
[2026-07-07 15:26:28] 测速进度: 900/1318 (有效: 119)
[2026-07-07 15:26:30] 测速进度: 910/1318 (有效: 119)
[2026-07-07 15:26:30] 测速进度: 920/1318 (有效: 119)
[2026-07-07 15:26:32] 测速进度: 930/1318 (有效: 119)
[2026-07-07 15:26:32] 测速进度: 940/1318 (有效: 119)
[2026-07-07 15:26:34] 测速进度: 950/1318 (有效: 119)
[2026-07-07 15:26:34] 测速进度: 960/1318 (有效: 119)
[2026-07-07 15:26:34] 测速进度: 970/1318 (有效: 119)
[2026-07-07 15:26:36] 测速进度: 980/1318 (有效: 119)
[2026-07-07 15:26:36] 测速进度: 990/1318 (有效: 119)
[2026-07-07 15:26:38] 测速进度: 1000/1318 (有效: 119)
[2026-07-07 15:26:38] 测速进度: 1010/1318 (有效: 119)
[2026-07-07 15:26:40] 测速进度: 1020/1318 (有效: 119)
[2026-07-07 15:26:42] 测速进度: 1030/1318 (有效: 119)
[2026-07-07 15:26:42] 测速进度: 1040/1318 (有效: 119)
[2026-07-07 15:26:42] 测速进度: 1050/1318 (有效: 119)
[2026-07-07 15:26:44] 测速进度: 1060/1318 (有效: 119)
[2026-07-07 15:26:44] 测速进度: 1070/1318 (有效: 119)
[2026-07-07 15:26:46] 测速进度: 1080/1318 (有效: 119)
[2026-07-07 15:26:48] 测速进度: 1090/1318 (有效: 119)
[2026-07-07 15:26:48] 测速进度: 1100/1318 (有效: 119)
[2026-07-07 15:26:48] 测速进度: 1110/1318 (有效: 119)
[2026-07-07 15:26:50] 测速进度: 1120/1318 (有效: 119)
[2026-07-07 15:26:50] 测速进度: 1130/1318 (有效: 119)
[2026-07-07 15:26:52] 测速进度: 1140/1318 (有效: 119)
[2026-07-07 15:26:54] 测速进度: 1150/1318 (有效: 119)
[2026-07-07 15:26:54] 测速进度: 1160/1318 (有效: 119)
[2026-07-07 15:26:55] 测速进度: 1170/1318 (有效: 120)
[2026-07-07 15:26:57] 测速进度: 1180/1318 (有效: 121)
[2026-07-07 15:26:59] 测速进度: 1190/1318 (有效: 122)
[2026-07-07 15:27:09] 测速进度: 1210/1318 (有效: 130)
[2026-07-07 15:27:09] 测速进度: 1220/1318 (有效: 130)
[2026-07-07 15:27:11] 测速进度: 1230/1318 (有效: 130)
[2026-07-07 15:27:11] 测速进度: 1240/1318 (有效: 130)
[2026-07-07 15:27:13] 测速进度: 1250/1318 (有效: 130)
[2026-07-07 15:27:24] 测速进度: 1270/1318 (有效: 133)
[2026-07-07 15:27:24] 测速进度: 1280/1318 (有效: 133)
[2026-07-07 15:27:25] 测速进度: 1290/1318 (有效: 133)
[2026-07-07 15:27:26] 测速进度: 1300/1318 (有效: 134)
[2026-07-07 15:27:31] 测速进度: 1310/1318 (有效: 135)
[2026-07-07 15:27:37] 测速完成: 139/1318 个有效源
[2026-07-07 15:27:37] 选中 Top 5 源:
[2026-07-07 15:27:37]   源1: 39.150.98.32:37799 (txiptv) 1.93MB/s
[2026-07-07 15:27:37]   源2: 111.4.59.41:60901 (txiptv) 1.87MB/s
[2026-07-07 15:27:37]   源3: 112.27.5.218:9901 (txiptv) 1.81MB/s
[2026-07-07 15:27:37]   源4: 183.184.49.181:9003 (jsmpeg) 1.57MB/s
[2026-07-07 15:27:37]   源5: 223.84.217.112:799 (zhgxtv) 1.47MB/s
[2026-07-07 15:27:37] 抓取频道: 源1 39.150.98.32:37799 (txiptv)...
[2026-07-07 15:27:41] 抓取频道: 源2 111.4.59.41:60901 (txiptv)...
[2026-07-07 15:27:45] 抓取频道: 源3 112.27.5.218:9901 (txiptv)...
[2026-07-07 15:27:48] 抓取频道: 源4 183.184.49.181:9003 (jsmpeg)...
[2026-07-07 15:27:53] 抓取频道: 源5 223.84.217.112:799 (zhgxtv)...
[2026-07-07 15:27:56] 远程源共抓取到 507 条频道记录
[2026-07-07 15:27:56] 📊 数据来源: 远程源
[2026-07-07 15:27:56]    M3U8: 125816 字节, TXT: 39927 字节
[2026-07-07 15:27:56] ✅ M3U8 已保存到 output.m3u8 (125816 字节)
[2026-07-07 15:27:56] ✅ TXT 已保存到 output.txt (39927 字节)
[2026-07-07 15:27:56] 🎉 更新完成!
[2026-07-07 15:41:45] ==================================================
[2026-07-07 15:41:45] IPTV 播放列表自动更新（远程源抓取 + 本地保存）
[2026-07-07 15:41:45] ==================================================
[2026-07-07 15:41:45] 抓取远程源 (第1次)...
[2026-07-07 15:41:46] ✅ 远程源获取成功，共 1318 个源
[2026-07-07 15:41:46] 开始测速 1318 个源...
[2026-07-07 15:41:51] 测速进度: 10/1318 (有效: 0)
[2026-07-07 15:41:52] 测速进度: 20/1318 (有效: 1)
[2026-07-07 15:41:56] 测速进度: 30/1318 (有效: 5)
[2026-07-07 15:41:57] 测速进度: 40/1318 (有效: 11)
[2026-07-07 15:42:01] 测速进度: 50/1318 (有效: 15)
[2026-07-07 15:42:03] 测速进度: 70/1318 (有效: 16)
[2026-07-07 15:42:05] 测速进度: 80/1318 (有效: 20)
[2026-07-07 15:42:07] 测速进度: 90/1318 (有效: 21)
[2026-07-07 15:42:08] 测速进度: 100/1318 (有效: 22)
[2026-07-07 15:42:12] 测速进度: 110/1318 (有效: 29)
[2026-07-07 15:42:17] 测速进度: 130/1318 (有效: 35)
[2026-07-07 15:42:18] 测速进度: 140/1318 (有效: 35)
[2026-07-07 15:42:19] 测速进度: 150/1318 (有效: 36)
[2026-07-07 15:42:20] 测速进度: 160/1318 (有效: 36)
[2026-07-07 15:42:22] 测速进度: 170/1318 (有效: 36)
[2026-07-07 15:42:30] 测速进度: 180/1318 (有效: 43)
[2026-07-07 15:42:32] 测速进度: 190/1318 (有效: 43)
[2026-07-07 15:42:32] 测速进度: 200/1318 (有效: 43)
[2026-07-07 15:42:34] 测速进度: 210/1318 (有效: 46)
[2026-07-07 15:42:36] 测速进度: 220/1318 (有效: 48)
[2026-07-07 15:42:39] 测速进度: 230/1318 (有效: 54)
[2026-07-07 15:42:47] 测速进度: 250/1318 (有效: 63)
[2026-07-07 15:42:47] 测速进度: 260/1318 (有效: 64)
[2026-07-07 15:42:50] 测速进度: 270/1318 (有效: 65)
[2026-07-07 15:42:53] 测速进度: 280/1318 (有效: 66)
[2026-07-07 15:42:56] 测速进度: 290/1318 (有效: 73)
[2026-07-07 15:43:02] 测速进度: 310/1318 (有效: 82)
[2026-07-07 15:43:04] 测速进度: 320/1318 (有效: 83)
[2026-07-07 15:43:05] 测速进度: 330/1318 (有效: 84)
[2026-07-07 15:43:07] 测速进度: 340/1318 (有效: 84)
[2026-07-07 15:43:09] 测速进度: 350/1318 (有效: 85)
[2026-07-07 15:43:16] 测速进度: 370/1318 (有效: 92)
[2026-07-07 15:43:17] 测速进度: 380/1318 (有效: 92)
[2026-07-07 15:43:19] 测速进度: 390/1318 (有效: 93)
[2026-07-07 15:43:19] 测速进度: 400/1318 (有效: 93)
[2026-07-07 15:43:20] 测速进度: 410/1318 (有效: 94)
[2026-07-07 15:43:28] 测速进度: 420/1318 (有效: 100)
[2026-07-07 15:43:29] 测速进度: 430/1318 (有效: 100)
[2026-07-07 15:43:30] 测速进度: 440/1318 (有效: 100)
[2026-07-07 15:43:31] 测速进度: 450/1318 (有效: 101)
[2026-07-07 15:43:34] 测速进度: 460/1318 (有效: 102)
[2026-07-07 15:43:36] 测速进度: 470/1318 (有效: 102)
[2026-07-07 15:43:39] 测速进度: 480/1318 (有效: 107)
[2026-07-07 15:43:39] 测速进度: 490/1318 (有效: 107)
[2026-07-07 15:43:40] 测速进度: 500/1318 (有效: 107)
[2026-07-07 15:43:40] 测速进度: 510/1318 (有效: 107)
[2026-07-07 15:43:42] 测速进度: 520/1318 (有效: 107)
[2026-07-07 15:43:45] 测速进度: 530/1318 (有效: 107)
[2026-07-07 15:43:51] 测速进度: 540/1318 (有效: 111)
[2026-07-07 15:43:52] 测速进度: 550/1318 (有效: 111)
[2026-07-07 15:43:56] 测速进度: 560/1318 (有效: 111)
[2026-07-07 15:43:57] 测速进度: 570/1318 (有效: 111)
[2026-07-07 15:43:58] 测速进度: 580/1318 (有效: 111)
[2026-07-07 15:44:01] 测速进度: 590/1318 (有效: 111)
[2026-07-07 15:44:05] 测速进度: 600/1318 (有效: 113)
[2026-07-07 15:44:05] 测速进度: 610/1318 (有效: 113)
[2026-07-07 15:44:05] 测速进度: 620/1318 (有效: 113)
[2026-07-07 15:44:05] 测速进度: 630/1318 (有效: 113)
[2026-07-07 15:44:05] 测速进度: 640/1318 (有效: 113)
[2026-07-07 15:44:06] 测速进度: 650/1318 (有效: 113)
[2026-07-07 15:44:15] 测速进度: 660/1318 (有效: 115)
[2026-07-07 15:44:15] 测速进度: 670/1318 (有效: 115)
[2026-07-07 15:44:15] 测速进度: 680/1318 (有效: 115)
[2026-07-07 15:44:15] 测速进度: 690/1318 (有效: 115)
[2026-07-07 15:44:15] 测速进度: 700/1318 (有效: 115)
[2026-07-07 15:44:15] 测速进度: 710/1318 (有效: 115)
[2026-07-07 15:44:15] 测速进度: 720/1318 (有效: 115)
[2026-07-07 15:44:15] 测速进度: 730/1318 (有效: 115)
[2026-07-07 15:44:15] 测速进度: 740/1318 (有效: 115)
[2026-07-07 15:44:15] 测速进度: 750/1318 (有效: 115)
[2026-07-07 15:44:15] 测速进度: 760/1318 (有效: 115)
[2026-07-07 15:44:15] 测速进度: 770/1318 (有效: 115)
[2026-07-07 15:44:15] 测速进度: 780/1318 (有效: 115)
[2026-07-07 15:44:15] 测速进度: 790/1318 (有效: 115)
[2026-07-07 15:44:15] 测速进度: 800/1318 (有效: 115)
[2026-07-07 15:44:15] 测速进度: 810/1318 (有效: 115)
[2026-07-07 15:44:15] 测速进度: 820/1318 (有效: 115)
[2026-07-07 15:44:15] 测速进度: 830/1318 (有效: 115)
[2026-07-07 15:44:15] 测速进度: 840/1318 (有效: 115)
[2026-07-07 15:44:15] 测速进度: 850/1318 (有效: 115)
[2026-07-07 15:44:15] 测速进度: 860/1318 (有效: 115)
[2026-07-07 15:44:15] 测速进度: 870/1318 (有效: 115)
[2026-07-07 15:44:15] 测速进度: 880/1318 (有效: 115)
[2026-07-07 15:44:15] 测速进度: 890/1318 (有效: 115)
[2026-07-07 15:44:17] 测速进度: 900/1318 (有效: 115)
[2026-07-07 15:44:19] 测速进度: 910/1318 (有效: 115)
[2026-07-07 15:44:19] 测速进度: 920/1318 (有效: 115)
[2026-07-07 15:44:21] 测速进度: 930/1318 (有效: 115)
[2026-07-07 15:44:21] 测速进度: 940/1318 (有效: 115)
[2026-07-07 15:44:23] 测速进度: 950/1318 (有效: 115)
[2026-07-07 15:44:23] 测速进度: 960/1318 (有效: 115)
[2026-07-07 15:44:23] 测速进度: 970/1318 (有效: 115)
[2026-07-07 15:44:25] 测速进度: 980/1318 (有效: 115)
[2026-07-07 15:44:25] 测速进度: 990/1318 (有效: 115)
[2026-07-07 15:44:27] 测速进度: 1000/1318 (有效: 115)
[2026-07-07 15:44:27] 测速进度: 1010/1318 (有效: 115)
[2026-07-07 15:44:29] 测速进度: 1020/1318 (有效: 115)
[2026-07-07 15:44:31] 测速进度: 1030/1318 (有效: 115)
[2026-07-07 15:44:31] 测速进度: 1040/1318 (有效: 115)
[2026-07-07 15:44:31] 测速进度: 1050/1318 (有效: 115)
[2026-07-07 15:44:33] 测速进度: 1060/1318 (有效: 115)
[2026-07-07 15:44:33] 测速进度: 1070/1318 (有效: 115)
[2026-07-07 15:44:35] 测速进度: 1080/1318 (有效: 115)
[2026-07-07 15:44:37] 测速进度: 1090/1318 (有效: 115)
[2026-07-07 15:44:37] 测速进度: 1100/1318 (有效: 115)
[2026-07-07 15:44:37] 测速进度: 1110/1318 (有效: 115)
[2026-07-07 15:44:39] 测速进度: 1120/1318 (有效: 115)
[2026-07-07 15:44:39] 测速进度: 1130/1318 (有效: 115)
[2026-07-07 15:44:41] 测速进度: 1140/1318 (有效: 115)
[2026-07-07 15:44:43] 测速进度: 1150/1318 (有效: 115)
[2026-07-07 15:44:43] 测速进度: 1160/1318 (有效: 115)
[2026-07-07 15:44:44] 测速进度: 1170/1318 (有效: 115)
[2026-07-07 15:44:46] 测速进度: 1180/1318 (有效: 116)
[2026-07-07 15:44:49] 测速进度: 1190/1318 (有效: 117)
[2026-07-07 15:44:58] 测速进度: 1210/1318 (有效: 124)
[2026-07-07 15:44:58] 测速进度: 1220/1318 (有效: 124)
[2026-07-07 15:45:00] 测速进度: 1230/1318 (有效: 124)
[2026-07-07 15:45:01] 测速进度: 1240/1318 (有效: 124)
[2026-07-07 15:45:02] 测速进度: 1250/1318 (有效: 124)
[2026-07-07 15:45:13] 测速进度: 1270/1318 (有效: 130)
[2026-07-07 15:45:14] 测速进度: 1280/1318 (有效: 130)
[2026-07-07 15:45:14] 测速进度: 1290/1318 (有效: 130)
[2026-07-07 15:45:16] 测速进度: 1300/1318 (有效: 131)
[2026-07-07 15:45:20] 测速进度: 1310/1318 (有效: 132)
[2026-07-07 15:45:26] 测速完成: 136/1318 个有效源
[2026-07-07 15:45:26] 选中 Top 5 源:
[2026-07-07 15:45:26]   源1: 39.150.98.32:37799 (txiptv) 1.92MB/s
[2026-07-07 15:45:26]   源2: 139.227.21.22:9901 (txiptv) 1.87MB/s
[2026-07-07 15:45:26]   源3: 111.4.59.41:60901 (txiptv) 1.84MB/s
[2026-07-07 15:45:26]   源4: 223.84.217.112:799 (zhgxtv) 1.50MB/s
[2026-07-07 15:45:26]   源5: 118.81.63.229:9003 (jsmpeg) 1.13MB/s
[2026-07-07 15:45:26] 抓取频道: 源1 39.150.98.32:37799 (txiptv)...
[2026-07-07 15:45:30] 抓取频道: 源2 139.227.21.22:9901 (txiptv)...
[2026-07-07 15:45:34] 抓取频道: 源3 111.4.59.41:60901 (txiptv)...
[2026-07-07 15:45:37] 抓取频道: 源4 223.84.217.112:799 (zhgxtv)...
[2026-07-07 15:45:40] 抓取频道: 源5 118.81.63.229:9003 (jsmpeg)...
[2026-07-07 15:45:47] 远程源共抓取到 414 条频道记录
[2026-07-07 15:45:47] 📊 数据来源: 远程源
[2026-07-07 15:45:47]    M3U8: 103230 字节, TXT: 33399 字节
[2026-07-07 15:45:47] ✅ M3U8 已保存到 output.m3u8 (103230 字节)
[2026-07-07 15:45:47] ✅ TXT 已保存到 output.txt (33399 字节)
[2026-07-07 15:45:47] 🎉 更新完成!
[2026-07-07 23:28:08] ==================================================
[2026-07-07 23:28:08] IPTV 播放列表自动更新（远程源抓取 + 本地保存）
[2026-07-07 23:28:08] ==================================================
[2026-07-07 23:28:08] 抓取远程源 (第1次)...
[2026-07-07 23:28:09] ✅ 远程源获取成功，共 1318 个源
[2026-07-07 23:28:09] 开始测速 1318 个源...
[2026-07-07 23:28:11] 测速进度: 10/1318 (有效: 0)
[2026-07-07 23:28:14] 测速进度: 20/1318 (有效: 0)
[2026-07-07 23:28:17] 测速进度: 30/1318 (有效: 1)
[2026-07-07 23:28:19] 测速进度: 40/1318 (有效: 9)
[2026-07-07 23:28:21] 测速进度: 50/1318 (有效: 14)
[2026-07-07 23:28:26] 测速进度: 70/1318 (有效: 18)
[2026-07-07 23:28:28] 测速进度: 80/1318 (有效: 19)
[2026-07-07 23:28:29] 测速进度: 90/1318 (有效: 22)
[2026-07-07 23:28:30] 测速进度: 100/1318 (有效: 23)
[2026-07-07 23:28:35] 测速进度: 110/1318 (有效: 30)
[2026-07-07 23:28:41] 测速进度: 130/1318 (有效: 38)
[2026-07-07 23:28:41] 测速进度: 140/1318 (有效: 38)
[2026-07-07 23:28:43] 测速进度: 150/1318 (有效: 39)
[2026-07-07 23:28:43] 测速进度: 160/1318 (有效: 39)
[2026-07-07 23:28:45] 测速进度: 170/1318 (有效: 40)
[2026-07-07 23:28:56] 测速进度: 190/1318 (有效: 44)
[2026-07-07 23:28:56] 测速进度: 200/1318 (有效: 44)
[2026-07-07 23:28:58] 测速进度: 210/1318 (有效: 46)
[2026-07-07 23:29:01] 测速进度: 220/1318 (有效: 47)
[2026-07-07 23:29:03] 测速进度: 230/1318 (有效: 53)
[2026-07-07 23:29:09] 测速进度: 240/1318 (有效: 63)
[2026-07-07 23:29:10] 测速进度: 250/1318 (有效: 63)
[2026-07-07 23:29:11] 测速进度: 260/1318 (有效: 63)
[2026-07-07 23:29:14] 测速进度: 270/1318 (有效: 64)
[2026-07-07 23:29:18] 测速进度: 280/1318 (有效: 67)
[2026-07-07 23:29:20] 测速进度: 290/1318 (有效: 73)
[2026-07-07 23:29:26] 测速进度: 310/1318 (有效: 82)
[2026-07-07 23:29:28] 测速进度: 320/1318 (有效: 83)
[2026-07-07 23:29:30] 测速进度: 330/1318 (有效: 83)
[2026-07-07 23:29:32] 测速进度: 340/1318 (有效: 83)
[2026-07-07 23:29:34] 测速进度: 350/1318 (有效: 86)
[2026-07-07 23:29:40] 测速进度: 370/1318 (有效: 92)
[2026-07-07 23:29:42] 测速进度: 380/1318 (有效: 92)
[2026-07-07 23:29:43] 测速进度: 390/1318 (有效: 92)
[2026-07-07 23:29:44] 测速进度: 400/1318 (有效: 92)
[2026-07-07 23:29:45] 测速进度: 410/1318 (有效: 93)
[2026-07-07 23:29:52] 测速进度: 420/1318 (有效: 100)
[2026-07-07 23:29:54] 测速进度: 430/1318 (有效: 100)
[2026-07-07 23:29:54] 测速进度: 440/1318 (有效: 100)
[2026-07-07 23:29:55] 测速进度: 450/1318 (有效: 101)
[2026-07-07 23:29:58] 测速进度: 460/1318 (有效: 102)
[2026-07-07 23:30:00] 测速进度: 470/1318 (有效: 102)
[2026-07-07 23:30:03] 测速进度: 480/1318 (有效: 106)
[2026-07-07 23:30:04] 测速进度: 490/1318 (有效: 106)
[2026-07-07 23:30:04] 测速进度: 500/1318 (有效: 106)
[2026-07-07 23:30:05] 测速进度: 510/1318 (有效: 106)
[2026-07-07 23:30:07] 测速进度: 520/1318 (有效: 106)
[2026-07-07 23:30:09] 测速进度: 530/1318 (有效: 106)
[2026-07-07 23:30:19] 测速进度: 550/1318 (有效: 111)
[2026-07-07 23:30:23] 测速进度: 560/1318 (有效: 111)
[2026-07-07 23:30:24] 测速进度: 570/1318 (有效: 111)
[2026-07-07 23:30:26] 测速进度: 580/1318 (有效: 111)
[2026-07-07 23:30:29] 测速进度: 590/1318 (有效: 112)
[2026-07-07 23:30:33] 测速进度: 600/1318 (有效: 114)
[2026-07-07 23:30:33] 测速进度: 610/1318 (有效: 114)
[2026-07-07 23:30:33] 测速进度: 620/1318 (有效: 114)
[2026-07-07 23:30:33] 测速进度: 630/1318 (有效: 114)
[2026-07-07 23:30:33] 测速进度: 640/1318 (有效: 114)
[2026-07-07 23:30:34] 测速进度: 650/1318 (有效: 114)
[2026-07-07 23:30:42] 测速进度: 660/1318 (有效: 116)
[2026-07-07 23:30:42] 测速进度: 670/1318 (有效: 116)
[2026-07-07 23:30:42] 测速进度: 680/1318 (有效: 116)
[2026-07-07 23:30:42] 测速进度: 690/1318 (有效: 116)
[2026-07-07 23:30:42] 测速进度: 700/1318 (有效: 116)
[2026-07-07 23:30:42] 测速进度: 710/1318 (有效: 116)
[2026-07-07 23:30:42] 测速进度: 720/1318 (有效: 116)
[2026-07-07 23:30:42] 测速进度: 730/1318 (有效: 116)
[2026-07-07 23:30:42] 测速进度: 740/1318 (有效: 116)
[2026-07-07 23:30:42] 测速进度: 750/1318 (有效: 116)
[2026-07-07 23:30:42] 测速进度: 760/1318 (有效: 116)
[2026-07-07 23:30:42] 测速进度: 770/1318 (有效: 116)
[2026-07-07 23:30:42] 测速进度: 780/1318 (有效: 116)
[2026-07-07 23:30:42] 测速进度: 790/1318 (有效: 116)
[2026-07-07 23:30:42] 测速进度: 800/1318 (有效: 116)
[2026-07-07 23:30:42] 测速进度: 810/1318 (有效: 116)
[2026-07-07 23:30:42] 测速进度: 820/1318 (有效: 116)
[2026-07-07 23:30:42] 测速进度: 830/1318 (有效: 116)
[2026-07-07 23:30:42] 测速进度: 840/1318 (有效: 116)
[2026-07-07 23:30:42] 测速进度: 850/1318 (有效: 116)
[2026-07-07 23:30:42] 测速进度: 860/1318 (有效: 116)
[2026-07-07 23:30:42] 测速进度: 870/1318 (有效: 116)
[2026-07-07 23:30:42] 测速进度: 880/1318 (有效: 116)
[2026-07-07 23:30:42] 测速进度: 890/1318 (有效: 116)
[2026-07-07 23:30:44] 测速进度: 900/1318 (有效: 116)
[2026-07-07 23:30:46] 测速进度: 910/1318 (有效: 116)
[2026-07-07 23:30:46] 测速进度: 920/1318 (有效: 116)
[2026-07-07 23:30:47] 测速进度: 930/1318 (有效: 116)
[2026-07-07 23:30:48] 测速进度: 940/1318 (有效: 116)
[2026-07-07 23:30:49] 测速进度: 950/1318 (有效: 116)
[2026-07-07 23:30:50] 测速进度: 960/1318 (有效: 116)
[2026-07-07 23:30:51] 测速进度: 970/1318 (有效: 116)
[2026-07-07 23:30:52] 测速进度: 980/1318 (有效: 116)
[2026-07-07 23:30:53] 测速进度: 990/1318 (有效: 116)
[2026-07-07 23:30:54] 测速进度: 1000/1318 (有效: 116)
[2026-07-07 23:30:55] 测速进度: 1010/1318 (有效: 116)
[2026-07-07 23:30:56] 测速进度: 1020/1318 (有效: 116)
[2026-07-07 23:30:58] 测速进度: 1030/1318 (有效: 116)
[2026-07-07 23:30:58] 测速进度: 1040/1318 (有效: 116)
[2026-07-07 23:31:00] 测速进度: 1050/1318 (有效: 116)
[2026-07-07 23:31:01] 测速进度: 1060/1318 (有效: 116)
[2026-07-07 23:31:02] 测速进度: 1070/1318 (有效: 116)
[2026-07-07 23:31:03] 测速进度: 1080/1318 (有效: 116)
[2026-07-07 23:31:05] 测速进度: 1090/1318 (有效: 116)
[2026-07-07 23:31:05] 测速进度: 1100/1318 (有效: 116)
[2026-07-07 23:31:05] 测速进度: 1110/1318 (有效: 116)
[2026-07-07 23:31:07] 测速进度: 1120/1318 (有效: 116)
[2026-07-07 23:31:07] 测速进度: 1130/1318 (有效: 116)
[2026-07-07 23:31:09] 测速进度: 1140/1318 (有效: 116)
[2026-07-07 23:31:11] 测速进度: 1150/1318 (有效: 116)
[2026-07-07 23:31:11] 测速进度: 1160/1318 (有效: 116)
[2026-07-07 23:31:12] 测速进度: 1170/1318 (有效: 116)
[2026-07-07 23:31:13] 测速进度: 1180/1318 (有效: 117)
[2026-07-07 23:31:16] 测速进度: 1190/1318 (有效: 118)
[2026-07-07 23:31:25] 测速进度: 1210/1318 (有效: 126)
[2026-07-07 23:31:26] 测速进度: 1220/1318 (有效: 126)
[2026-07-07 23:31:28] 测速进度: 1230/1318 (有效: 126)
[2026-07-07 23:31:28] 测速进度: 1240/1318 (有效: 126)
[2026-07-07 23:31:30] 测速进度: 1250/1318 (有效: 126)
[2026-07-07 23:31:35] 测速进度: 1260/1318 (有效: 133)
[2026-07-07 23:31:37] 测速进度: 1270/1318 (有效: 133)
[2026-07-07 23:31:37] 测速进度: 1280/1318 (有效: 133)
[2026-07-07 23:31:38] 测速进度: 1290/1318 (有效: 133)
[2026-07-07 23:31:39] 测速进度: 1300/1318 (有效: 134)
[2026-07-07 23:31:43] 测速进度: 1310/1318 (有效: 135)
[2026-07-07 23:31:50] 测速完成: 139/1318 个有效源
[2026-07-07 23:31:50] 选中 Top 5 源:
[2026-07-07 23:31:50]   源1: 223.78.65.165:9901 (txiptv) 1.43MB/s
[2026-07-07 23:31:50]   源2: 42.227.88.125:9003 (jsmpeg) 1.36MB/s
[2026-07-07 23:31:50]   源3: 39.150.98.32:37799 (txiptv) 1.35MB/s
[2026-07-07 23:31:50]   源4: 139.227.21.22:9901 (txiptv) 1.33MB/s
[2026-07-07 23:31:50]   源5: 113.26.251.182:8009 (zhgxtv) 1.08MB/s
[2026-07-07 23:31:50] 抓取频道: 源1 223.78.65.165:9901 (txiptv)...
[2026-07-07 23:31:55] 抓取频道: 源2 42.227.88.125:9003 (jsmpeg)...
[2026-07-07 23:32:01] 抓取频道: 源3 39.150.98.32:37799 (txiptv)...
[2026-07-07 23:32:06] 抓取频道: 源4 139.227.21.22:9901 (txiptv)...
[2026-07-07 23:32:11] 抓取频道: 源5 113.26.251.182:8009 (zhgxtv)...
[2026-07-07 23:32:16] 远程源共抓取到 333 条频道记录
[2026-07-07 23:32:16] 📊 数据来源: 远程源
[2026-07-07 23:32:16]    M3U8: 79219 字节, TXT: 23039 字节
[2026-07-07 23:32:16] ✅ M3U8 已保存到 output.m3u8 (79219 字节)
[2026-07-07 23:32:16] ✅ TXT 已保存到 output.txt (23039 字节)
[2026-07-07 23:32:16] 🎉 更新完成!
[2026-07-08 01:46:56] ==================================================
[2026-07-08 01:46:56] IPTV 播放列表自动更新（远程源抓取 + 本地保存）
[2026-07-08 01:46:56] ==================================================
[2026-07-08 01:46:56] 抓取远程源 (第1次)...
[2026-07-08 01:46:57] ✅ 远程源获取成功，共 1290 个源
[2026-07-08 01:46:57] 开始测速 1290 个源...
[2026-07-08 01:46:59] 测速进度: 10/1290 (有效: 0)
[2026-07-08 01:47:02] 测速进度: 20/1290 (有效: 0)
[2026-07-08 01:47:05] 测速进度: 30/1290 (有效: 0)
[2026-07-08 01:47:08] 测速进度: 40/1290 (有效: 6)
[2026-07-08 01:47:10] 测速进度: 50/1290 (有效: 13)
[2026-07-08 01:47:14] 测速进度: 70/1290 (有效: 16)
[2026-07-08 01:47:15] 测速进度: 80/1290 (有效: 16)
[2026-07-08 01:47:17] 测速进度: 90/1290 (有效: 19)
[2026-07-08 01:47:19] 测速进度: 100/1290 (有效: 22)
[2026-07-08 01:47:22] 测速进度: 110/1290 (有效: 28)
[2026-07-08 01:47:26] 测速进度: 120/1290 (有效: 38)
[2026-07-08 01:47:26] 测速进度: 130/1290 (有效: 38)
[2026-07-08 01:47:27] 测速进度: 140/1290 (有效: 38)
[2026-07-08 01:47:28] 测速进度: 150/1290 (有效: 38)
[2026-07-08 01:47:30] 测速进度: 160/1290 (有效: 38)
[2026-07-08 01:47:31] 测速进度: 170/1290 (有效: 38)
[2026-07-08 01:47:39] 测速进度: 180/1290 (有效: 46)
[2026-07-08 01:47:41] 测速进度: 190/1290 (有效: 46)
[2026-07-08 01:47:42] 测速进度: 200/1290 (有效: 46)
[2026-07-08 01:47:45] 测速进度: 210/1290 (有效: 49)
[2026-07-08 01:47:47] 测速进度: 220/1290 (有效: 51)
[2026-07-08 01:47:49] 测速进度: 230/1290 (有效: 57)
[2026-07-08 01:47:56] 测速进度: 250/1290 (有效: 65)
[2026-07-08 01:47:58] 测速进度: 260/1290 (有效: 65)
[2026-07-08 01:48:02] 测速进度: 270/1290 (有效: 68)
[2026-07-08 01:48:05] 测速进度: 280/1290 (有效: 70)
[2026-07-08 01:48:07] 测速进度: 290/1290 (有效: 79)
[2026-07-08 01:48:12] 测速进度: 310/1290 (有效: 83)
[2026-07-08 01:48:12] 测速进度: 320/1290 (有效: 83)
[2026-07-08 01:48:14] 测速进度: 330/1290 (有效: 83)
[2026-07-08 01:48:15] 测速进度: 340/1290 (有效: 84)
[2026-07-08 01:48:17] 测速进度: 350/1290 (有效: 84)
[2026-07-08 01:48:26] 测速进度: 370/1290 (有效: 93)
[2026-07-08 01:48:27] 测速进度: 380/1290 (有效: 93)
[2026-07-08 01:48:28] 测速进度: 390/1290 (有效: 93)
[2026-07-08 01:48:29] 测速进度: 400/1290 (有效: 93)
[2026-07-08 01:48:31] 测速进度: 410/1290 (有效: 94)
[2026-07-08 01:48:41] 测速进度: 430/1290 (有效: 100)
[2026-07-08 01:48:42] 测速进度: 440/1290 (有效: 100)
[2026-07-08 01:48:43] 测速进度: 450/1290 (有效: 102)
[2026-07-08 01:48:47] 测速进度: 460/1290 (有效: 102)
[2026-07-08 01:48:48] 测速进度: 470/1290 (有效: 103)
[2026-07-08 01:48:52] 测速进度: 480/1290 (有效: 107)
[2026-07-08 01:48:52] 测速进度: 490/1290 (有效: 107)
[2026-07-08 01:48:53] 测速进度: 500/1290 (有效: 107)
[2026-07-08 01:48:54] 测速进度: 510/1290 (有效: 107)
[2026-07-08 01:48:55] 测速进度: 520/1290 (有效: 107)
[2026-07-08 01:48:58] 测速进度: 530/1290 (有效: 107)
[2026-07-08 01:49:03] 测速进度: 540/1290 (有效: 111)
[2026-07-08 01:49:04] 测速进度: 550/1290 (有效: 111)
[2026-07-08 01:49:08] 测速进度: 560/1290 (有效: 111)
[2026-07-08 01:49:09] 测速进度: 570/1290 (有效: 111)
[2026-07-08 01:49:11] 测速进度: 580/1290 (有效: 111)
[2026-07-08 01:49:13] 测速进度: 590/1290 (有效: 112)
[2026-07-08 01:49:18] 测速进度: 610/1290 (有效: 113)
[2026-07-08 01:49:18] 测速进度: 620/1290 (有效: 113)
[2026-07-08 01:49:18] 测速进度: 630/1290 (有效: 113)
[2026-07-08 01:49:18] 测速进度: 640/1290 (有效: 113)
[2026-07-08 01:49:18] 测速进度: 650/1290 (有效: 113)
[2026-07-08 01:49:27] 测速进度: 660/1290 (有效: 115)
[2026-07-08 01:49:27] 测速进度: 670/1290 (有效: 115)
[2026-07-08 01:49:27] 测速进度: 680/1290 (有效: 115)
[2026-07-08 01:49:27] 测速进度: 690/1290 (有效: 115)
[2026-07-08 01:49:27] 测速进度: 700/1290 (有效: 115)
[2026-07-08 01:49:27] 测速进度: 710/1290 (有效: 115)
[2026-07-08 01:49:27] 测速进度: 720/1290 (有效: 115)
[2026-07-08 01:49:27] 测速进度: 730/1290 (有效: 115)
[2026-07-08 01:49:27] 测速进度: 740/1290 (有效: 115)
[2026-07-08 01:49:27] 测速进度: 750/1290 (有效: 115)
[2026-07-08 01:49:27] 测速进度: 760/1290 (有效: 115)
[2026-07-08 01:49:27] 测速进度: 770/1290 (有效: 115)
[2026-07-08 01:49:27] 测速进度: 780/1290 (有效: 115)
[2026-07-08 01:49:27] 测速进度: 790/1290 (有效: 115)
[2026-07-08 01:49:27] 测速进度: 800/1290 (有效: 115)
[2026-07-08 01:49:27] 测速进度: 810/1290 (有效: 115)
[2026-07-08 01:49:27] 测速进度: 820/1290 (有效: 115)
[2026-07-08 01:49:27] 测速进度: 830/1290 (有效: 115)
[2026-07-08 01:49:27] 测速进度: 840/1290 (有效: 115)
[2026-07-08 01:49:27] 测速进度: 850/1290 (有效: 115)
[2026-07-08 01:49:27] 测速进度: 860/1290 (有效: 115)
[2026-07-08 01:49:27] 测速进度: 870/1290 (有效: 115)
[2026-07-08 01:49:27] 测速进度: 880/1290 (有效: 115)
[2026-07-08 01:49:27] 测速进度: 890/1290 (有效: 115)
[2026-07-08 01:49:29] 测速进度: 900/1290 (有效: 115)
[2026-07-08 01:49:31] 测速进度: 910/1290 (有效: 115)
[2026-07-08 01:49:31] 测速进度: 920/1290 (有效: 115)
[2026-07-08 01:49:33] 测速进度: 930/1290 (有效: 115)
[2026-07-08 01:49:33] 测速进度: 940/1290 (有效: 115)
[2026-07-08 01:49:34] 测速进度: 950/1290 (有效: 115)
[2026-07-08 01:49:35] 测速进度: 960/1290 (有效: 115)
[2026-07-08 01:49:36] 测速进度: 970/1290 (有效: 115)
[2026-07-08 01:49:37] 测速进度: 980/1290 (有效: 115)
[2026-07-08 01:49:38] 测速进度: 990/1290 (有效: 115)
[2026-07-08 01:49:39] 测速进度: 1000/1290 (有效: 115)
[2026-07-08 01:49:39] 测速进度: 1010/1290 (有效: 115)
[2026-07-08 01:49:41] 测速进度: 1020/1290 (有效: 115)
[2026-07-08 01:49:43] 测速进度: 1030/1290 (有效: 115)
[2026-07-08 01:49:43] 测速进度: 1040/1290 (有效: 115)
[2026-07-08 01:49:45] 测速进度: 1050/1290 (有效: 115)
[2026-07-08 01:49:45] 测速进度: 1060/1290 (有效: 115)
[2026-07-08 01:49:47] 测速进度: 1070/1290 (有效: 115)
[2026-07-08 01:49:47] 测速进度: 1080/1290 (有效: 115)
[2026-07-08 01:49:49] 测速进度: 1090/1290 (有效: 115)
[2026-07-08 01:49:49] 测速进度: 1100/1290 (有效: 115)
[2026-07-08 01:49:50] 测速进度: 1110/1290 (有效: 115)
[2026-07-08 01:49:51] 测速进度: 1120/1290 (有效: 115)
[2026-07-08 01:49:51] 测速进度: 1130/1290 (有效: 115)
[2026-07-08 01:50:01] 测速进度: 1140/1290 (有效: 116)
[2026-07-08 01:50:02] 测速进度: 1150/1290 (有效: 116)
[2026-07-08 01:50:03] 测速进度: 1160/1290 (有效: 116)
[2026-07-08 01:50:04] 测速进度: 1170/1290 (有效: 116)
[2026-07-08 01:50:05] 测速进度: 1180/1290 (有效: 116)
[2026-07-08 01:50:07] 测速进度: 1190/1290 (有效: 118)
[2026-07-08 01:50:18] 测速进度: 1210/1290 (有效: 122)
[2026-07-08 01:50:19] 测速进度: 1220/1290 (有效: 122)
[2026-07-08 01:50:20] 测速进度: 1230/1290 (有效: 122)
[2026-07-08 01:50:22] 测速进度: 1240/1290 (有效: 122)
[2026-07-08 01:50:24] 测速进度: 1250/1290 (有效: 122)
[2026-07-08 01:50:33] 测速进度: 1270/1290 (有效: 130)
[2026-07-08 01:50:34] 测速进度: 1280/1290 (有效: 130)
[2026-07-08 01:50:42] 测速进度: 1290/1290 (有效: 133)
[2026-07-08 01:50:42] 测速完成: 133/1290 个有效源
[2026-07-08 01:50:42] 选中 Top 5 源:
[2026-07-08 01:50:42]   源1: 111.4.59.41:60901 (txiptv) 1.46MB/s
[2026-07-08 01:50:42]   源2: 112.27.5.218:9901 (txiptv) 1.43MB/s
[2026-07-08 01:50:42]   源3: 183.184.49.181:9003 (jsmpeg) 1.36MB/s
[2026-07-08 01:50:42]   源4: 183.184.48.126:9003 (jsmpeg) 1.33MB/s
[2026-07-08 01:50:42]   源5: 113.26.251.182:8009 (zhgxtv) 1.25MB/s
[2026-07-08 01:50:42] 抓取频道: 源1 111.4.59.41:60901 (txiptv)...
[2026-07-08 01:50:46] 抓取频道: 源2 112.27.5.218:9901 (txiptv)...
[2026-07-08 01:50:51] 抓取频道: 源3 183.184.49.181:9003 (jsmpeg)...
[2026-07-08 01:50:58] 抓取频道: 源4 183.184.48.126:9003 (jsmpeg)...
[2026-07-08 01:51:05] 抓取频道: 源5 113.26.251.182:8009 (zhgxtv)...
[2026-07-08 01:51:07] 远程源共抓取到 351 条频道记录
[2026-07-08 01:51:07] 📊 数据来源: 远程源
[2026-07-08 01:51:07]    M3U8: 81516 字节, TXT: 22420 字节
[2026-07-08 01:51:07] ✅ M3U8 已保存到 output.m3u8 (81516 字节)
[2026-07-08 01:51:07] ✅ TXT 已保存到 output.txt (22420 字节)
[2026-07-08 01:51:07] 🎉 更新完成!
[2026-07-08 02:25:30] ==================================================
[2026-07-08 02:25:30] IPTV 播放列表自动更新（远程源抓取 + 本地保存）
[2026-07-08 02:25:30] ==================================================
[2026-07-08 02:25:30] 抓取远程源 (第1次)...
[2026-07-08 02:25:30] ✅ 远程源获取成功，共 1290 个源
[2026-07-08 02:25:30] 开始测速 1290 个源...
[2026-07-08 02:25:33] 测速进度: 10/1290 (有效: 0)
[2026-07-08 02:25:35] 测速进度: 20/1290 (有效: 0)
[2026-07-08 02:25:38] 测速进度: 30/1290 (有效: 0)
[2026-07-08 02:25:41] 测速进度: 40/1290 (有效: 5)
[2026-07-08 02:25:44] 测速进度: 50/1290 (有效: 12)
[2026-07-08 02:25:48] 测速进度: 70/1290 (有效: 14)
[2026-07-08 02:25:50] 测速进度: 80/1290 (有效: 17)
[2026-07-08 02:25:53] 测速进度: 90/1290 (有效: 18)
[2026-07-08 02:25:54] 测速进度: 100/1290 (有效: 21)
[2026-07-08 02:25:57] 测速进度: 110/1290 (有效: 28)
[2026-07-08 02:26:01] 测速进度: 130/1290 (有效: 36)
[2026-07-08 02:26:03] 测速进度: 140/1290 (有效: 36)
[2026-07-08 02:26:03] 测速进度: 150/1290 (有效: 36)
[2026-07-08 02:26:05] 测速进度: 160/1290 (有效: 36)
[2026-07-08 02:26:07] 测速进度: 170/1290 (有效: 37)
[2026-07-08 02:26:13] 测速进度: 180/1290 (有效: 46)
[2026-07-08 02:26:15] 测速进度: 190/1290 (有效: 46)
[2026-07-08 02:26:16] 测速进度: 200/1290 (有效: 46)
[2026-07-08 02:26:18] 测速进度: 210/1290 (有效: 49)
[2026-07-08 02:26:21] 测速进度: 220/1290 (有效: 51)
[2026-07-08 02:26:22] 测速进度: 230/1290 (有效: 57)
[2026-07-08 02:26:29] 测速进度: 250/1290 (有效: 65)
[2026-07-08 02:26:31] 测速进度: 260/1290 (有效: 65)
[2026-07-08 02:26:34] 测速进度: 270/1290 (有效: 67)
[2026-07-08 02:26:37] 测速进度: 280/1290 (有效: 71)
[2026-07-08 02:26:39] 测速进度: 290/1290 (有效: 78)
[2026-07-08 02:26:45] 测速进度: 310/1290 (有效: 84)
[2026-07-08 02:26:46] 测速进度: 320/1290 (有效: 84)
[2026-07-08 02:26:47] 测速进度: 330/1290 (有效: 84)
[2026-07-08 02:26:49] 测速进度: 340/1290 (有效: 84)
[2026-07-08 02:26:52] 测速进度: 350/1290 (有效: 86)
[2026-07-08 02:26:59] 测速进度: 370/1290 (有效: 93)
[2026-07-08 02:27:00] 测速进度: 380/1290 (有效: 93)
[2026-07-08 02:27:02] 测速进度: 390/1290 (有效: 94)
[2026-07-08 02:27:03] 测速进度: 400/1290 (有效: 94)
[2026-07-08 02:27:04] 测速进度: 410/1290 (有效: 94)
[2026-07-08 02:27:12] 测速进度: 420/1290 (有效: 101)
[2026-07-08 02:27:13] 测速进度: 430/1290 (有效: 101)
[2026-07-08 02:27:14] 测速进度: 440/1290 (有效: 101)
[2026-07-08 02:27:15] 测速进度: 450/1290 (有效: 102)
[2026-07-08 02:27:18] 测速进度: 460/1290 (有效: 103)
[2026-07-08 02:27:19] 测速进度: 470/1290 (有效: 103)
[2026-07-08 02:27:28] 测速进度: 490/1290 (有效: 106)
[2026-07-08 02:27:28] 测速进度: 500/1290 (有效: 106)
[2026-07-08 02:27:29] 测速进度: 510/1290 (有效: 106)
[2026-07-08 02:27:31] 测速进度: 520/1290 (有效: 106)
[2026-07-08 02:27:33] 测速进度: 530/1290 (有效: 106)
[2026-07-08 02:27:40] 测速进度: 540/1290 (有效: 110)
[2026-07-08 02:27:45] 测速进度: 550/1290 (有效: 110)
[2026-07-08 02:27:45] 测速进度: 560/1290 (有效: 110)
[2026-07-08 02:27:46] 测速进度: 570/1290 (有效: 110)
[2026-07-08 02:27:49] 测速进度: 580/1290 (有效: 110)
[2026-07-08 02:27:50] 测速进度: 590/1290 (有效: 111)
[2026-07-08 02:27:55] 测速进度: 600/1290 (有效: 113)
[2026-07-08 02:27:55] 测速进度: 610/1290 (有效: 113)
[2026-07-08 02:27:55] 测速进度: 620/1290 (有效: 113)
[2026-07-08 02:27:55] 测速进度: 630/1290 (有效: 113)
[2026-07-08 02:27:55] 测速进度: 640/1290 (有效: 113)
[2026-07-08 02:27:55] 测速进度: 650/1290 (有效: 113)
[2026-07-08 02:28:04] 测速进度: 660/1290 (有效: 115)
[2026-07-08 02:28:04] 测速进度: 670/1290 (有效: 115)
[2026-07-08 02:28:04] 测速进度: 680/1290 (有效: 115)
[2026-07-08 02:28:04] 测速进度: 690/1290 (有效: 115)
[2026-07-08 02:28:04] 测速进度: 700/1290 (有效: 115)
[2026-07-08 02:28:04] 测速进度: 710/1290 (有效: 115)
[2026-07-08 02:28:04] 测速进度: 720/1290 (有效: 115)
[2026-07-08 02:28:04] 测速进度: 730/1290 (有效: 115)
[2026-07-08 02:28:04] 测速进度: 740/1290 (有效: 115)
[2026-07-08 02:28:04] 测速进度: 750/1290 (有效: 115)
[2026-07-08 02:28:04] 测速进度: 760/1290 (有效: 115)
[2026-07-08 02:28:04] 测速进度: 770/1290 (有效: 115)
[2026-07-08 02:28:04] 测速进度: 780/1290 (有效: 115)
[2026-07-08 02:28:04] 测速进度: 790/1290 (有效: 115)
[2026-07-08 02:28:04] 测速进度: 800/1290 (有效: 115)
[2026-07-08 02:28:04] 测速进度: 810/1290 (有效: 115)
[2026-07-08 02:28:04] 测速进度: 820/1290 (有效: 115)
[2026-07-08 02:28:04] 测速进度: 830/1290 (有效: 115)
[2026-07-08 02:28:04] 测速进度: 840/1290 (有效: 115)
[2026-07-08 02:28:04] 测速进度: 850/1290 (有效: 115)
[2026-07-08 02:28:04] 测速进度: 860/1290 (有效: 115)
[2026-07-08 02:28:04] 测速进度: 870/1290 (有效: 115)
[2026-07-08 02:28:04] 测速进度: 880/1290 (有效: 115)
[2026-07-08 02:28:04] 测速进度: 890/1290 (有效: 115)
[2026-07-08 02:28:06] 测速进度: 900/1290 (有效: 115)
[2026-07-08 02:28:08] 测速进度: 910/1290 (有效: 115)
[2026-07-08 02:28:08] 测速进度: 920/1290 (有效: 115)
[2026-07-08 02:28:10] 测速进度: 930/1290 (有效: 115)
[2026-07-08 02:28:10] 测速进度: 940/1290 (有效: 115)
[2026-07-08 02:28:10] 测速进度: 950/1290 (有效: 115)
[2026-07-08 02:28:12] 测速进度: 960/1290 (有效: 115)
[2026-07-08 02:28:12] 测速进度: 970/1290 (有效: 115)
[2026-07-08 02:28:14] 测速进度: 980/1290 (有效: 115)
[2026-07-08 02:28:14] 测速进度: 990/1290 (有效: 115)
[2026-07-08 02:28:16] 测速进度: 1000/1290 (有效: 115)
[2026-07-08 02:28:16] 测速进度: 1010/1290 (有效: 115)
[2026-07-08 02:28:18] 测速进度: 1020/1290 (有效: 115)
[2026-07-08 02:28:20] 测速进度: 1030/1290 (有效: 115)
[2026-07-08 02:28:20] 测速进度: 1040/1290 (有效: 115)
[2026-07-08 02:28:22] 测速进度: 1050/1290 (有效: 115)
[2026-07-08 02:28:22] 测速进度: 1060/1290 (有效: 115)
[2026-07-08 02:28:24] 测速进度: 1070/1290 (有效: 115)
[2026-07-08 02:28:24] 测速进度: 1080/1290 (有效: 115)
[2026-07-08 02:28:26] 测速进度: 1090/1290 (有效: 115)
[2026-07-08 02:28:26] 测速进度: 1100/1290 (有效: 115)
[2026-07-08 02:28:26] 测速进度: 1110/1290 (有效: 115)
[2026-07-08 02:28:28] 测速进度: 1120/1290 (有效: 115)
[2026-07-08 02:28:28] 测速进度: 1130/1290 (有效: 115)
[2026-07-08 02:28:37] 测速进度: 1140/1290 (有效: 116)
[2026-07-08 02:28:38] 测速进度: 1150/1290 (有效: 116)
[2026-07-08 02:28:39] 测速进度: 1160/1290 (有效: 116)
[2026-07-08 02:28:40] 测速进度: 1170/1290 (有效: 116)
[2026-07-08 02:28:41] 测速进度: 1180/1290 (有效: 116)
[2026-07-08 02:28:43] 测速进度: 1190/1290 (有效: 118)
[2026-07-08 02:28:54] 测速进度: 1210/1290 (有效: 122)
[2026-07-08 02:28:55] 测速进度: 1220/1290 (有效: 122)
[2026-07-08 02:28:56] 测速进度: 1230/1290 (有效: 122)
[2026-07-08 02:28:58] 测速进度: 1240/1290 (有效: 122)
[2026-07-08 02:28:59] 测速进度: 1250/1290 (有效: 122)
[2026-07-08 02:29:09] 测速进度: 1270/1290 (有效: 129)
[2026-07-08 02:29:10] 测速进度: 1280/1290 (有效: 129)
[2026-07-08 02:29:18] 测速进度: 1290/1290 (有效: 132)
[2026-07-08 02:29:18] 测速完成: 132/1290 个有效源
[2026-07-08 02:29:18] 选中 Top 5 源:
[2026-07-08 02:29:18]   源1: 120.209.208.163:9003 (jsmpeg) 1.65MB/s
[2026-07-08 02:29:18]   源2: 112.27.5.218:9901 (txiptv) 1.44MB/s
[2026-07-08 02:29:18]   源3: 183.184.49.181:9003 (jsmpeg) 1.38MB/s
[2026-07-08 02:29:18]   源4: 183.184.48.204:9003 (jsmpeg) 1.38MB/s
[2026-07-08 02:29:18]   源5: 111.4.59.41:60901 (txiptv) 1.37MB/s
[2026-07-08 02:29:18] 抓取频道: 源1 120.209.208.163:9003 (jsmpeg)...
[2026-07-08 02:29:21] 抓取频道: 源2 112.27.5.218:9901 (txiptv)...
[2026-07-08 02:29:26] 抓取频道: 源3 183.184.49.181:9003 (jsmpeg)...
[2026-07-08 02:29:32] 抓取频道: 源4 183.184.48.204:9003 (jsmpeg)...
[2026-07-08 02:29:37] 抓取频道: 源5 111.4.59.41:60901 (txiptv)...
[2026-07-08 02:29:42] 远程源共抓取到 222 条频道记录
[2026-07-08 02:29:42] 📊 数据来源: 远程源
[2026-07-08 02:29:42]    M3U8: 53125 字节, TXT: 15862 字节
[2026-07-08 02:29:42] ✅ M3U8 已保存到 output.m3u8 (53125 字节)
[2026-07-08 02:29:42] ✅ TXT 已保存到 output.txt (15862 字节)
[2026-07-08 02:29:42] 🎉 更新完成!
[2026-07-08 23:48:06] ==================================================
[2026-07-08 23:48:06] IPTV 播放列表自动更新（远程源抓取 + 本地保存）
[2026-07-08 23:48:06] ==================================================
[2026-07-08 23:48:06] 抓取远程源 (第1次)...
[2026-07-08 23:48:06] ✅ 远程源获取成功，共 1301 个源
[2026-07-08 23:48:06] 开始测速 1301 个源...
[2026-07-08 23:48:08] 测速进度: 10/1301 (有效: 0)
[2026-07-08 23:48:11] 测速进度: 20/1301 (有效: 0)
[2026-07-08 23:48:11] 测速进度: 30/1301 (有效: 0)
[2026-07-08 23:48:15] 测速进度: 40/1301 (有效: 2)
[2026-07-08 23:48:17] 测速进度: 50/1301 (有效: 8)
[2026-07-08 23:48:22] 测速进度: 70/1301 (有效: 13)
[2026-07-08 23:48:24] 测速进度: 80/1301 (有效: 13)
[2026-07-08 23:48:27] 测速进度: 90/1301 (有效: 17)
[2026-07-08 23:48:29] 测速进度: 100/1301 (有效: 19)
[2026-07-08 23:48:33] 测速进度: 110/1301 (有效: 26)
[2026-07-08 23:48:37] 测速进度: 130/1301 (有效: 34)
[2026-07-08 23:48:39] 测速进度: 140/1301 (有效: 34)
[2026-07-08 23:48:39] 测速进度: 150/1301 (有效: 34)
[2026-07-08 23:48:41] 测速进度: 160/1301 (有效: 35)
[2026-07-08 23:48:43] 测速进度: 170/1301 (有效: 37)
[2026-07-08 23:48:50] 测速进度: 180/1301 (有效: 41)
[2026-07-08 23:48:52] 测速进度: 190/1301 (有效: 41)
[2026-07-08 23:48:53] 测速进度: 200/1301 (有效: 41)
[2026-07-08 23:48:54] 测速进度: 210/1301 (有效: 44)
[2026-07-08 23:48:56] 测速进度: 220/1301 (有效: 45)
[2026-07-08 23:48:59] 测速进度: 230/1301 (有效: 48)
[2026-07-08 23:49:05] 测速进度: 240/1301 (有效: 58)
[2026-07-08 23:49:06] 测速进度: 250/1301 (有效: 58)
[2026-07-08 23:49:07] 测速进度: 260/1301 (有效: 58)
[2026-07-08 23:49:10] 测速进度: 270/1301 (有效: 61)
[2026-07-08 23:49:13] 测速进度: 280/1301 (有效: 64)
[2026-07-08 23:49:16] 测速进度: 290/1301 (有效: 72)
[2026-07-08 23:49:22] 测速进度: 310/1301 (有效: 80)
[2026-07-08 23:49:23] 测速进度: 320/1301 (有效: 80)
[2026-07-08 23:49:25] 测速进度: 330/1301 (有效: 83)
[2026-07-08 23:49:27] 测速进度: 340/1301 (有效: 83)
[2026-07-08 23:49:28] 测速进度: 350/1301 (有效: 84)
[2026-07-08 23:49:37] 测速进度: 370/1301 (有效: 92)
[2026-07-08 23:49:38] 测速进度: 380/1301 (有效: 92)
[2026-07-08 23:49:39] 测速进度: 390/1301 (有效: 93)
[2026-07-08 23:49:40] 测速进度: 400/1301 (有效: 93)
[2026-07-08 23:49:42] 测速进度: 410/1301 (有效: 93)
[2026-07-08 23:49:50] 测速进度: 420/1301 (有效: 101)
[2026-07-08 23:49:51] 测速进度: 430/1301 (有效: 101)
[2026-07-08 23:49:52] 测速进度: 440/1301 (有效: 101)
[2026-07-08 23:49:52] 测速进度: 450/1301 (有效: 102)
[2026-07-08 23:49:55] 测速进度: 460/1301 (有效: 103)
[2026-07-08 23:49:57] 测速进度: 470/1301 (有效: 104)
[2026-07-08 23:50:00] 测速进度: 480/1301 (有效: 108)
[2026-07-08 23:50:01] 测速进度: 490/1301 (有效: 108)
[2026-07-08 23:50:01] 测速进度: 500/1301 (有效: 108)
[2026-07-08 23:50:02] 测速进度: 510/1301 (有效: 108)
[2026-07-08 23:50:05] 测速进度: 520/1301 (有效: 108)
[2026-07-08 23:50:06] 测速进度: 530/1301 (有效: 108)
[2026-07-08 23:50:13] 测速进度: 540/1301 (有效: 112)
[2026-07-08 23:50:14] 测速进度: 550/1301 (有效: 112)
[2026-07-08 23:50:18] 测速进度: 560/1301 (有效: 113)
[2026-07-08 23:50:18] 测速进度: 570/1301 (有效: 113)
[2026-07-08 23:50:20] 测速进度: 580/1301 (有效: 113)
[2026-07-08 23:50:23] 测速进度: 590/1301 (有效: 113)
[2026-07-08 23:50:28] 测速进度: 600/1301 (有效: 116)
[2026-07-08 23:50:28] 测速进度: 610/1301 (有效: 116)
[2026-07-08 23:50:28] 测速进度: 620/1301 (有效: 116)
[2026-07-08 23:50:28] 测速进度: 630/1301 (有效: 116)
[2026-07-08 23:50:28] 测速进度: 640/1301 (有效: 116)
[2026-07-08 23:50:29] 测速进度: 650/1301 (有效: 116)
[2026-07-08 23:50:33] 测速进度: 660/1301 (有效: 117)
[2026-07-08 23:50:33] 测速进度: 670/1301 (有效: 117)
[2026-07-08 23:50:33] 测速进度: 680/1301 (有效: 117)
[2026-07-08 23:50:33] 测速进度: 690/1301 (有效: 117)
[2026-07-08 23:50:33] 测速进度: 700/1301 (有效: 117)
[2026-07-08 23:50:33] 测速进度: 710/1301 (有效: 117)
[2026-07-08 23:50:33] 测速进度: 720/1301 (有效: 117)
[2026-07-08 23:50:33] 测速进度: 730/1301 (有效: 117)
[2026-07-08 23:50:33] 测速进度: 740/1301 (有效: 117)
[2026-07-08 23:50:33] 测速进度: 750/1301 (有效: 117)
[2026-07-08 23:50:33] 测速进度: 760/1301 (有效: 117)
[2026-07-08 23:50:33] 测速进度: 770/1301 (有效: 117)
[2026-07-08 23:50:33] 测速进度: 780/1301 (有效: 117)
[2026-07-08 23:50:33] 测速进度: 790/1301 (有效: 117)
[2026-07-08 23:50:33] 测速进度: 800/1301 (有效: 117)
[2026-07-08 23:50:33] 测速进度: 810/1301 (有效: 117)
[2026-07-08 23:50:33] 测速进度: 820/1301 (有效: 117)
[2026-07-08 23:50:33] 测速进度: 830/1301 (有效: 117)
[2026-07-08 23:50:33] 测速进度: 840/1301 (有效: 117)
[2026-07-08 23:50:33] 测速进度: 850/1301 (有效: 117)
[2026-07-08 23:50:33] 测速进度: 860/1301 (有效: 117)
[2026-07-08 23:50:33] 测速进度: 870/1301 (有效: 117)
[2026-07-08 23:50:33] 测速进度: 880/1301 (有效: 117)
[2026-07-08 23:50:33] 测速进度: 890/1301 (有效: 117)
[2026-07-08 23:50:35] 测速进度: 900/1301 (有效: 117)
[2026-07-08 23:50:37] 测速进度: 910/1301 (有效: 117)
[2026-07-08 23:50:37] 测速进度: 920/1301 (有效: 117)
[2026-07-08 23:50:39] 测速进度: 930/1301 (有效: 117)
[2026-07-08 23:50:39] 测速进度: 940/1301 (有效: 117)
[2026-07-08 23:50:39] 测速进度: 950/1301 (有效: 117)
[2026-07-08 23:50:41] 测速进度: 960/1301 (有效: 117)
[2026-07-08 23:50:43] 测速进度: 970/1301 (有效: 117)
[2026-07-08 23:50:43] 测速进度: 980/1301 (有效: 117)
[2026-07-08 23:50:43] 测速进度: 990/1301 (有效: 117)
[2026-07-08 23:50:45] 测速进度: 1000/1301 (有效: 117)
[2026-07-08 23:50:45] 测速进度: 1010/1301 (有效: 117)
[2026-07-08 23:50:47] 测速进度: 1020/1301 (有效: 117)
[2026-07-08 23:50:49] 测速进度: 1030/1301 (有效: 117)
[2026-07-08 23:50:49] 测速进度: 1040/1301 (有效: 117)
[2026-07-08 23:50:49] 测速进度: 1050/1301 (有效: 117)
[2026-07-08 23:50:51] 测速进度: 1060/1301 (有效: 117)
[2026-07-08 23:50:51] 测速进度: 1070/1301 (有效: 117)
[2026-07-08 23:50:53] 测速进度: 1080/1301 (有效: 117)
[2026-07-08 23:50:55] 测速进度: 1090/1301 (有效: 117)
[2026-07-08 23:50:55] 测速进度: 1100/1301 (有效: 117)
[2026-07-08 23:50:57] 测速进度: 1110/1301 (有效: 117)
[2026-07-08 23:50:57] 测速进度: 1120/1301 (有效: 117)
[2026-07-08 23:50:57] 测速进度: 1130/1301 (有效: 117)
[2026-07-08 23:50:59] 测速进度: 1140/1301 (有效: 117)
[2026-07-08 23:51:01] 测速进度: 1150/1301 (有效: 117)
[2026-07-08 23:51:01] 测速进度: 1160/1301 (有效: 117)
[2026-07-08 23:51:03] 测速进度: 1170/1301 (有效: 117)
[2026-07-08 23:51:03] 测速进度: 1180/1301 (有效: 117)
[2026-07-08 23:51:05] 测速进度: 1190/1301 (有效: 118)
[2026-07-08 23:51:11] 测速进度: 1200/1301 (有效: 124)
[2026-07-08 23:51:13] 测速进度: 1210/1301 (有效: 124)
[2026-07-08 23:51:14] 测速进度: 1220/1301 (有效: 124)
[2026-07-08 23:51:16] 测速进度: 1230/1301 (有效: 125)
[2026-07-08 23:51:18] 测速进度: 1240/1301 (有效: 126)
[2026-07-08 23:51:19] 测速进度: 1250/1301 (有效: 126)
[2026-07-08 23:51:25] 测速进度: 1260/1301 (有效: 135)
[2026-07-08 23:51:27] 测速进度: 1270/1301 (有效: 135)
[2026-07-08 23:51:28] 测速进度: 1280/1301 (有效: 135)
[2026-07-08 23:51:29] 测速进度: 1290/1301 (有效: 135)
[2026-07-08 23:51:34] 测速进度: 1300/1301 (有效: 136)
[2026-07-08 23:51:37] 测速进度: 1301/1301 (有效: 137)
[2026-07-08 23:51:37] 测速完成: 137/1301 个有效源
[2026-07-08 23:51:37] 选中 Top 5 源:
[2026-07-08 23:51:37]   源1: 39.150.98.32:37799 (txiptv) 1.88MB/s
[2026-07-08 23:51:37]   源2: 112.27.5.218:9901 (txiptv) 1.87MB/s
[2026-07-08 23:51:37]   源3: 223.78.65.165:9901 (txiptv) 1.86MB/s
[2026-07-08 23:51:37]   源4: 42.227.88.125:9003 (jsmpeg) 1.70MB/s
[2026-07-08 23:51:37]   源5: 61.138.99.166:10080 (zhgxtv) 1.41MB/s
[2026-07-08 23:51:37] 抓取频道: 源1 39.150.98.32:37799 (txiptv)...
[2026-07-08 23:51:41] 抓取频道: 源2 112.27.5.218:9901 (txiptv)...
[2026-07-08 23:51:44] 抓取频道: 源3 223.78.65.165:9901 (txiptv)...
[2026-07-08 23:51:48] 抓取频道: 源4 42.227.88.125:9003 (jsmpeg)...
[2026-07-08 23:51:53] 抓取频道: 源5 61.138.99.166:10080 (zhgxtv)...
[2026-07-08 23:51:54] 远程源共抓取到 329 条频道记录
[2026-07-08 23:51:54] 📊 数据来源: 远程源
[2026-07-08 23:51:54]    M3U8: 80918 字节, TXT: 24746 字节
[2026-07-08 23:51:54] ✅ M3U8 已保存到 output.m3u8 (80918 字节)
[2026-07-08 23:51:54] ✅ TXT 已保存到 output.txt (24746 字节)
[2026-07-08 23:51:54] 🎉 更新完成!
[2026-07-09 23:08:07] ==================================================
[2026-07-09 23:08:07] IPTV 播放列表自动更新（远程源抓取 + 本地保存）
[2026-07-09 23:08:07] ==================================================
[2026-07-09 23:08:07] 抓取远程源 (第1次)...
[2026-07-09 23:08:07] ✅ 远程源获取成功，共 1298 个源
[2026-07-09 23:08:07] 开始测速 1298 个源...
[2026-07-09 23:08:09] 测速进度: 10/1298 (有效: 0)
[2026-07-09 23:08:12] 测速进度: 20/1298 (有效: 3)
[2026-07-09 23:08:13] 测速进度: 30/1298 (有效: 3)
[2026-07-09 23:08:15] 测速进度: 40/1298 (有效: 4)
[2026-07-09 23:08:17] 测速进度: 50/1298 (有效: 10)
[2026-07-09 23:08:24] 测速进度: 70/1298 (有效: 14)
[2026-07-09 23:08:25] 测速进度: 80/1298 (有效: 14)
[2026-07-09 23:08:27] 测速进度: 90/1298 (有效: 15)
[2026-07-09 23:08:28] 测速进度: 100/1298 (有效: 17)
[2026-07-09 23:08:30] 测速进度: 110/1298 (有效: 19)
[2026-07-09 23:08:36] 测速进度: 120/1298 (有效: 29)
[2026-07-09 23:08:38] 测速进度: 130/1298 (有效: 29)
[2026-07-09 23:08:38] 测速进度: 140/1298 (有效: 29)
[2026-07-09 23:08:40] 测速进度: 150/1298 (有效: 30)
[2026-07-09 23:08:40] 测速进度: 160/1298 (有效: 30)
[2026-07-09 23:08:41] 测速进度: 170/1298 (有效: 31)
[2026-07-09 23:08:49] 测速进度: 180/1298 (有效: 36)
[2026-07-09 23:08:51] 测速进度: 190/1298 (有效: 36)
[2026-07-09 23:08:52] 测速进度: 200/1298 (有效: 36)
[2026-07-09 23:08:54] 测速进度: 210/1298 (有效: 40)
[2026-07-09 23:08:55] 测速进度: 220/1298 (有效: 42)
[2026-07-09 23:08:57] 测速进度: 230/1298 (有效: 46)
[2026-07-09 23:09:05] 测速进度: 250/1298 (有效: 55)
[2026-07-09 23:09:07] 测速进度: 260/1298 (有效: 56)
[2026-07-09 23:09:09] 测速进度: 270/1298 (有效: 56)
[2026-07-09 23:09:10] 测速进度: 280/1298 (有效: 59)
[2026-07-09 23:09:13] 测速进度: 290/1298 (有效: 64)
[2026-07-09 23:09:19] 测速进度: 300/1298 (有效: 74)
[2026-07-09 23:09:21] 测速进度: 310/1298 (有效: 74)
[2026-07-09 23:09:22] 测速进度: 320/1298 (有效: 75)
[2026-07-09 23:09:23] 测速进度: 330/1298 (有效: 75)
[2026-07-09 23:09:24] 测速进度: 340/1298 (有效: 77)
[2026-07-09 23:09:26] 测速进度: 350/1298 (有效: 77)
[2026-07-09 23:09:35] 测速进度: 370/1298 (有效: 83)
[2026-07-09 23:09:37] 测速进度: 380/1298 (有效: 83)
[2026-07-09 23:09:37] 测速进度: 390/1298 (有效: 83)
[2026-07-09 23:09:38] 测速进度: 400/1298 (有效: 83)
[2026-07-09 23:09:42] 测速进度: 410/1298 (有效: 84)
[2026-07-09 23:09:46] 测速进度: 420/1298 (有效: 92)
[2026-07-09 23:09:47] 测速进度: 430/1298 (有效: 92)
[2026-07-09 23:09:48] 测速进度: 440/1298 (有效: 93)
[2026-07-09 23:09:51] 测速进度: 450/1298 (有效: 93)
[2026-07-09 23:09:52] 测速进度: 460/1298 (有效: 93)
[2026-07-09 23:09:53] 测速进度: 470/1298 (有效: 93)
[2026-07-09 23:09:57] 测速进度: 480/1298 (有效: 95)
[2026-07-09 23:09:59] 测速进度: 490/1298 (有效: 95)
[2026-07-09 23:10:02] 测速进度: 500/1298 (有效: 95)
[2026-07-09 23:10:03] 测速进度: 510/1298 (有效: 95)
[2026-07-09 23:10:03] 测速进度: 520/1298 (有效: 95)
[2026-07-09 23:10:07] 测速进度: 530/1298 (有效: 97)
[2026-07-09 23:10:12] 测速进度: 540/1298 (有效: 100)
[2026-07-09 23:10:17] 测速进度: 550/1298 (有效: 100)
[2026-07-09 23:10:17] 测速进度: 560/1298 (有效: 100)
[2026-07-09 23:10:18] 测速进度: 570/1298 (有效: 100)
[2026-07-09 23:10:19] 测速进度: 580/1298 (有效: 100)
[2026-07-09 23:10:22] 测速进度: 590/1298 (有效: 102)
[2026-07-09 23:10:24] 测速进度: 600/1298 (有效: 102)
[2026-07-09 23:10:24] 测速进度: 610/1298 (有效: 102)
[2026-07-09 23:10:24] 测速进度: 620/1298 (有效: 102)
[2026-07-09 23:10:24] 测速进度: 630/1298 (有效: 102)
[2026-07-09 23:10:24] 测速进度: 640/1298 (有效: 102)
[2026-07-09 23:10:24] 测速进度: 650/1298 (有效: 102)
[2026-07-09 23:10:25] 测速进度: 660/1298 (有效: 102)
[2026-07-09 23:10:25] 测速进度: 670/1298 (有效: 102)
[2026-07-09 23:10:25] 测速进度: 680/1298 (有效: 102)
[2026-07-09 23:10:25] 测速进度: 690/1298 (有效: 102)
[2026-07-09 23:10:25] 测速进度: 700/1298 (有效: 102)
[2026-07-09 23:10:25] 测速进度: 710/1298 (有效: 102)
[2026-07-09 23:10:25] 测速进度: 720/1298 (有效: 102)
[2026-07-09 23:10:25] 测速进度: 730/1298 (有效: 102)
[2026-07-09 23:10:25] 测速进度: 740/1298 (有效: 102)
[2026-07-09 23:10:25] 测速进度: 750/1298 (有效: 102)
[2026-07-09 23:10:25] 测速进度: 760/1298 (有效: 102)
[2026-07-09 23:10:25] 测速进度: 770/1298 (有效: 102)
[2026-07-09 23:10:25] 测速进度: 780/1298 (有效: 102)
[2026-07-09 23:10:25] 测速进度: 790/1298 (有效: 102)
[2026-07-09 23:10:25] 测速进度: 800/1298 (有效: 102)
[2026-07-09 23:10:25] 测速进度: 810/1298 (有效: 102)
[2026-07-09 23:10:25] 测速进度: 820/1298 (有效: 102)
[2026-07-09 23:10:25] 测速进度: 830/1298 (有效: 102)
[2026-07-09 23:10:25] 测速进度: 840/1298 (有效: 102)
[2026-07-09 23:10:25] 测速进度: 850/1298 (有效: 102)
[2026-07-09 23:10:25] 测速进度: 860/1298 (有效: 102)
[2026-07-09 23:10:25] 测速进度: 870/1298 (有效: 102)
[2026-07-09 23:10:25] 测速进度: 880/1298 (有效: 102)
[2026-07-09 23:10:27] 测速进度: 890/1298 (有效: 102)
[2026-07-09 23:10:27] 测速进度: 900/1298 (有效: 102)
[2026-07-09 23:10:29] 测速进度: 910/1298 (有效: 102)
[2026-07-09 23:10:29] 测速进度: 920/1298 (有效: 102)
[2026-07-09 23:10:31] 测速进度: 930/1298 (有效: 102)
[2026-07-09 23:10:31] 测速进度: 940/1298 (有效: 102)
[2026-07-09 23:10:31] 测速进度: 950/1298 (有效: 102)
[2026-07-09 23:10:33] 测速进度: 960/1298 (有效: 102)
[2026-07-09 23:10:35] 测速进度: 970/1298 (有效: 102)
[2026-07-09 23:10:35] 测速进度: 980/1298 (有效: 102)
[2026-07-09 23:10:36] 测速进度: 990/1298 (有效: 102)
[2026-07-09 23:10:37] 测速进度: 1000/1298 (有效: 102)
[2026-07-09 23:10:37] 测速进度: 1010/1298 (有效: 102)
[2026-07-09 23:10:39] 测速进度: 1020/1298 (有效: 102)
[2026-07-09 23:10:41] 测速进度: 1030/1298 (有效: 102)
[2026-07-09 23:10:41] 测速进度: 1040/1298 (有效: 102)
[2026-07-09 23:10:43] 测速进度: 1050/1298 (有效: 102)
[2026-07-09 23:10:43] 测速进度: 1060/1298 (有效: 102)
[2026-07-09 23:10:43] 测速进度: 1070/1298 (有效: 102)
[2026-07-09 23:10:45] 测速进度: 1080/1298 (有效: 102)
[2026-07-09 23:10:47] 测速进度: 1090/1298 (有效: 102)
[2026-07-09 23:10:47] 测速进度: 1100/1298 (有效: 102)
[2026-07-09 23:10:49] 测速进度: 1110/1298 (有效: 102)
[2026-07-09 23:10:49] 测速进度: 1120/1298 (有效: 102)
[2026-07-09 23:10:50] 测速进度: 1130/1298 (有效: 102)
[2026-07-09 23:10:51] 测速进度: 1140/1298 (有效: 102)
[2026-07-09 23:10:52] 测速进度: 1150/1298 (有效: 102)
[2026-07-09 23:10:53] 测速进度: 1160/1298 (有效: 102)
[2026-07-09 23:10:55] 测速进度: 1170/1298 (有效: 104)
[2026-07-09 23:10:56] 测速进度: 1180/1298 (有效: 104)
[2026-07-09 23:10:57] 测速进度: 1190/1298 (有效: 104)
[2026-07-09 23:11:06] 测速进度: 1200/1298 (有效: 110)
[2026-07-09 23:11:08] 测速进度: 1210/1298 (有效: 110)
[2026-07-09 23:11:08] 测速进度: 1220/1298 (有效: 110)
[2026-07-09 23:11:10] 测速进度: 1230/1298 (有效: 110)
[2026-07-09 23:11:11] 测速进度: 1240/1298 (有效: 110)
[2026-07-09 23:11:13] 测速进度: 1250/1298 (有效: 110)
[2026-07-09 23:11:20] 测速进度: 1260/1298 (有效: 118)
[2026-07-09 23:11:22] 测速进度: 1270/1298 (有效: 118)
[2026-07-09 23:11:22] 测速进度: 1280/1298 (有效: 118)
[2026-07-09 23:11:24] 测速进度: 1290/1298 (有效: 118)
[2026-07-09 23:11:32] 测速进度: 1298/1298 (有效: 120)
[2026-07-09 23:11:32] 测速完成: 120/1298 个有效源
[2026-07-09 23:11:32] 选中 Top 5 源:
[2026-07-09 23:11:32]   源1: 111.4.59.41:60901 (txiptv) 1.80MB/s
[2026-07-09 23:11:32]   源2: 39.150.98.32:37799 (txiptv) 1.77MB/s
[2026-07-09 23:11:32]   源3: 223.78.65.165:9901 (txiptv) 1.77MB/s
[2026-07-09 23:11:32]   源4: 42.227.88.125:9003 (jsmpeg) 1.52MB/s
[2026-07-09 23:11:32]   源5: 182.140.125.47:808 (zhgxtv) 1.24MB/s
[2026-07-09 23:11:32] 抓取频道: 源1 111.4.59.41:60901 (txiptv)...
[2026-07-09 23:11:36] 抓取频道: 源2 39.150.98.32:37799 (txiptv)...
[2026-07-09 23:11:40] 抓取频道: 源3 223.78.65.165:9901 (txiptv)...
[2026-07-09 23:11:44] 抓取频道: 源4 42.227.88.125:9003 (jsmpeg)...
[2026-07-09 23:11:49] 抓取频道: 源5 182.140.125.47:808 (zhgxtv)...
[2026-07-09 23:11:50] 远程源共抓取到 244 条频道记录
[2026-07-09 23:11:50] 📊 数据来源: 远程源
[2026-07-09 23:11:50]    M3U8: 59493 字节, TXT: 18296 字节
[2026-07-09 23:11:50] ✅ M3U8 已保存到 output.m3u8 (59493 字节)
[2026-07-09 23:11:50] ✅ TXT 已保存到 output.txt (18296 字节)
[2026-07-09 23:11:50] 🎉 更新完成!
[2026-07-10 23:47:07] ==================================================
[2026-07-10 23:47:07] IPTV 播放列表自动更新（远程源抓取 + 本地保存）
[2026-07-10 23:47:07] ==================================================
[2026-07-10 23:47:07] 抓取远程源 (第1次)...
[2026-07-10 23:47:08] ✅ 远程源获取成功，共 1297 个源
[2026-07-10 23:47:08] 开始测速 1297 个源...
[2026-07-10 23:47:08] 测速进度: 10/1297 (有效: 0)
[2026-07-10 23:47:12] 测速进度: 20/1297 (有效: 3)
[2026-07-10 23:47:13] 测速进度: 30/1297 (有效: 3)
[2026-07-10 23:47:17] 测速进度: 40/1297 (有效: 6)
[2026-07-10 23:47:18] 测速进度: 50/1297 (有效: 13)
[2026-07-10 23:47:25] 测速进度: 70/1297 (有效: 19)
[2026-07-10 23:47:26] 测速进度: 80/1297 (有效: 20)
[2026-07-10 23:47:28] 测速进度: 90/1297 (有效: 20)
[2026-07-10 23:47:29] 测速进度: 100/1297 (有效: 21)
[2026-07-10 23:47:30] 测速进度: 110/1297 (有效: 23)
[2026-07-10 23:47:40] 测速进度: 130/1297 (有效: 29)
[2026-07-10 23:47:40] 测速进度: 140/1297 (有效: 29)
[2026-07-10 23:47:42] 测速进度: 150/1297 (有效: 29)
[2026-07-10 23:47:44] 测速进度: 160/1297 (有效: 29)
[2026-07-10 23:47:45] 测速进度: 170/1297 (有效: 30)
[2026-07-10 23:47:55] 测速进度: 190/1297 (有效: 37)
[2026-07-10 23:47:57] 测速进度: 200/1297 (有效: 38)
[2026-07-10 23:47:57] 测速进度: 210/1297 (有效: 40)
[2026-07-10 23:47:59] 测速进度: 220/1297 (有效: 42)
[2026-07-10 23:48:00] 测速进度: 230/1297 (有效: 45)
[2026-07-10 23:48:08] 测速进度: 240/1297 (有效: 55)
[2026-07-10 23:48:10] 测速进度: 250/1297 (有效: 55)
[2026-07-10 23:48:10] 测速进度: 260/1297 (有效: 56)
[2026-07-10 23:48:12] 测速进度: 270/1297 (有效: 57)
[2026-07-10 23:48:14] 测速进度: 280/1297 (有效: 62)
[2026-07-10 23:48:16] 测速进度: 290/1297 (有效: 64)
[2026-07-10 23:48:25] 测速进度: 310/1297 (有效: 71)
[2026-07-10 23:48:25] 测速进度: 320/1297 (有效: 71)
[2026-07-10 23:48:27] 测速进度: 330/1297 (有效: 71)
[2026-07-10 23:48:27] 测速进度: 340/1297 (有效: 72)
[2026-07-10 23:48:32] 测速进度: 350/1297 (有效: 72)
[2026-07-10 23:48:38] 测速进度: 370/1297 (有效: 80)
[2026-07-10 23:48:39] 测速进度: 380/1297 (有效: 80)
[2026-07-10 23:48:40] 测速进度: 390/1297 (有效: 80)
[2026-07-10 23:48:42] 测速进度: 400/1297 (有效: 80)
[2026-07-10 23:48:45] 测速进度: 410/1297 (有效: 81)
[2026-07-10 23:48:50] 测速进度: 420/1297 (有效: 87)
[2026-07-10 23:48:50] 测速进度: 430/1297 (有效: 87)
[2026-07-10 23:48:52] 测速进度: 440/1297 (有效: 88)
[2026-07-10 23:48:55] 测速进度: 450/1297 (有效: 88)
[2026-07-10 23:48:57] 测速进度: 460/1297 (有效: 88)
[2026-07-10 23:49:00] 测速进度: 470/1297 (有效: 89)
[2026-07-10 23:49:05] 测速进度: 490/1297 (有效: 90)
[2026-07-10 23:49:06] 测速进度: 500/1297 (有效: 90)
[2026-07-10 23:49:10] 测速进度: 510/1297 (有效: 90)
[2026-07-10 23:49:11] 测速进度: 520/1297 (有效: 90)
[2026-07-10 23:49:15] 测速进度: 530/1297 (有效: 91)
[2026-07-10 23:49:15] 测速进度: 540/1297 (有效: 93)
[2026-07-10 23:49:16] 测速进度: 550/1297 (有效: 93)
[2026-07-10 23:49:19] 测速进度: 560/1297 (有效: 93)
[2026-07-10 23:49:20] 测速进度: 570/1297 (有效: 93)
[2026-07-10 23:49:20] 测速进度: 580/1297 (有效: 93)
[2026-07-10 23:49:21] 测速进度: 590/1297 (有效: 93)
[2026-07-10 23:49:28] 测速进度: 600/1297 (有效: 97)
[2026-07-10 23:49:28] 测速进度: 610/1297 (有效: 97)
[2026-07-10 23:49:28] 测速进度: 620/1297 (有效: 97)
[2026-07-10 23:49:28] 测速进度: 630/1297 (有效: 97)
[2026-07-10 23:49:28] 测速进度: 640/1297 (有效: 97)
[2026-07-10 23:49:28] 测速进度: 650/1297 (有效: 97)
[2026-07-10 23:49:28] 测速进度: 660/1297 (有效: 97)
[2026-07-10 23:49:28] 测速进度: 670/1297 (有效: 97)
[2026-07-10 23:49:28] 测速进度: 680/1297 (有效: 97)
[2026-07-10 23:49:28] 测速进度: 690/1297 (有效: 97)
[2026-07-10 23:49:28] 测速进度: 700/1297 (有效: 97)
[2026-07-10 23:49:28] 测速进度: 710/1297 (有效: 97)
[2026-07-10 23:49:28] 测速进度: 720/1297 (有效: 97)
[2026-07-10 23:49:28] 测速进度: 730/1297 (有效: 97)
[2026-07-10 23:49:28] 测速进度: 740/1297 (有效: 97)
[2026-07-10 23:49:28] 测速进度: 750/1297 (有效: 97)
[2026-07-10 23:49:28] 测速进度: 760/1297 (有效: 97)
[2026-07-10 23:49:28] 测速进度: 770/1297 (有效: 97)
[2026-07-10 23:49:28] 测速进度: 780/1297 (有效: 97)
[2026-07-10 23:49:28] 测速进度: 790/1297 (有效: 97)
[2026-07-10 23:49:28] 测速进度: 800/1297 (有效: 97)
[2026-07-10 23:49:28] 测速进度: 810/1297 (有效: 97)
[2026-07-10 23:49:28] 测速进度: 820/1297 (有效: 97)
[2026-07-10 23:49:28] 测速进度: 830/1297 (有效: 97)
[2026-07-10 23:49:28] 测速进度: 840/1297 (有效: 97)
[2026-07-10 23:49:28] 测速进度: 850/1297 (有效: 97)
[2026-07-10 23:49:28] 测速进度: 860/1297 (有效: 97)
[2026-07-10 23:49:28] 测速进度: 870/1297 (有效: 97)
[2026-07-10 23:49:30] 测速进度: 880/1297 (有效: 97)
[2026-07-10 23:49:30] 测速进度: 890/1297 (有效: 97)
[2026-07-10 23:49:32] 测速进度: 900/1297 (有效: 97)
[2026-07-10 23:49:34] 测速进度: 910/1297 (有效: 97)
[2026-07-10 23:49:34] 测速进度: 920/1297 (有效: 97)
[2026-07-10 23:49:36] 测速进度: 930/1297 (有效: 97)
[2026-07-10 23:49:36] 测速进度: 940/1297 (有效: 97)
[2026-07-10 23:49:36] 测速进度: 950/1297 (有效: 97)
[2026-07-10 23:49:38] 测速进度: 960/1297 (有效: 97)
[2026-07-10 23:49:39] 测速进度: 970/1297 (有效: 97)
[2026-07-10 23:49:40] 测速进度: 980/1297 (有效: 97)
[2026-07-10 23:49:40] 测速进度: 990/1297 (有效: 97)
[2026-07-10 23:49:42] 测速进度: 1000/1297 (有效: 97)
[2026-07-10 23:49:42] 测速进度: 1010/1297 (有效: 97)
[2026-07-10 23:49:44] 测速进度: 1020/1297 (有效: 97)
[2026-07-10 23:49:46] 测速进度: 1030/1297 (有效: 97)
[2026-07-10 23:49:46] 测速进度: 1040/1297 (有效: 97)
[2026-07-10 23:49:48] 测速进度: 1050/1297 (有效: 97)
[2026-07-10 23:49:48] 测速进度: 1060/1297 (有效: 97)
[2026-07-10 23:49:50] 测速进度: 1070/1297 (有效: 97)
[2026-07-10 23:49:50] 测速进度: 1080/1297 (有效: 97)
[2026-07-10 23:49:52] 测速进度: 1090/1297 (有效: 97)
[2026-07-10 23:49:52] 测速进度: 1100/1297 (有效: 97)
[2026-07-10 23:49:54] 测速进度: 1110/1297 (有效: 97)
[2026-07-10 23:49:54] 测速进度: 1120/1297 (有效: 97)
[2026-07-10 23:49:54] 测速进度: 1130/1297 (有效: 97)
[2026-07-10 23:50:03] 测速进度: 1140/1297 (有效: 99)
[2026-07-10 23:50:05] 测速进度: 1150/1297 (有效: 99)
[2026-07-10 23:50:06] 测速进度: 1160/1297 (有效: 99)
[2026-07-10 23:50:06] 测速进度: 1170/1297 (有效: 99)
[2026-07-10 23:50:08] 测速进度: 1180/1297 (有效: 99)
[2026-07-10 23:50:09] 测速进度: 1190/1297 (有效: 100)
[2026-07-10 23:50:21] 测速进度: 1210/1297 (有效: 106)
[2026-07-10 23:50:21] 测速进度: 1220/1297 (有效: 106)
[2026-07-10 23:50:22] 测速进度: 1230/1297 (有效: 106)
[2026-07-10 23:50:23] 测速进度: 1240/1297 (有效: 106)
[2026-07-10 23:50:25] 测速进度: 1250/1297 (有效: 106)
[2026-07-10 23:50:36] 测速进度: 1270/1297 (有效: 107)
[2026-07-10 23:50:36] 测速进度: 1280/1297 (有效: 107)
[2026-07-10 23:50:38] 测速进度: 1290/1297 (有效: 107)
[2026-07-10 23:50:45] 测速进度: 1297/1297 (有效: 108)
[2026-07-10 23:50:45] 测速完成: 108/1297 个有效源
[2026-07-10 23:50:45] 选中 Top 5 源:
[2026-07-10 23:50:45]   源1: 223.78.65.165:9901 (txiptv) 1.89MB/s
[2026-07-10 23:50:45]   源2: 112.27.5.218:9901 (txiptv) 1.80MB/s
[2026-07-10 23:50:45]   源3: 39.150.98.32:37799 (txiptv) 1.77MB/s
[2026-07-10 23:50:45]   源4: 221.205.211.104:9003 (jsmpeg) 1.69MB/s
[2026-07-10 23:50:45]   源5: 223.84.217.112:799 (zhgxtv) 1.33MB/s
[2026-07-10 23:50:45] 抓取频道: 源1 223.78.65.165:9901 (txiptv)...
[2026-07-10 23:50:48] 抓取频道: 源2 112.27.5.218:9901 (txiptv)...
[2026-07-10 23:50:53] 抓取频道: 源3 39.150.98.32:37799 (txiptv)...
[2026-07-10 23:50:57] 抓取频道: 源4 221.205.211.104:9003 (jsmpeg)...
[2026-07-10 23:51:01] 抓取频道: 源5 223.84.217.112:799 (zhgxtv)...
[2026-07-10 23:51:04] 远程源共抓取到 356 条频道记录
[2026-07-10 23:51:04] 📊 数据来源: 远程源
[2026-07-10 23:51:04]    M3U8: 87418 字节, TXT: 27287 字节
[2026-07-10 23:51:04] ✅ M3U8 已保存到 output.m3u8 (87418 字节)
[2026-07-10 23:51:04] ✅ TXT 已保存到 output.txt (27287 字节)
[2026-07-10 23:51:04] 🎉 更新完成!
[2026-07-11 01:26:35] ==================================================
[2026-07-11 01:26:35] IPTV 播放列表自动更新（远程源抓取 + 本地保存）
[2026-07-11 01:26:35] ==================================================
[2026-07-11 01:26:35] 抓取远程源 (第1次)...
[2026-07-11 01:26:35] ✅ 远程源获取成功，共 1302 个源
[2026-07-11 01:26:35] 开始测速 1302 个源...
[2026-07-11 01:26:36] 测速进度: 10/1302 (有效: 0)
[2026-07-11 01:26:40] 测速进度: 20/1302 (有效: 1)
[2026-07-11 01:26:41] 测速进度: 30/1302 (有效: 2)
[2026-07-11 01:26:42] 测速进度: 40/1302 (有效: 6)
[2026-07-11 01:26:46] 测速进度: 50/1302 (有效: 13)
[2026-07-11 01:26:52] 测速进度: 70/1302 (有效: 18)
[2026-07-11 01:26:52] 测速进度: 80/1302 (有效: 18)
[2026-07-11 01:26:54] 测速进度: 90/1302 (有效: 19)
[2026-07-11 01:26:56] 测速进度: 100/1302 (有效: 21)
[2026-07-11 01:26:58] 测速进度: 110/1302 (有效: 22)
[2026-07-11 01:27:05] 测速进度: 120/1302 (有效: 32)
[2026-07-11 01:27:07] 测速进度: 130/1302 (有效: 32)
[2026-07-11 01:27:08] 测速进度: 140/1302 (有效: 32)
[2026-07-11 01:27:09] 测速进度: 150/1302 (有效: 32)
[2026-07-11 01:27:10] 测速进度: 160/1302 (有效: 32)
[2026-07-11 01:27:11] 测速进度: 170/1302 (有效: 33)
[2026-07-11 01:27:22] 测速进度: 190/1302 (有效: 40)
[2026-07-11 01:27:23] 测速进度: 200/1302 (有效: 40)
[2026-07-11 01:27:25] 测速进度: 210/1302 (有效: 42)
[2026-07-11 01:27:26] 测速进度: 220/1302 (有效: 44)
[2026-07-11 01:27:27] 测速进度: 230/1302 (有效: 47)
[2026-07-11 01:27:35] 测速进度: 240/1302 (有效: 57)
[2026-07-11 01:27:37] 测速进度: 250/1302 (有效: 57)
[2026-07-11 01:27:37] 测速进度: 260/1302 (有效: 57)
[2026-07-11 01:27:39] 测速进度: 270/1302 (有效: 58)
[2026-07-11 01:27:41] 测速进度: 280/1302 (有效: 64)
[2026-07-11 01:27:43] 测速进度: 290/1302 (有效: 65)
[2026-07-11 01:27:52] 测速进度: 310/1302 (有效: 72)
[2026-07-11 01:27:52] 测速进度: 320/1302 (有效: 72)
[2026-07-11 01:27:53] 测速进度: 330/1302 (有效: 73)
[2026-07-11 01:27:54] 测速进度: 340/1302 (有效: 73)
[2026-07-11 01:27:56] 测速进度: 350/1302 (有效: 73)
[2026-07-11 01:28:04] 测速进度: 360/1302 (有效: 80)
[2026-07-11 01:28:04] 测速进度: 370/1302 (有效: 80)
[2026-07-11 01:28:05] 测速进度: 380/1302 (有效: 80)
[2026-07-11 01:28:06] 测速进度: 390/1302 (有效: 80)
[2026-07-11 01:28:07] 测速进度: 400/1302 (有效: 80)
[2026-07-11 01:28:10] 测速进度: 410/1302 (有效: 81)
[2026-07-11 01:28:16] 测速进度: 420/1302 (有效: 87)
[2026-07-11 01:28:17] 测速进度: 430/1302 (有效: 87)
[2026-07-11 01:28:17] 测速进度: 440/1302 (有效: 88)
[2026-07-11 01:28:21] 测速进度: 450/1302 (有效: 88)
[2026-07-11 01:28:22] 测速进度: 460/1302 (有效: 88)
[2026-07-11 01:28:26] 测速进度: 470/1302 (有效: 89)
[2026-07-11 01:28:31] 测速进度: 480/1302 (有效: 91)
[2026-07-11 01:28:31] 测速进度: 490/1302 (有效: 91)
[2026-07-11 01:28:32] 测速进度: 500/1302 (有效: 91)
[2026-07-11 01:28:36] 测速进度: 510/1302 (有效: 92)
[2026-07-11 01:28:37] 测速进度: 520/1302 (有效: 92)
[2026-07-11 01:28:41] 测速进度: 530/1302 (有效: 94)
[2026-07-11 01:28:42] 测速进度: 540/1302 (有效: 96)
[2026-07-11 01:28:43] 测速进度: 550/1302 (有效: 96)
[2026-07-11 01:28:44] 测速进度: 560/1302 (有效: 96)
[2026-07-11 01:28:47] 测速进度: 570/1302 (有效: 96)
[2026-07-11 01:28:47] 测速进度: 580/1302 (有效: 96)
[2026-07-11 01:28:48] 测速进度: 590/1302 (有效: 96)
[2026-07-11 01:28:54] 测速进度: 600/1302 (有效: 99)
[2026-07-11 01:28:54] 测速进度: 610/1302 (有效: 99)
[2026-07-11 01:28:54] 测速进度: 620/1302 (有效: 99)
[2026-07-11 01:28:54] 测速进度: 630/1302 (有效: 99)
[2026-07-11 01:28:54] 测速进度: 640/1302 (有效: 99)
[2026-07-11 01:28:54] 测速进度: 650/1302 (有效: 99)
[2026-07-11 01:28:54] 测速进度: 660/1302 (有效: 99)
[2026-07-11 01:28:54] 测速进度: 670/1302 (有效: 99)
[2026-07-11 01:28:54] 测速进度: 680/1302 (有效: 99)
[2026-07-11 01:28:54] 测速进度: 690/1302 (有效: 99)
[2026-07-11 01:28:54] 测速进度: 700/1302 (有效: 99)
[2026-07-11 01:28:54] 测速进度: 710/1302 (有效: 99)
[2026-07-11 01:28:54] 测速进度: 720/1302 (有效: 99)
[2026-07-11 01:28:54] 测速进度: 730/1302 (有效: 99)
[2026-07-11 01:28:54] 测速进度: 740/1302 (有效: 99)
[2026-07-11 01:28:54] 测速进度: 750/1302 (有效: 99)
[2026-07-11 01:28:54] 测速进度: 760/1302 (有效: 99)
[2026-07-11 01:28:54] 测速进度: 770/1302 (有效: 99)
[2026-07-11 01:28:54] 测速进度: 780/1302 (有效: 99)
[2026-07-11 01:28:54] 测速进度: 790/1302 (有效: 99)
[2026-07-11 01:28:54] 测速进度: 800/1302 (有效: 99)
[2026-07-11 01:28:54] 测速进度: 810/1302 (有效: 99)
[2026-07-11 01:28:54] 测速进度: 820/1302 (有效: 99)
[2026-07-11 01:28:54] 测速进度: 830/1302 (有效: 99)
[2026-07-11 01:28:54] 测速进度: 840/1302 (有效: 99)
[2026-07-11 01:28:54] 测速进度: 850/1302 (有效: 99)
[2026-07-11 01:28:54] 测速进度: 860/1302 (有效: 99)
[2026-07-11 01:28:54] 测速进度: 870/1302 (有效: 99)
[2026-07-11 01:28:56] 测速进度: 880/1302 (有效: 99)
[2026-07-11 01:28:56] 测速进度: 890/1302 (有效: 99)
[2026-07-11 01:28:58] 测速进度: 900/1302 (有效: 99)
[2026-07-11 01:29:00] 测速进度: 910/1302 (有效: 99)
[2026-07-11 01:29:00] 测速进度: 920/1302 (有效: 99)
[2026-07-11 01:29:02] 测速进度: 930/1302 (有效: 99)
[2026-07-11 01:29:02] 测速进度: 940/1302 (有效: 99)
[2026-07-11 01:29:02] 测速进度: 950/1302 (有效: 99)
[2026-07-11 01:29:04] 测速进度: 960/1302 (有效: 99)
[2026-07-11 01:29:06] 测速进度: 970/1302 (有效: 99)
[2026-07-11 01:29:06] 测速进度: 980/1302 (有效: 99)
[2026-07-11 01:29:06] 测速进度: 990/1302 (有效: 99)
[2026-07-11 01:29:08] 测速进度: 1000/1302 (有效: 99)
[2026-07-11 01:29:08] 测速进度: 1010/1302 (有效: 99)
[2026-07-11 01:29:10] 测速进度: 1020/1302 (有效: 99)
[2026-07-11 01:29:12] 测速进度: 1030/1302 (有效: 99)
[2026-07-11 01:29:12] 测速进度: 1040/1302 (有效: 99)
[2026-07-11 01:29:14] 测速进度: 1050/1302 (有效: 99)
[2026-07-11 01:29:14] 测速进度: 1060/1302 (有效: 99)
[2026-07-11 01:29:16] 测速进度: 1070/1302 (有效: 99)
[2026-07-11 01:29:16] 测速进度: 1080/1302 (有效: 99)
[2026-07-11 01:29:18] 测速进度: 1090/1302 (有效: 99)
[2026-07-11 01:29:18] 测速进度: 1100/1302 (有效: 99)
[2026-07-11 01:29:20] 测速进度: 1110/1302 (有效: 99)
[2026-07-11 01:29:20] 测速进度: 1120/1302 (有效: 99)
[2026-07-11 01:29:20] 测速进度: 1130/1302 (有效: 99)
[2026-07-11 01:29:33] 测速进度: 1150/1302 (有效: 102)
[2026-07-11 01:29:33] 测速进度: 1160/1302 (有效: 102)
[2026-07-11 01:29:34] 测速进度: 1170/1302 (有效: 102)
[2026-07-11 01:29:35] 测速进度: 1180/1302 (有效: 103)
[2026-07-11 01:29:37] 测速进度: 1190/1302 (有效: 105)
[2026-07-11 01:29:43] 测速进度: 1200/1302 (有效: 110)
[2026-07-11 01:29:45] 测速进度: 1210/1302 (有效: 110)
[2026-07-11 01:29:45] 测速进度: 1220/1302 (有效: 110)
[2026-07-11 01:29:47] 测速进度: 1230/1302 (有效: 110)
[2026-07-11 01:29:47] 测速进度: 1240/1302 (有效: 110)
[2026-07-11 01:29:49] 测速进度: 1250/1302 (有效: 110)
[2026-07-11 01:30:00] 测速进度: 1270/1302 (有效: 111)
[2026-07-11 01:30:00] 测速进度: 1280/1302 (有效: 111)
[2026-07-11 01:30:02] 测速进度: 1290/1302 (有效: 112)
[2026-07-11 01:30:09] 测速进度: 1300/1302 (有效: 114)
[2026-07-11 01:30:10] 测速进度: 1302/1302 (有效: 116)
[2026-07-11 01:30:10] 测速完成: 116/1302 个有效源
[2026-07-11 01:30:10] 选中 Top 5 源:
[2026-07-11 01:30:10]   源1: 223.78.65.165:9901 (txiptv) 1.90MB/s
[2026-07-11 01:30:10]   源2: 39.150.98.32:37799 (txiptv) 1.83MB/s
[2026-07-11 01:30:10]   源3: 139.227.21.22:9901 (txiptv) 1.79MB/s
[2026-07-11 01:30:10]   源4: 42.227.88.125:9003 (jsmpeg) 1.69MB/s
[2026-07-11 01:30:10]   源5: 113.26.251.182:8009 (zhgxtv) 1.54MB/s
[2026-07-11 01:30:10] 抓取频道: 源1 223.78.65.165:9901 (txiptv)...
[2026-07-11 01:30:16] 抓取频道: 源2 39.150.98.32:37799 (txiptv)...
[2026-07-11 01:30:20] 抓取频道: 源3 139.227.21.22:9901 (txiptv)...
[2026-07-11 01:30:24] 抓取频道: 源4 42.227.88.125:9003 (jsmpeg)...
[2026-07-11 01:30:27] 抓取频道: 源5 113.26.251.182:8009 (zhgxtv)...
[2026-07-11 01:30:31] 远程源共抓取到 333 条频道记录
[2026-07-11 01:30:31] 📊 数据来源: 远程源
[2026-07-11 01:30:31]    M3U8: 79283 字节, TXT: 23047 字节
[2026-07-11 01:30:31] ✅ M3U8 已保存到 output.m3u8 (79283 字节)
[2026-07-11 01:30:31] ✅ TXT 已保存到 output.txt (23047 字节)
[2026-07-11 01:30:31] 🎉 更新完成!
[2026-07-11 09:30:39] ==================================================
[2026-07-11 09:30:39] IPTV 播放列表自动更新（远程源抓取 + 本地保存）
[2026-07-11 09:30:39] ==================================================
[2026-07-11 09:30:39] 抓取远程源 (第1次)...
[2026-07-11 09:30:40] ✅ 远程源获取成功，共 1302 个源
[2026-07-11 09:30:40] 开始测速 1302 个源...
[2026-07-11 09:30:44] 测速进度: 10/1302 (有效: 0)
[2026-07-11 09:30:45] 测速进度: 20/1302 (有效: 0)
[2026-07-11 09:30:45] 测速进度: 30/1302 (有效: 2)
[2026-07-11 09:30:47] 测速进度: 40/1302 (有效: 3)
[2026-07-11 09:30:52] 测速进度: 50/1302 (有效: 9)
[2026-07-11 09:30:57] 测速进度: 70/1302 (有效: 15)
[2026-07-11 09:30:57] 测速进度: 80/1302 (有效: 15)
[2026-07-11 09:30:59] 测速进度: 90/1302 (有效: 16)
[2026-07-11 09:31:01] 测速进度: 100/1302 (有效: 16)
[2026-07-11 09:31:03] 测速进度: 110/1302 (有效: 19)
[2026-07-11 09:31:12] 测速进度: 130/1302 (有效: 28)
[2026-07-11 09:31:12] 测速进度: 140/1302 (有效: 28)
[2026-07-11 09:31:14] 测速进度: 150/1302 (有效: 28)
[2026-07-11 09:31:15] 测速进度: 160/1302 (有效: 28)
[2026-07-11 09:31:16] 测速进度: 170/1302 (有效: 29)
[2026-07-11 09:31:27] 测速进度: 190/1302 (有效: 35)
[2026-07-11 09:31:27] 测速进度: 200/1302 (有效: 35)
[2026-07-11 09:31:29] 测速进度: 210/1302 (有效: 35)
[2026-07-11 09:31:31] 测速进度: 220/1302 (有效: 37)
[2026-07-11 09:31:34] 测速进度: 230/1302 (有效: 41)
[2026-07-11 09:31:42] 测速进度: 250/1302 (有效: 50)
[2026-07-11 09:31:43] 测速进度: 260/1302 (有效: 50)
[2026-07-11 09:31:45] 测速进度: 270/1302 (有效: 52)
[2026-07-11 09:31:47] 测速进度: 280/1302 (有效: 55)
[2026-07-11 09:31:49] 测速进度: 290/1302 (有效: 57)
[2026-07-11 09:31:53] 测速进度: 300/1302 (有效: 65)
[2026-07-11 09:31:55] 测速进度: 310/1302 (有效: 65)
[2026-07-11 09:31:55] 测速进度: 320/1302 (有效: 65)
[2026-07-11 09:31:56] 测速进度: 330/1302 (有效: 65)
[2026-07-11 09:31:57] 测速进度: 340/1302 (有效: 65)
[2026-07-11 09:32:01] 测速进度: 350/1302 (有效: 65)
[2026-07-11 09:32:08] 测速进度: 360/1302 (有效: 73)
[2026-07-11 09:32:08] 测速进度: 370/1302 (有效: 73)
[2026-07-11 09:32:09] 测速进度: 380/1302 (有效: 73)
[2026-07-11 09:32:10] 测速进度: 390/1302 (有效: 73)
[2026-07-11 09:32:11] 测速进度: 400/1302 (有效: 73)
[2026-07-11 09:32:14] 测速进度: 410/1302 (有效: 74)
[2026-07-11 09:32:20] 测速进度: 420/1302 (有效: 80)
[2026-07-11 09:32:21] 测速进度: 430/1302 (有效: 80)
[2026-07-11 09:32:21] 测速进度: 440/1302 (有效: 81)
[2026-07-11 09:32:25] 测速进度: 450/1302 (有效: 81)
[2026-07-11 09:32:26] 测速进度: 460/1302 (有效: 81)
[2026-07-11 09:32:30] 测速进度: 470/1302 (有效: 82)
[2026-07-11 09:32:36] 测速进度: 490/1302 (有效: 83)
[2026-07-11 09:32:37] 测速进度: 500/1302 (有效: 83)
[2026-07-11 09:32:40] 测速进度: 510/1302 (有效: 83)
[2026-07-11 09:32:41] 测速进度: 520/1302 (有效: 84)
[2026-07-11 09:32:45] 测速进度: 530/1302 (有效: 86)
[2026-07-11 09:32:48] 测速进度: 540/1302 (有效: 88)
[2026-07-11 09:32:49] 测速进度: 550/1302 (有效: 88)
[2026-07-11 09:32:51] 测速进度: 560/1302 (有效: 88)
[2026-07-11 09:32:53] 测速进度: 570/1302 (有效: 88)
[2026-07-11 09:32:53] 测速进度: 580/1302 (有效: 88)
[2026-07-11 09:32:54] 测速进度: 590/1302 (有效: 88)
[2026-07-11 09:33:00] 测速进度: 600/1302 (有效: 92)
[2026-07-11 09:33:00] 测速进度: 610/1302 (有效: 92)
[2026-07-11 09:33:00] 测速进度: 620/1302 (有效: 92)
[2026-07-11 09:33:00] 测速进度: 630/1302 (有效: 92)
[2026-07-11 09:33:00] 测速进度: 640/1302 (有效: 92)
[2026-07-11 09:33:00] 测速进度: 650/1302 (有效: 92)
[2026-07-11 09:33:00] 测速进度: 660/1302 (有效: 92)
[2026-07-11 09:33:00] 测速进度: 670/1302 (有效: 92)
[2026-07-11 09:33:00] 测速进度: 680/1302 (有效: 92)
[2026-07-11 09:33:00] 测速进度: 690/1302 (有效: 92)
[2026-07-11 09:33:00] 测速进度: 700/1302 (有效: 92)
[2026-07-11 09:33:00] 测速进度: 710/1302 (有效: 92)
[2026-07-11 09:33:00] 测速进度: 720/1302 (有效: 92)
[2026-07-11 09:33:00] 测速进度: 730/1302 (有效: 92)
[2026-07-11 09:33:00] 测速进度: 740/1302 (有效: 92)
[2026-07-11 09:33:00] 测速进度: 750/1302 (有效: 92)
[2026-07-11 09:33:00] 测速进度: 760/1302 (有效: 92)
[2026-07-11 09:33:00] 测速进度: 770/1302 (有效: 92)
[2026-07-11 09:33:00] 测速进度: 780/1302 (有效: 92)
[2026-07-11 09:33:00] 测速进度: 790/1302 (有效: 92)
[2026-07-11 09:33:00] 测速进度: 800/1302 (有效: 92)
[2026-07-11 09:33:00] 测速进度: 810/1302 (有效: 92)
[2026-07-11 09:33:00] 测速进度: 820/1302 (有效: 92)
[2026-07-11 09:33:00] 测速进度: 830/1302 (有效: 92)
[2026-07-11 09:33:00] 测速进度: 840/1302 (有效: 92)
[2026-07-11 09:33:00] 测速进度: 850/1302 (有效: 92)
[2026-07-11 09:33:00] 测速进度: 860/1302 (有效: 92)
[2026-07-11 09:33:01] 测速进度: 870/1302 (有效: 92)
[2026-07-11 09:33:02] 测速进度: 880/1302 (有效: 92)
[2026-07-11 09:33:03] 测速进度: 890/1302 (有效: 92)
[2026-07-11 09:33:04] 测速进度: 900/1302 (有效: 92)
[2026-07-11 09:33:06] 测速进度: 910/1302 (有效: 92)
[2026-07-11 09:33:06] 测速进度: 920/1302 (有效: 92)
[2026-07-11 09:33:08] 测速进度: 930/1302 (有效: 92)
[2026-07-11 09:33:08] 测速进度: 940/1302 (有效: 92)
[2026-07-11 09:33:09] 测速进度: 950/1302 (有效: 92)
[2026-07-11 09:33:10] 测速进度: 960/1302 (有效: 92)
[2026-07-11 09:33:11] 测速进度: 970/1302 (有效: 92)
[2026-07-11 09:33:12] 测速进度: 980/1302 (有效: 92)
[2026-07-11 09:33:13] 测速进度: 990/1302 (有效: 92)
[2026-07-11 09:33:14] 测速进度: 1000/1302 (有效: 92)
[2026-07-11 09:33:15] 测速进度: 1010/1302 (有效: 92)
[2026-07-11 09:33:16] 测速进度: 1020/1302 (有效: 92)
[2026-07-11 09:33:18] 测速进度: 1030/1302 (有效: 92)
[2026-07-11 09:33:18] 测速进度: 1040/1302 (有效: 92)
[2026-07-11 09:33:20] 测速进度: 1050/1302 (有效: 92)
[2026-07-11 09:33:20] 测速进度: 1060/1302 (有效: 92)
[2026-07-11 09:33:21] 测速进度: 1070/1302 (有效: 92)
[2026-07-11 09:33:22] 测速进度: 1080/1302 (有效: 92)
[2026-07-11 09:33:24] 测速进度: 1090/1302 (有效: 92)
[2026-07-11 09:33:25] 测速进度: 1100/1302 (有效: 92)
[2026-07-11 09:33:26] 测速进度: 1110/1302 (有效: 92)
[2026-07-11 09:33:27] 测速进度: 1120/1302 (有效: 92)
[2026-07-11 09:33:27] 测速进度: 1130/1302 (有效: 92)
[2026-07-11 09:33:35] 测速进度: 1140/1302 (有效: 94)
[2026-07-11 09:33:37] 测速进度: 1150/1302 (有效: 94)
[2026-07-11 09:33:37] 测速进度: 1160/1302 (有效: 94)
[2026-07-11 09:33:38] 测速进度: 1170/1302 (有效: 94)
[2026-07-11 09:33:39] 测速进度: 1180/1302 (有效: 95)
[2026-07-11 09:33:41] 测速进度: 1190/1302 (有效: 96)
[2026-07-11 09:33:47] 测速进度: 1200/1302 (有效: 102)
[2026-07-11 09:33:49] 测速进度: 1210/1302 (有效: 102)
[2026-07-11 09:33:49] 测速进度: 1220/1302 (有效: 102)
[2026-07-11 09:33:51] 测速进度: 1230/1302 (有效: 102)
[2026-07-11 09:33:51] 测速进度: 1240/1302 (有效: 102)
[2026-07-11 09:33:53] 测速进度: 1250/1302 (有效: 102)
[2026-07-11 09:33:56] 测速进度: 1260/1302 (有效: 104)
[2026-07-11 09:33:58] 测速进度: 1270/1302 (有效: 104)
[2026-07-11 09:33:58] 测速进度: 1280/1302 (有效: 104)
[2026-07-11 09:34:00] 测速进度: 1290/1302 (有效: 104)
[2026-07-11 09:34:05] 测速进度: 1300/1302 (有效: 107)
[2026-07-11 09:34:07] 测速进度: 1302/1302 (有效: 109)
[2026-07-11 09:34:07] 测速完成: 109/1302 个有效源
[2026-07-11 09:34:07] 选中 Top 5 源:
[2026-07-11 09:34:07]   源1: 39.150.98.32:37799 (txiptv) 1.90MB/s
[2026-07-11 09:34:07]   源2: 111.4.59.41:60901 (txiptv) 1.84MB/s
[2026-07-11 09:34:07]   源3: 139.227.21.22:9901 (txiptv) 1.82MB/s
[2026-07-11 09:34:07]   源4: 223.84.217.112:799 (zhgxtv) 1.45MB/s
[2026-07-11 09:34:07]   源5: 183.184.48.235:9003 (jsmpeg) 1.11MB/s
[2026-07-11 09:34:07] 抓取频道: 源1 39.150.98.32:37799 (txiptv)...
[2026-07-11 09:34:10] 抓取频道: 源2 111.4.59.41:60901 (txiptv)...
[2026-07-11 09:34:14] 抓取频道: 源3 139.227.21.22:9901 (txiptv)...
[2026-07-11 09:34:18] 抓取频道: 源4 223.84.217.112:799 (zhgxtv)...
[2026-07-11 09:34:21] 抓取频道: 源5 183.184.48.235:9003 (jsmpeg)...
[2026-07-11 09:34:23] 远程源共抓取到 294 条频道记录
[2026-07-11 09:34:23] 📊 数据来源: 远程源
[2026-07-11 09:34:23]    M3U8: 71215 字节, TXT: 21720 字节
[2026-07-11 09:34:23] ✅ M3U8 已保存到 output.m3u8 (71215 字节)
[2026-07-11 09:34:23] ✅ TXT 已保存到 output.txt (21720 字节)
[2026-07-11 09:34:23] 🎉 更新完成!
[2026-07-11 22:42:51] ==================================================
[2026-07-11 22:42:51] IPTV 播放列表自动更新（远程源抓取 + 本地保存）
[2026-07-11 22:42:51] ==================================================
[2026-07-11 22:42:51] 抓取远程源 (第1次)...
[2026-07-11 22:42:52] ✅ 远程源获取成功，共 1297 个源
[2026-07-11 22:42:52] 开始测速 1297 个源...
[2026-07-11 22:42:54] 测速进度: 10/1297 (有效: 0)
[2026-07-11 22:42:57] 测速进度: 20/1297 (有效: 1)
[2026-07-11 22:42:57] 测速进度: 30/1297 (有效: 1)
[2026-07-11 22:42:59] 测速进度: 40/1297 (有效: 1)
[2026-07-11 22:43:02] 测速进度: 50/1297 (有效: 9)
[2026-07-11 22:43:08] 测速进度: 70/1297 (有效: 13)
[2026-07-11 22:43:09] 测速进度: 80/1297 (有效: 13)
[2026-07-11 22:43:11] 测速进度: 90/1297 (有效: 14)
[2026-07-11 22:43:13] 测速进度: 100/1297 (有效: 14)
[2026-07-11 22:43:16] 测速进度: 110/1297 (有效: 18)
[2026-07-11 22:43:21] 测速进度: 120/1297 (有效: 28)
[2026-07-11 22:43:23] 测速进度: 130/1297 (有效: 28)
[2026-07-11 22:43:24] 测速进度: 140/1297 (有效: 28)
[2026-07-11 22:43:25] 测速进度: 150/1297 (有效: 28)
[2026-07-11 22:43:25] 测速进度: 160/1297 (有效: 28)
[2026-07-11 22:43:27] 测速进度: 170/1297 (有效: 28)
[2026-07-11 22:43:37] 测速进度: 190/1297 (有效: 35)
[2026-07-11 22:43:39] 测速进度: 200/1297 (有效: 35)
[2026-07-11 22:43:41] 测速进度: 210/1297 (有效: 36)
[2026-07-11 22:43:41] 测速进度: 220/1297 (有效: 38)
[2026-07-11 22:43:45] 测速进度: 230/1297 (有效: 42)
[2026-07-11 22:43:51] 测速进度: 240/1297 (有效: 52)
[2026-07-11 22:43:53] 测速进度: 250/1297 (有效: 52)
[2026-07-11 22:43:54] 测速进度: 260/1297 (有效: 52)
[2026-07-11 22:43:56] 测速进度: 270/1297 (有效: 53)
[2026-07-11 22:44:00] 测速进度: 280/1297 (有效: 57)
[2026-07-11 22:44:01] 测速进度: 290/1297 (有效: 66)
[2026-07-11 22:44:08] 测速进度: 310/1297 (有效: 70)
[2026-07-11 22:44:08] 测速进度: 320/1297 (有效: 70)
[2026-07-11 22:44:10] 测速进度: 330/1297 (有效: 70)
[2026-07-11 22:44:10] 测速进度: 340/1297 (有效: 70)
[2026-07-11 22:44:14] 测速进度: 350/1297 (有效: 71)
[2026-07-11 22:44:22] 测速进度: 370/1297 (有效: 79)
[2026-07-11 22:44:23] 测速进度: 380/1297 (有效: 79)
[2026-07-11 22:44:24] 测速进度: 390/1297 (有效: 79)
[2026-07-11 22:44:24] 测速进度: 400/1297 (有效: 79)
[2026-07-11 22:44:29] 测速进度: 410/1297 (有效: 79)
[2026-07-11 22:44:33] 测速进度: 420/1297 (有效: 86)
[2026-07-11 22:44:34] 测速进度: 430/1297 (有效: 86)
[2026-07-11 22:44:34] 测速进度: 440/1297 (有效: 86)
[2026-07-11 22:44:38] 测速进度: 450/1297 (有效: 87)
[2026-07-11 22:44:39] 测速进度: 460/1297 (有效: 87)
[2026-07-11 22:44:43] 测速进度: 470/1297 (有效: 87)
[2026-07-11 22:44:49] 测速进度: 490/1297 (有效: 88)
[2026-07-11 22:44:50] 测速进度: 500/1297 (有效: 88)
[2026-07-11 22:44:53] 测速进度: 510/1297 (有效: 88)
[2026-07-11 22:44:54] 测速进度: 520/1297 (有效: 88)
[2026-07-11 22:44:58] 测速进度: 530/1297 (有效: 90)
[2026-07-11 22:45:03] 测速进度: 540/1297 (有效: 92)
[2026-07-11 22:45:03] 测速进度: 550/1297 (有效: 92)
[2026-07-11 22:45:07] 测速进度: 560/1297 (有效: 92)
[2026-07-11 22:45:08] 测速进度: 570/1297 (有效: 92)
[2026-07-11 22:45:08] 测速进度: 580/1297 (有效: 92)
[2026-07-11 22:45:09] 测速进度: 590/1297 (有效: 93)
[2026-07-11 22:45:17] 测速进度: 600/1297 (有效: 96)
[2026-07-11 22:45:17] 测速进度: 610/1297 (有效: 96)
[2026-07-11 22:45:17] 测速进度: 620/1297 (有效: 96)
[2026-07-11 22:45:17] 测速进度: 630/1297 (有效: 96)
[2026-07-11 22:45:17] 测速进度: 640/1297 (有效: 96)
[2026-07-11 22:45:17] 测速进度: 650/1297 (有效: 96)
[2026-07-11 22:45:17] 测速进度: 660/1297 (有效: 96)
[2026-07-11 22:45:17] 测速进度: 670/1297 (有效: 96)
[2026-07-11 22:45:17] 测速进度: 680/1297 (有效: 96)
[2026-07-11 22:45:17] 测速进度: 690/1297 (有效: 96)
[2026-07-11 22:45:17] 测速进度: 700/1297 (有效: 96)
[2026-07-11 22:45:17] 测速进度: 710/1297 (有效: 96)
[2026-07-11 22:45:17] 测速进度: 720/1297 (有效: 96)
[2026-07-11 22:45:17] 测速进度: 730/1297 (有效: 96)
[2026-07-11 22:45:17] 测速进度: 740/1297 (有效: 96)
[2026-07-11 22:45:17] 测速进度: 750/1297 (有效: 96)
[2026-07-11 22:45:17] 测速进度: 760/1297 (有效: 96)
[2026-07-11 22:45:17] 测速进度: 770/1297 (有效: 96)
[2026-07-11 22:45:17] 测速进度: 780/1297 (有效: 96)
[2026-07-11 22:45:17] 测速进度: 790/1297 (有效: 96)
[2026-07-11 22:45:17] 测速进度: 800/1297 (有效: 96)
[2026-07-11 22:45:17] 测速进度: 810/1297 (有效: 96)
[2026-07-11 22:45:17] 测速进度: 820/1297 (有效: 96)
[2026-07-11 22:45:17] 测速进度: 830/1297 (有效: 96)
[2026-07-11 22:45:17] 测速进度: 840/1297 (有效: 96)
[2026-07-11 22:45:17] 测速进度: 850/1297 (有效: 96)
[2026-07-11 22:45:17] 测速进度: 860/1297 (有效: 96)
[2026-07-11 22:45:17] 测速进度: 870/1297 (有效: 96)
[2026-07-11 22:45:19] 测速进度: 880/1297 (有效: 96)
[2026-07-11 22:45:19] 测速进度: 890/1297 (有效: 96)
[2026-07-11 22:45:23] 测速进度: 900/1297 (有效: 97)
[2026-07-11 22:45:25] 测速进度: 910/1297 (有效: 97)
[2026-07-11 22:45:25] 测速进度: 920/1297 (有效: 97)
[2026-07-11 22:45:27] 测速进度: 930/1297 (有效: 97)
[2026-07-11 22:45:27] 测速进度: 940/1297 (有效: 97)
[2026-07-11 22:45:27] 测速进度: 950/1297 (有效: 97)
[2026-07-11 22:45:29] 测速进度: 960/1297 (有效: 97)
[2026-07-11 22:45:29] 测速进度: 970/1297 (有效: 97)
[2026-07-11 22:45:31] 测速进度: 980/1297 (有效: 97)
[2026-07-11 22:45:31] 测速进度: 990/1297 (有效: 97)
[2026-07-11 22:45:33] 测速进度: 1000/1297 (有效: 97)
[2026-07-11 22:45:33] 测速进度: 1010/1297 (有效: 97)
[2026-07-11 22:45:35] 测速进度: 1020/1297 (有效: 97)
[2026-07-11 22:45:37] 测速进度: 1030/1297 (有效: 97)
[2026-07-11 22:45:37] 测速进度: 1040/1297 (有效: 97)
[2026-07-11 22:45:39] 测速进度: 1050/1297 (有效: 97)
[2026-07-11 22:45:39] 测速进度: 1060/1297 (有效: 97)
[2026-07-11 22:45:41] 测速进度: 1070/1297 (有效: 97)
[2026-07-11 22:45:41] 测速进度: 1080/1297 (有效: 97)
[2026-07-11 22:45:43] 测速进度: 1090/1297 (有效: 97)
[2026-07-11 22:45:43] 测速进度: 1100/1297 (有效: 97)
[2026-07-11 22:45:45] 测速进度: 1110/1297 (有效: 97)
[2026-07-11 22:45:45] 测速进度: 1120/1297 (有效: 97)
[2026-07-11 22:45:45] 测速进度: 1130/1297 (有效: 97)
[2026-07-11 22:45:50] 测速进度: 1140/1297 (有效: 98)
[2026-07-11 22:45:52] 测速进度: 1150/1297 (有效: 98)
[2026-07-11 22:45:53] 测速进度: 1160/1297 (有效: 98)
[2026-07-11 22:45:53] 测速进度: 1170/1297 (有效: 98)
[2026-07-11 22:45:55] 测速进度: 1180/1297 (有效: 98)
[2026-07-11 22:45:56] 测速进度: 1190/1297 (有效: 98)
[2026-07-11 22:46:05] 测速进度: 1200/1297 (有效: 105)
[2026-07-11 22:46:07] 测速进度: 1210/1297 (有效: 105)
[2026-07-11 22:46:07] 测速进度: 1220/1297 (有效: 105)
[2026-07-11 22:46:08] 测速进度: 1230/1297 (有效: 105)
[2026-07-11 22:46:09] 测速进度: 1240/1297 (有效: 105)
[2026-07-11 22:46:11] 测速进度: 1250/1297 (有效: 106)
[2026-07-11 22:46:22] 测速进度: 1270/1297 (有效: 108)
[2026-07-11 22:46:22] 测速进度: 1280/1297 (有效: 108)
[2026-07-11 22:46:24] 测速进度: 1290/1297 (有效: 108)
[2026-07-11 22:46:33] 测速进度: 1297/1297 (有效: 112)
[2026-07-11 22:46:33] 测速完成: 112/1297 个有效源
[2026-07-11 22:46:33] 选中 Top 5 源:
[2026-07-11 22:46:33]   源1: 111.4.59.41:60901 (txiptv) 1.73MB/s
[2026-07-11 22:46:33]   源2: 113.90.154.189:9901 (txiptv) 1.51MB/s
[2026-07-11 22:46:33]   源3: 221.232.197.199:7777 (txiptv) 1.34MB/s
[2026-07-11 22:46:33]   源4: 182.140.125.47:808 (zhgxtv) 1.14MB/s
[2026-07-11 22:46:33]   源5: 221.205.103.159:9003 (jsmpeg) 1.09MB/s
[2026-07-11 22:46:33] 抓取频道: 源1 111.4.59.41:60901 (txiptv)...
[2026-07-11 22:46:37] 抓取频道: 源2 113.90.154.189:9901 (txiptv)...
[2026-07-11 22:46:42] 抓取频道: 源3 221.232.197.199:7777 (txiptv)...
[2026-07-11 22:46:49] 抓取频道: 源4 182.140.125.47:808 (zhgxtv)...
[2026-07-11 22:46:55] 抓取频道: 源5 221.205.103.159:9003 (jsmpeg)...
[2026-07-11 22:47:00] 远程源共抓取到 142 条频道记录
[2026-07-11 22:47:00] 📊 数据来源: 远程源
[2026-07-11 22:47:00]    M3U8: 34084 字节, TXT: 10671 字节
[2026-07-11 22:47:00] ✅ M3U8 已保存到 output.m3u8 (34084 字节)
[2026-07-11 22:47:00] ✅ TXT 已保存到 output.txt (10671 字节)
[2026-07-11 22:47:00] 🎉 更新完成!
[2026-07-12 22:42:42] ==================================================
[2026-07-12 22:42:42] IPTV 播放列表自动更新（远程源抓取 + 本地保存）
[2026-07-12 22:42:42] ==================================================
[2026-07-12 22:42:42] 抓取远程源 (第1次)...
[2026-07-12 22:42:42] ✅ 远程源获取成功，共 1288 个源
[2026-07-12 22:42:42] 开始测速 1288 个源...
[2026-07-12 22:42:46] 测速进度: 10/1288 (有效: 1)
[2026-07-12 22:42:47] 测速进度: 20/1288 (有效: 1)
[2026-07-12 22:42:49] 测速进度: 30/1288 (有效: 1)
[2026-07-12 22:42:51] 测速进度: 40/1288 (有效: 2)
[2026-07-12 22:42:55] 测速进度: 50/1288 (有效: 11)
[2026-07-12 22:42:58] 测速进度: 70/1288 (有效: 15)
[2026-07-12 22:42:59] 测速进度: 80/1288 (有效: 15)
[2026-07-12 22:43:00] 测速进度: 90/1288 (有效: 15)
[2026-07-12 22:43:02] 测速进度: 100/1288 (有效: 16)
[2026-07-12 22:43:06] 测速进度: 110/1288 (有效: 18)
[2026-07-12 22:43:14] 测速进度: 130/1288 (有效: 27)
[2026-07-12 22:43:14] 测速进度: 140/1288 (有效: 27)
[2026-07-12 22:43:16] 测速进度: 150/1288 (有效: 27)
[2026-07-12 22:43:17] 测速进度: 160/1288 (有效: 27)
[2026-07-12 22:43:18] 测速进度: 170/1288 (有效: 28)
[2026-07-12 22:43:26] 测速进度: 180/1288 (有效: 31)
[2026-07-12 22:43:26] 测速进度: 190/1288 (有效: 31)
[2026-07-12 22:43:28] 测速进度: 200/1288 (有效: 31)
[2026-07-12 22:43:30] 测速进度: 210/1288 (有效: 31)
[2026-07-12 22:43:32] 测速进度: 220/1288 (有效: 34)
[2026-07-12 22:43:35] 测速进度: 230/1288 (有效: 39)
[2026-07-12 22:43:41] 测速进度: 250/1288 (有效: 48)
[2026-07-12 22:43:43] 测速进度: 260/1288 (有效: 48)
[2026-07-12 22:43:44] 测速进度: 270/1288 (有效: 48)
[2026-07-12 22:43:46] 测速进度: 280/1288 (有效: 51)
[2026-07-12 22:43:49] 测速进度: 290/1288 (有效: 55)
[2026-07-12 22:43:58] 测速进度: 310/1288 (有效: 64)
[2026-07-12 22:43:58] 测速进度: 320/1288 (有效: 64)
[2026-07-12 22:43:59] 测速进度: 330/1288 (有效: 64)
[2026-07-12 22:44:00] 测速进度: 340/1288 (有效: 64)
[2026-07-12 22:44:03] 测速进度: 350/1288 (有效: 64)
[2026-07-12 22:44:11] 测速进度: 360/1288 (有效: 71)
[2026-07-12 22:44:12] 测速进度: 370/1288 (有效: 71)
[2026-07-12 22:44:13] 测速进度: 380/1288 (有效: 71)
[2026-07-12 22:44:14] 测速进度: 390/1288 (有效: 71)
[2026-07-12 22:44:15] 测速进度: 400/1288 (有效: 71)
[2026-07-12 22:44:18] 测速进度: 410/1288 (有效: 72)
[2026-07-12 22:44:23] 测速进度: 420/1288 (有效: 78)
[2026-07-12 22:44:24] 测速进度: 430/1288 (有效: 78)
[2026-07-12 22:44:24] 测速进度: 440/1288 (有效: 78)
[2026-07-12 22:44:28] 测速进度: 450/1288 (有效: 79)
[2026-07-12 22:44:29] 测速进度: 460/1288 (有效: 79)
[2026-07-12 22:44:32] 测速进度: 470/1288 (有效: 81)
[2026-07-12 22:44:38] 测速进度: 480/1288 (有效: 82)
[2026-07-12 22:44:39] 测速进度: 490/1288 (有效: 82)
[2026-07-12 22:44:40] 测速进度: 500/1288 (有效: 82)
[2026-07-12 22:44:43] 测速进度: 510/1288 (有效: 82)
[2026-07-12 22:44:44] 测速进度: 520/1288 (有效: 82)
[2026-07-12 22:44:47] 测速进度: 530/1288 (有效: 84)
[2026-07-12 22:44:54] 测速进度: 550/1288 (有效: 85)
[2026-07-12 22:44:58] 测速进度: 560/1288 (有效: 85)
[2026-07-12 22:44:59] 测速进度: 570/1288 (有效: 85)
[2026-07-12 22:44:59] 测速进度: 580/1288 (有效: 85)
[2026-07-12 22:45:01] 测速进度: 590/1288 (有效: 86)
[2026-07-12 22:45:08] 测速进度: 610/1288 (有效: 88)
[2026-07-12 22:45:08] 测速进度: 620/1288 (有效: 88)
[2026-07-12 22:45:08] 测速进度: 630/1288 (有效: 88)
[2026-07-12 22:45:08] 测速进度: 640/1288 (有效: 88)
[2026-07-12 22:45:08] 测速进度: 650/1288 (有效: 88)
[2026-07-12 22:45:08] 测速进度: 660/1288 (有效: 88)
[2026-07-12 22:45:08] 测速进度: 670/1288 (有效: 88)
[2026-07-12 22:45:08] 测速进度: 680/1288 (有效: 88)
[2026-07-12 22:45:08] 测速进度: 690/1288 (有效: 88)
[2026-07-12 22:45:08] 测速进度: 700/1288 (有效: 88)
[2026-07-12 22:45:08] 测速进度: 710/1288 (有效: 88)
[2026-07-12 22:45:08] 测速进度: 720/1288 (有效: 88)
[2026-07-12 22:45:08] 测速进度: 730/1288 (有效: 88)
[2026-07-12 22:45:08] 测速进度: 740/1288 (有效: 88)
[2026-07-12 22:45:08] 测速进度: 750/1288 (有效: 88)
[2026-07-12 22:45:08] 测速进度: 760/1288 (有效: 88)
[2026-07-12 22:45:08] 测速进度: 770/1288 (有效: 88)
[2026-07-12 22:45:08] 测速进度: 780/1288 (有效: 88)
[2026-07-12 22:45:08] 测速进度: 790/1288 (有效: 88)
[2026-07-12 22:45:08] 测速进度: 800/1288 (有效: 88)
[2026-07-12 22:45:08] 测速进度: 810/1288 (有效: 88)
[2026-07-12 22:45:08] 测速进度: 820/1288 (有效: 88)
[2026-07-12 22:45:08] 测速进度: 830/1288 (有效: 88)
[2026-07-12 22:45:08] 测速进度: 840/1288 (有效: 88)
[2026-07-12 22:45:08] 测速进度: 850/1288 (有效: 88)
[2026-07-12 22:45:08] 测速进度: 860/1288 (有效: 88)
[2026-07-12 22:45:08] 测速进度: 870/1288 (有效: 88)
[2026-07-12 22:45:10] 测速进度: 880/1288 (有效: 88)
[2026-07-12 22:45:10] 测速进度: 890/1288 (有效: 88)
[2026-07-12 22:45:18] 测速进度: 900/1288 (有效: 90)
[2026-07-12 22:45:20] 测速进度: 910/1288 (有效: 90)
[2026-07-12 22:45:20] 测速进度: 920/1288 (有效: 90)
[2026-07-12 22:45:22] 测速进度: 930/1288 (有效: 90)
[2026-07-12 22:45:22] 测速进度: 940/1288 (有效: 90)
[2026-07-12 22:45:22] 测速进度: 950/1288 (有效: 90)
[2026-07-12 22:45:24] 测速进度: 960/1288 (有效: 90)
[2026-07-12 22:45:24] 测速进度: 970/1288 (有效: 90)
[2026-07-12 22:45:26] 测速进度: 980/1288 (有效: 90)
[2026-07-12 22:45:26] 测速进度: 990/1288 (有效: 90)
[2026-07-12 22:45:28] 测速进度: 1000/1288 (有效: 90)
[2026-07-12 22:45:28] 测速进度: 1010/1288 (有效: 90)
[2026-07-12 22:45:30] 测速进度: 1020/1288 (有效: 91)
[2026-07-12 22:45:32] 测速进度: 1030/1288 (有效: 91)
[2026-07-12 22:45:32] 测速进度: 1040/1288 (有效: 91)
[2026-07-12 22:45:34] 测速进度: 1050/1288 (有效: 91)
[2026-07-12 22:45:34] 测速进度: 1060/1288 (有效: 91)
[2026-07-12 22:45:36] 测速进度: 1070/1288 (有效: 91)
[2026-07-12 22:45:36] 测速进度: 1080/1288 (有效: 91)
[2026-07-12 22:45:38] 测速进度: 1090/1288 (有效: 91)
[2026-07-12 22:45:38] 测速进度: 1100/1288 (有效: 91)
[2026-07-12 22:45:40] 测速进度: 1110/1288 (有效: 91)
[2026-07-12 22:45:40] 测速进度: 1120/1288 (有效: 91)
[2026-07-12 22:45:41] 测速进度: 1130/1288 (有效: 91)
[2026-07-12 22:45:49] 测速进度: 1140/1288 (有效: 92)
[2026-07-12 22:45:51] 测速进度: 1150/1288 (有效: 92)
[2026-07-12 22:45:51] 测速进度: 1160/1288 (有效: 92)
[2026-07-12 22:45:53] 测速进度: 1170/1288 (有效: 92)
[2026-07-12 22:45:54] 测速进度: 1180/1288 (有效: 92)
[2026-07-12 22:45:56] 测速进度: 1190/1288 (有效: 92)
[2026-07-12 22:46:03] 测速进度: 1200/1288 (有效: 100)
[2026-07-12 22:46:03] 测速进度: 1210/1288 (有效: 100)
[2026-07-12 22:46:05] 测速进度: 1220/1288 (有效: 100)
[2026-07-12 22:46:06] 测速进度: 1230/1288 (有效: 100)
[2026-07-12 22:46:07] 测速进度: 1240/1288 (有效: 100)
[2026-07-12 22:46:09] 测速进度: 1250/1288 (有效: 100)
[2026-07-12 22:46:15] 测速进度: 1260/1288 (有效: 105)
[2026-07-12 22:46:17] 测速进度: 1270/1288 (有效: 105)
[2026-07-12 22:46:17] 测速进度: 1280/1288 (有效: 105)
[2026-07-12 22:46:30] 测速完成: 105/1288 个有效源
[2026-07-12 22:46:30] 选中 Top 5 源:
[2026-07-12 22:46:30]   源1: 112.27.5.218:9901 (txiptv) 1.62MB/s
[2026-07-12 22:46:30]   源2: 223.78.65.165:9901 (txiptv) 1.53MB/s
[2026-07-12 22:46:30]   源3: 221.7.175.154:8445 (txiptv) 1.49MB/s
[2026-07-12 22:46:30]   源4: 221.205.211.104:9003 (jsmpeg) 1.42MB/s
[2026-07-12 22:46:30]   源5: 182.140.125.47:808 (zhgxtv) 1.03MB/s
[2026-07-12 22:46:30] 抓取频道: 源1 112.27.5.218:9901 (txiptv)...
[2026-07-12 22:46:34] 抓取频道: 源2 223.78.65.165:9901 (txiptv)...
[2026-07-12 22:46:39] 抓取频道: 源3 221.7.175.154:8445 (txiptv)...
[2026-07-12 22:46:43] 抓取频道: 源4 221.205.211.104:9003 (jsmpeg)...
[2026-07-12 22:46:49] 抓取频道: 源5 182.140.125.47:808 (zhgxtv)...
[2026-07-12 22:46:50] 远程源共抓取到 275 条频道记录
[2026-07-12 22:46:50] 📊 数据来源: 远程源
[2026-07-12 22:46:50]    M3U8: 67345 字节, TXT: 20948 字节
[2026-07-12 22:46:50] ✅ M3U8 已保存到 output.m3u8 (67345 字节)
[2026-07-12 22:46:50] ✅ TXT 已保存到 output.txt (20948 字节)
[2026-07-12 22:46:50] 🎉 更新完成!
[2026-07-13 11:32:37] ==================================================
[2026-07-13 11:32:37] IPTV 播放列表自动更新（远程源抓取 + 本地保存）
[2026-07-13 11:32:37] ==================================================
[2026-07-13 11:32:37] 抓取远程源 (第1次)...
[2026-07-13 11:32:37] ✅ 远程源获取成功，共 1284 个源
[2026-07-13 11:32:37] 开始测速 1284 个源...
[2026-07-13 11:32:39] 测速进度: 10/1284 (有效: 0)
[2026-07-13 11:32:42] 测速进度: 20/1284 (有效: 1)
[2026-07-13 11:32:45] 测速进度: 30/1284 (有效: 2)
[2026-07-13 11:32:48] 测速进度: 40/1284 (有效: 6)
[2026-07-13 11:32:50] 测速进度: 50/1284 (有效: 10)
[2026-07-13 11:32:53] 测速进度: 70/1284 (有效: 14)
[2026-07-13 11:32:55] 测速进度: 80/1284 (有效: 14)
[2026-07-13 11:32:56] 测速进度: 90/1284 (有效: 14)
[2026-07-13 11:32:57] 测速进度: 100/1284 (有效: 14)
[2026-07-13 11:33:01] 测速进度: 110/1284 (有效: 19)
[2026-07-13 11:33:07] 测速进度: 120/1284 (有效: 29)
[2026-07-13 11:33:09] 测速进度: 130/1284 (有效: 29)
[2026-07-13 11:33:09] 测速进度: 140/1284 (有效: 29)
[2026-07-13 11:33:11] 测速进度: 150/1284 (有效: 29)
[2026-07-13 11:33:12] 测速进度: 160/1284 (有效: 29)
[2026-07-13 11:33:13] 测速进度: 170/1284 (有效: 29)
[2026-07-13 11:33:19] 测速进度: 180/1284 (有效: 33)
[2026-07-13 11:33:21] 测速进度: 190/1284 (有效: 33)
[2026-07-13 11:33:21] 测速进度: 200/1284 (有效: 33)
[2026-07-13 11:33:23] 测速进度: 210/1284 (有效: 33)
[2026-07-13 11:33:25] 测速进度: 220/1284 (有效: 35)
[2026-07-13 11:33:27] 测速进度: 230/1284 (有效: 38)
[2026-07-13 11:33:33] 测速进度: 240/1284 (有效: 48)
[2026-07-13 11:33:34] 测速进度: 250/1284 (有效: 48)
[2026-07-13 11:33:36] 测速进度: 260/1284 (有效: 48)
[2026-07-13 11:33:38] 测速进度: 270/1284 (有效: 48)
[2026-07-13 11:33:40] 测速进度: 280/1284 (有效: 51)
[2026-07-13 11:33:43] 测速进度: 290/1284 (有效: 57)
[2026-07-13 11:33:51] 测速进度: 310/1284 (有效: 64)
[2026-07-13 11:33:51] 测速进度: 320/1284 (有效: 64)
[2026-07-13 11:33:53] 测速进度: 330/1284 (有效: 66)
[2026-07-13 11:33:53] 测速进度: 340/1284 (有效: 66)
[2026-07-13 11:33:55] 测速进度: 350/1284 (有效: 66)
[2026-07-13 11:34:05] 测速进度: 370/1284 (有效: 71)
[2026-07-13 11:34:06] 测速进度: 380/1284 (有效: 71)
[2026-07-13 11:34:06] 测速进度: 390/1284 (有效: 71)
[2026-07-13 11:34:08] 测速进度: 400/1284 (有效: 71)
[2026-07-13 11:34:11] 测速进度: 410/1284 (有效: 72)
[2026-07-13 11:34:18] 测速进度: 420/1284 (有效: 80)
[2026-07-13 11:34:19] 测速进度: 430/1284 (有效: 80)
[2026-07-13 11:34:19] 测速进度: 440/1284 (有效: 80)
[2026-07-13 11:34:22] 测速进度: 450/1284 (有效: 81)
[2026-07-13 11:34:24] 测速进度: 460/1284 (有效: 81)
[2026-07-13 11:34:26] 测速进度: 470/1284 (有效: 83)
[2026-07-13 11:34:29] 测速进度: 480/1284 (有效: 85)
[2026-07-13 11:34:34] 测速进度: 490/1284 (有效: 85)
[2026-07-13 11:34:34] 测速进度: 500/1284 (有效: 85)
[2026-07-13 11:34:35] 测速进度: 510/1284 (有效: 85)
[2026-07-13 11:34:36] 测速进度: 520/1284 (有效: 85)
[2026-07-13 11:34:39] 测速进度: 530/1284 (有效: 88)
[2026-07-13 11:34:45] 测速进度: 550/1284 (有效: 89)
[2026-07-13 11:34:49] 测速进度: 560/1284 (有效: 89)
[2026-07-13 11:34:50] 测速进度: 570/1284 (有效: 89)
[2026-07-13 11:34:51] 测速进度: 580/1284 (有效: 89)
[2026-07-13 11:34:54] 测速进度: 590/1284 (有效: 91)
[2026-07-13 11:34:59] 测速进度: 600/1284 (有效: 93)
[2026-07-13 11:34:59] 测速进度: 610/1284 (有效: 93)
[2026-07-13 11:34:59] 测速进度: 620/1284 (有效: 93)
[2026-07-13 11:34:59] 测速进度: 630/1284 (有效: 93)
[2026-07-13 11:34:59] 测速进度: 640/1284 (有效: 93)
[2026-07-13 11:34:59] 测速进度: 650/1284 (有效: 93)
[2026-07-13 11:35:00] 测速进度: 660/1284 (有效: 93)
[2026-07-13 11:35:00] 测速进度: 670/1284 (有效: 93)
[2026-07-13 11:35:00] 测速进度: 680/1284 (有效: 93)
[2026-07-13 11:35:00] 测速进度: 690/1284 (有效: 93)
[2026-07-13 11:35:00] 测速进度: 700/1284 (有效: 93)
[2026-07-13 11:35:00] 测速进度: 710/1284 (有效: 93)
[2026-07-13 11:35:00] 测速进度: 720/1284 (有效: 93)
[2026-07-13 11:35:00] 测速进度: 730/1284 (有效: 93)
[2026-07-13 11:35:00] 测速进度: 740/1284 (有效: 93)
[2026-07-13 11:35:00] 测速进度: 750/1284 (有效: 93)
[2026-07-13 11:35:00] 测速进度: 760/1284 (有效: 93)
[2026-07-13 11:35:00] 测速进度: 770/1284 (有效: 93)
[2026-07-13 11:35:00] 测速进度: 780/1284 (有效: 93)
[2026-07-13 11:35:00] 测速进度: 790/1284 (有效: 93)
[2026-07-13 11:35:00] 测速进度: 800/1284 (有效: 93)
[2026-07-13 11:35:00] 测速进度: 810/1284 (有效: 93)
[2026-07-13 11:35:00] 测速进度: 820/1284 (有效: 93)
[2026-07-13 11:35:00] 测速进度: 830/1284 (有效: 93)
[2026-07-13 11:35:00] 测速进度: 840/1284 (有效: 93)
[2026-07-13 11:35:00] 测速进度: 850/1284 (有效: 93)
[2026-07-13 11:35:00] 测速进度: 860/1284 (有效: 93)
[2026-07-13 11:35:00] 测速进度: 870/1284 (有效: 93)
[2026-07-13 11:35:00] 测速进度: 880/1284 (有效: 93)
[2026-07-13 11:35:02] 测速进度: 890/1284 (有效: 93)
[2026-07-13 11:35:10] 测速进度: 900/1284 (有效: 95)
[2026-07-13 11:35:12] 测速进度: 910/1284 (有效: 95)
[2026-07-13 11:35:12] 测速进度: 920/1284 (有效: 95)
[2026-07-13 11:35:14] 测速进度: 930/1284 (有效: 95)
[2026-07-13 11:35:14] 测速进度: 940/1284 (有效: 95)
[2026-07-13 11:35:16] 测速进度: 950/1284 (有效: 95)
[2026-07-13 11:35:16] 测速进度: 960/1284 (有效: 95)
[2026-07-13 11:35:18] 测速进度: 970/1284 (有效: 95)
[2026-07-13 11:35:18] 测速进度: 980/1284 (有效: 95)
[2026-07-13 11:35:18] 测速进度: 990/1284 (有效: 95)
[2026-07-13 11:35:20] 测速进度: 1000/1284 (有效: 95)
[2026-07-13 11:35:20] 测速进度: 1010/1284 (有效: 95)
[2026-07-13 11:35:22] 测速进度: 1020/1284 (有效: 95)
[2026-07-13 11:35:24] 测速进度: 1030/1284 (有效: 95)
[2026-07-13 11:35:24] 测速进度: 1040/1284 (有效: 95)
[2026-07-13 11:35:26] 测速进度: 1050/1284 (有效: 95)
[2026-07-13 11:35:26] 测速进度: 1060/1284 (有效: 95)
[2026-07-13 11:35:28] 测速进度: 1070/1284 (有效: 95)
[2026-07-13 11:35:28] 测速进度: 1080/1284 (有效: 95)
[2026-07-13 11:35:30] 测速进度: 1090/1284 (有效: 95)
[2026-07-13 11:35:30] 测速进度: 1100/1284 (有效: 95)
[2026-07-13 11:35:30] 测速进度: 1110/1284 (有效: 95)
[2026-07-13 11:35:32] 测速进度: 1120/1284 (有效: 95)
[2026-07-13 11:35:32] 测速进度: 1130/1284 (有效: 95)
[2026-07-13 11:35:34] 测速进度: 1140/1284 (有效: 95)
[2026-07-13 11:35:36] 测速进度: 1150/1284 (有效: 95)
[2026-07-13 11:35:36] 测速进度: 1160/1284 (有效: 95)
[2026-07-13 11:35:38] 测速进度: 1170/1284 (有效: 95)
[2026-07-13 11:35:38] 测速进度: 1180/1284 (有效: 95)
[2026-07-13 11:35:40] 测速进度: 1190/1284 (有效: 95)
[2026-07-13 11:35:46] 测速进度: 1200/1284 (有效: 102)
[2026-07-13 11:35:47] 测速进度: 1210/1284 (有效: 102)
[2026-07-13 11:35:48] 测速进度: 1220/1284 (有效: 102)
[2026-07-13 11:35:49] 测速进度: 1230/1284 (有效: 102)
[2026-07-13 11:35:50] 测速进度: 1240/1284 (有效: 102)
[2026-07-13 11:35:52] 测速进度: 1250/1284 (有效: 102)
[2026-07-13 11:36:00] 测速进度: 1260/1284 (有效: 108)
[2026-07-13 11:36:02] 测速进度: 1270/1284 (有效: 108)
[2026-07-13 11:36:02] 测速进度: 1280/1284 (有效: 108)
[2026-07-13 11:36:04] 测速进度: 1284/1284 (有效: 108)
[2026-07-13 11:36:04] 测速完成: 108/1284 个有效源
[2026-07-13 11:36:04] 选中 Top 10 源:
[2026-07-13 11:36:04]   源1: 139.227.21.22:9901 (txiptv) 1.63MB/s
[2026-07-13 11:36:04]   源2: 221.205.211.104:9003 (jsmpeg) 1.55MB/s
[2026-07-13 11:36:04]   源3: 123.124.134.141:59901 (txiptv) 1.54MB/s
[2026-07-13 11:36:04]   源4: 112.237.235.213:9989 (txiptv) 1.48MB/s
[2026-07-13 11:36:04]   源5: 42.227.88.55:9003 (jsmpeg) 1.46MB/s
[2026-07-13 11:36:04]   源6: 112.27.145.212:9902 (txiptv) 1.43MB/s
[2026-07-13 11:36:04]   源7: 221.7.175.154:8445 (txiptv) 1.42MB/s
[2026-07-13 11:36:04]   源8: 223.78.65.165:9901 (txiptv) 1.40MB/s
[2026-07-13 11:36:04]   源9: 221.205.104.59:9003 (jsmpeg) 1.37MB/s
[2026-07-13 11:36:04]   源10: 112.27.5.218:9901 (txiptv) 1.27MB/s
[2026-07-13 11:36:04] 抓取频道: 源1 139.227.21.22:9901 (txiptv)...
[2026-07-13 11:36:08] 抓取频道: 源2 221.205.211.104:9003 (jsmpeg)...
[2026-07-13 11:36:15] 抓取频道: 源3 123.124.134.141:59901 (txiptv)...
[2026-07-13 11:36:24] 抓取频道: 源4 112.237.235.213:9989 (txiptv)...
[2026-07-13 11:36:28] 抓取频道: 源5 42.227.88.55:9003 (jsmpeg)...
[2026-07-13 11:36:33] 抓取频道: 源6 112.27.145.212:9902 (txiptv)...
[2026-07-13 11:36:38] 抓取频道: 源7 221.7.175.154:8445 (txiptv)...
[2026-07-13 11:36:43] 抓取频道: 源8 223.78.65.165:9901 (txiptv)...
[2026-07-13 11:36:48] 抓取频道: 源9 221.205.104.59:9003 (jsmpeg)...
[2026-07-13 11:36:54] 抓取频道: 源10 112.27.5.218:9901 (txiptv)...
[2026-07-13 11:36:57] 远程源共抓取到 299 条频道记录
[2026-07-13 11:36:57] 📊 数据来源: 远程源
[2026-07-13 11:36:57]    M3U8: 73166 字节, TXT: 23559 字节
[2026-07-13 11:36:57] ✅ M3U8 已保存到 output.m3u8 (73166 字节)
[2026-07-13 11:36:57] ✅ TXT 已保存到 output.txt (23559 字节)
[2026-07-13 11:36:57] 🎉 更新完成!
[2026-07-14 09:41:56] ==================================================
[2026-07-14 09:41:56] IPTV 播放列表自动更新（远程源抓取 + 本地保存）
[2026-07-14 09:41:56] ==================================================
[2026-07-14 09:41:56] 抓取远程源 (第1次)...
[2026-07-14 09:41:57] ✅ 远程源获取成功，共 1285 个源
[2026-07-14 09:41:57] 开始测速 1285 个源...
[2026-07-14 09:42:01] 测速进度: 10/1285 (有效: 0)
[2026-07-14 09:42:02] 测速进度: 20/1285 (有效: 0)
[2026-07-14 09:42:07] 测速进度: 30/1285 (有效: 3)
[2026-07-14 09:42:08] 测速进度: 40/1285 (有效: 10)
[2026-07-14 09:42:11] 测速进度: 50/1285 (有效: 16)
[2026-07-14 09:42:14] 测速进度: 70/1285 (有效: 18)
[2026-07-14 09:42:15] 测速进度: 80/1285 (有效: 18)
[2026-07-14 09:42:17] 测速进度: 90/1285 (有效: 19)
[2026-07-14 09:42:20] 测速进度: 100/1285 (有效: 21)
[2026-07-14 09:42:22] 测速进度: 110/1285 (有效: 27)
[2026-07-14 09:42:29] 测速进度: 130/1285 (有效: 36)
[2026-07-14 09:42:29] 测速进度: 140/1285 (有效: 36)
[2026-07-14 09:42:31] 测速进度: 150/1285 (有效: 36)
[2026-07-14 09:42:31] 测速进度: 160/1285 (有效: 36)
[2026-07-14 09:42:33] 测速进度: 170/1285 (有效: 36)
[2026-07-14 09:42:37] 测速进度: 180/1285 (有效: 37)
[2026-07-14 09:42:39] 测速进度: 190/1285 (有效: 37)
[2026-07-14 09:42:39] 测速进度: 200/1285 (有效: 37)
[2026-07-14 09:42:41] 测速进度: 210/1285 (有效: 37)
[2026-07-14 09:42:43] 测速进度: 220/1285 (有效: 39)
[2026-07-14 09:42:46] 测速进度: 230/1285 (有效: 44)
[2026-07-14 09:42:53] 测速进度: 250/1285 (有效: 53)
[2026-07-14 09:42:54] 测速进度: 260/1285 (有效: 53)
[2026-07-14 09:42:56] 测速进度: 270/1285 (有效: 53)
[2026-07-14 09:42:58] 测速进度: 280/1285 (有效: 55)
[2026-07-14 09:43:01] 测速进度: 290/1285 (有效: 61)
[2026-07-14 09:43:09] 测速进度: 310/1285 (有效: 70)
[2026-07-14 09:43:10] 测速进度: 320/1285 (有效: 70)
[2026-07-14 09:43:11] 测速进度: 330/1285 (有效: 70)
[2026-07-14 09:43:13] 测速进度: 340/1285 (有效: 70)
[2026-07-14 09:43:15] 测速进度: 350/1285 (有效: 71)
[2026-07-14 09:43:24] 测速进度: 370/1285 (有效: 78)
[2026-07-14 09:43:25] 测速进度: 380/1285 (有效: 78)
[2026-07-14 09:43:26] 测速进度: 390/1285 (有效: 78)
[2026-07-14 09:43:27] 测速进度: 400/1285 (有效: 78)
[2026-07-14 09:43:30] 测速进度: 410/1285 (有效: 78)
[2026-07-14 09:43:36] 测速进度: 420/1285 (有效: 85)
[2026-07-14 09:43:37] 测速进度: 430/1285 (有效: 85)
[2026-07-14 09:43:38] 测速进度: 440/1285 (有效: 85)
[2026-07-14 09:43:40] 测速进度: 450/1285 (有效: 86)
[2026-07-14 09:43:42] 测速进度: 460/1285 (有效: 86)
[2026-07-14 09:43:44] 测速进度: 470/1285 (有效: 87)
[2026-07-14 09:43:56] 测速进度: 490/1285 (有效: 90)
[2026-07-14 09:43:56] 测速进度: 500/1285 (有效: 90)
[2026-07-14 09:43:57] 测速进度: 510/1285 (有效: 90)
[2026-07-14 09:43:58] 测速进度: 520/1285 (有效: 90)
[2026-07-14 09:44:01] 测速进度: 530/1285 (有效: 91)
[2026-07-14 09:44:06] 测速进度: 540/1285 (有效: 94)
[2026-07-14 09:44:06] 测速进度: 550/1285 (有效: 94)
[2026-07-14 09:44:11] 测速进度: 560/1285 (有效: 94)
[2026-07-14 09:44:11] 测速进度: 570/1285 (有效: 94)
[2026-07-14 09:44:12] 测速进度: 580/1285 (有效: 94)
[2026-07-14 09:44:16] 测速进度: 590/1285 (有效: 95)
[2026-07-14 09:44:21] 测速进度: 610/1285 (有效: 95)
[2026-07-14 09:44:21] 测速进度: 620/1285 (有效: 95)
[2026-07-14 09:44:21] 测速进度: 630/1285 (有效: 95)
[2026-07-14 09:44:21] 测速进度: 640/1285 (有效: 95)
[2026-07-14 09:44:21] 测速进度: 650/1285 (有效: 95)
[2026-07-14 09:44:26] 测速进度: 660/1285 (有效: 96)
[2026-07-14 09:44:26] 测速进度: 670/1285 (有效: 96)
[2026-07-14 09:44:26] 测速进度: 680/1285 (有效: 96)
[2026-07-14 09:44:26] 测速进度: 690/1285 (有效: 96)
[2026-07-14 09:44:26] 测速进度: 700/1285 (有效: 96)
[2026-07-14 09:44:26] 测速进度: 710/1285 (有效: 96)
[2026-07-14 09:44:26] 测速进度: 720/1285 (有效: 96)
[2026-07-14 09:44:26] 测速进度: 730/1285 (有效: 96)
[2026-07-14 09:44:26] 测速进度: 740/1285 (有效: 96)
[2026-07-14 09:44:26] 测速进度: 750/1285 (有效: 96)
[2026-07-14 09:44:26] 测速进度: 760/1285 (有效: 96)
[2026-07-14 09:44:26] 测速进度: 770/1285 (有效: 96)
[2026-07-14 09:44:26] 测速进度: 780/1285 (有效: 96)
[2026-07-14 09:44:26] 测速进度: 790/1285 (有效: 96)
[2026-07-14 09:44:26] 测速进度: 800/1285 (有效: 96)
[2026-07-14 09:44:26] 测速进度: 810/1285 (有效: 96)
[2026-07-14 09:44:26] 测速进度: 820/1285 (有效: 96)
[2026-07-14 09:44:26] 测速进度: 830/1285 (有效: 96)
[2026-07-14 09:44:26] 测速进度: 840/1285 (有效: 96)
[2026-07-14 09:44:26] 测速进度: 850/1285 (有效: 96)
[2026-07-14 09:44:26] 测速进度: 860/1285 (有效: 96)
[2026-07-14 09:44:26] 测速进度: 870/1285 (有效: 96)
[2026-07-14 09:44:26] 测速进度: 880/1285 (有效: 96)
[2026-07-14 09:44:28] 测速进度: 890/1285 (有效: 96)
[2026-07-14 09:44:33] 测速进度: 900/1285 (有效: 98)
[2026-07-14 09:44:35] 测速进度: 910/1285 (有效: 98)
[2026-07-14 09:44:35] 测速进度: 920/1285 (有效: 98)
[2026-07-14 09:44:37] 测速进度: 930/1285 (有效: 98)
[2026-07-14 09:44:37] 测速进度: 940/1285 (有效: 98)
[2026-07-14 09:44:37] 测速进度: 950/1285 (有效: 98)
[2026-07-14 09:44:39] 测速进度: 960/1285 (有效: 98)
[2026-07-14 09:44:41] 测速进度: 970/1285 (有效: 98)
[2026-07-14 09:44:41] 测速进度: 980/1285 (有效: 98)
[2026-07-14 09:44:41] 测速进度: 990/1285 (有效: 98)
[2026-07-14 09:44:43] 测速进度: 1000/1285 (有效: 98)
[2026-07-14 09:44:43] 测速进度: 1010/1285 (有效: 98)
[2026-07-14 09:44:45] 测速进度: 1020/1285 (有效: 98)
[2026-07-14 09:44:47] 测速进度: 1030/1285 (有效: 98)
[2026-07-14 09:44:47] 测速进度: 1040/1285 (有效: 98)
[2026-07-14 09:44:47] 测速进度: 1050/1285 (有效: 98)
[2026-07-14 09:44:49] 测速进度: 1060/1285 (有效: 98)
[2026-07-14 09:44:49] 测速进度: 1070/1285 (有效: 98)
[2026-07-14 09:44:51] 测速进度: 1080/1285 (有效: 98)
[2026-07-14 09:44:53] 测速进度: 1090/1285 (有效: 98)
[2026-07-14 09:44:53] 测速进度: 1100/1285 (有效: 98)
[2026-07-14 09:44:53] 测速进度: 1110/1285 (有效: 98)
[2026-07-14 09:44:55] 测速进度: 1120/1285 (有效: 98)
[2026-07-14 09:44:55] 测速进度: 1130/1285 (有效: 98)
[2026-07-14 09:44:57] 测速进度: 1140/1285 (有效: 98)
[2026-07-14 09:44:59] 测速进度: 1150/1285 (有效: 98)
[2026-07-14 09:44:59] 测速进度: 1160/1285 (有效: 98)
[2026-07-14 09:45:00] 测速进度: 1170/1285 (有效: 98)
[2026-07-14 09:45:01] 测速进度: 1180/1285 (有效: 98)
[2026-07-14 09:45:03] 测速进度: 1190/1285 (有效: 98)
[2026-07-14 09:45:11] 测速进度: 1200/1285 (有效: 104)
[2026-07-14 09:45:13] 测速进度: 1210/1285 (有效: 104)
[2026-07-14 09:45:13] 测速进度: 1220/1285 (有效: 104)
[2026-07-14 09:45:15] 测速进度: 1230/1285 (有效: 104)
[2026-07-14 09:45:15] 测速进度: 1240/1285 (有效: 104)
[2026-07-14 09:45:17] 测速进度: 1250/1285 (有效: 104)
[2026-07-14 09:45:24] 测速进度: 1260/1285 (有效: 111)
[2026-07-14 09:45:26] 测速进度: 1270/1285 (有效: 111)
[2026-07-14 09:45:27] 测速进度: 1280/1285 (有效: 111)
[2026-07-14 09:45:39] 测速完成: 111/1285 个有效源
[2026-07-14 09:45:39] 选中 Top 10 源:
[2026-07-14 09:45:39]   源1: 111.4.59.41:60901 (txiptv) 1.44MB/s
[2026-07-14 09:45:39]   源2: 112.27.5.218:9901 (txiptv) 1.43MB/s
[2026-07-14 09:45:39]   源3: 223.78.65.165:9901 (txiptv) 1.28MB/s
[2026-07-14 09:45:39]   源4: 221.7.175.154:8445 (txiptv) 1.25MB/s
[2026-07-14 09:45:39]   源5: 221.232.196.197:7777 (txiptv) 1.18MB/s
[2026-07-14 09:45:39]   源6: 221.232.197.199:7777 (txiptv) 1.13MB/s
[2026-07-14 09:45:39]   源7: 221.232.198.198:7777 (txiptv) 1.07MB/s
[2026-07-14 09:45:39]   源8: 112.27.145.212:9902 (txiptv) 1.04MB/s
[2026-07-14 09:45:39]   源9: 183.184.193.133:9003 (jsmpeg) 1.04MB/s
[2026-07-14 09:45:39]   源10: 223.84.217.112:799 (zhgxtv) 1.01MB/s
[2026-07-14 09:45:39] 抓取频道: 源1 111.4.59.41:60901 (txiptv)...
[2026-07-14 09:45:44] 抓取频道: 源2 112.27.5.218:9901 (txiptv)...
[2026-07-14 09:45:49] 抓取频道: 源3 223.78.65.165:9901 (txiptv)...
[2026-07-14 09:45:58] 抓取频道: 源4 221.7.175.154:8445 (txiptv)...
[2026-07-14 09:46:04] 抓取频道: 源5 221.232.196.197:7777 (txiptv)...
[2026-07-14 09:46:11] 抓取频道: 源6 221.232.197.199:7777 (txiptv)...
[2026-07-14 09:46:17] 抓取频道: 源7 221.232.198.198:7777 (txiptv)...
[2026-07-14 09:46:19] 抓取频道: 源8 112.27.145.212:9902 (txiptv)...
[2026-07-14 09:46:24] 抓取频道: 源9 183.184.193.133:9003 (jsmpeg)...
[2026-07-14 09:46:34] 抓取频道: 源10 223.84.217.112:799 (zhgxtv)...
[2026-07-14 09:46:38] 远程源共抓取到 468 条频道记录
[2026-07-14 09:46:38] 📊 数据来源: 远程源
[2026-07-14 09:46:38]    M3U8: 114963 字节, TXT: 36439 字节
[2026-07-14 09:46:38] ✅ M3U8 已保存到 output.m3u8 (114963 字节)
[2026-07-14 09:46:38] ✅ TXT 已保存到 output.txt (36439 字节)
[2026-07-14 09:46:38] 🎉 更新完成!
[2026-07-14 22:54:26] ==================================================
[2026-07-14 22:54:26] IPTV 播放列表自动更新（远程源抓取 + 本地保存）
[2026-07-14 22:54:26] ==================================================
[2026-07-14 22:54:26] 抓取远程源 (第1次)...
[2026-07-14 22:54:27] ✅ 远程源获取成功，共 1284 个源
[2026-07-14 22:54:27] 开始测速 1284 个源...
[2026-07-14 22:54:28] 测速进度: 10/1284 (有效: 0)
[2026-07-14 22:54:32] 测速进度: 20/1284 (有效: 0)
[2026-07-14 22:54:34] 测速进度: 30/1284 (有效: 1)
[2026-07-14 22:54:36] 测速进度: 40/1284 (有效: 7)
[2026-07-14 22:54:38] 测速进度: 50/1284 (有效: 12)
[2026-07-14 22:54:44] 测速进度: 70/1284 (有效: 18)
[2026-07-14 22:54:44] 测速进度: 80/1284 (有效: 18)
[2026-07-14 22:54:45] 测速进度: 90/1284 (有效: 18)
[2026-07-14 22:54:46] 测速进度: 100/1284 (有效: 19)
[2026-07-14 22:54:47] 测速进度: 110/1284 (有效: 22)
[2026-07-14 22:54:53] 测速进度: 120/1284 (有效: 30)
[2026-07-14 22:54:54] 测速进度: 130/1284 (有效: 30)
[2026-07-14 22:54:55] 测速进度: 140/1284 (有效: 30)
[2026-07-14 22:54:55] 测速进度: 150/1284 (有效: 30)
[2026-07-14 22:54:57] 测速进度: 160/1284 (有效: 30)
[2026-07-14 22:54:58] 测速进度: 170/1284 (有效: 31)
[2026-07-14 22:55:04] 测速进度: 180/1284 (有效: 34)
[2026-07-14 22:55:06] 测速进度: 190/1284 (有效: 34)
[2026-07-14 22:55:06] 测速进度: 200/1284 (有效: 34)
[2026-07-14 22:55:08] 测速进度: 210/1284 (有效: 34)
[2026-07-14 22:55:09] 测速进度: 220/1284 (有效: 35)
[2026-07-14 22:55:12] 测速进度: 230/1284 (有效: 39)
[2026-07-14 22:55:17] 测速进度: 240/1284 (有效: 49)
[2026-07-14 22:55:18] 测速进度: 250/1284 (有效: 49)
[2026-07-14 22:55:19] 测速进度: 260/1284 (有效: 49)
[2026-07-14 22:55:21] 测速进度: 270/1284 (有效: 50)
[2026-07-14 22:55:22] 测速进度: 280/1284 (有效: 53)
[2026-07-14 22:55:25] 测速进度: 290/1284 (有效: 57)
[2026-07-14 22:55:34] 测速进度: 310/1284 (有效: 65)
[2026-07-14 22:55:35] 测速进度: 320/1284 (有效: 65)
[2026-07-14 22:55:36] 测速进度: 330/1284 (有效: 65)
[2026-07-14 22:55:38] 测速进度: 340/1284 (有效: 66)
[2026-07-14 22:55:41] 测速进度: 350/1284 (有效: 67)
[2026-07-14 22:55:48] 测速进度: 370/1284 (有效: 73)
[2026-07-14 22:55:49] 测速进度: 380/1284 (有效: 73)
[2026-07-14 22:55:50] 测速进度: 390/1284 (有效: 73)
[2026-07-14 22:55:51] 测速进度: 400/1284 (有效: 73)
[2026-07-14 22:55:54] 测速进度: 410/1284 (有效: 74)
[2026-07-14 22:56:00] 测速进度: 420/1284 (有效: 80)
[2026-07-14 22:56:01] 测速进度: 430/1284 (有效: 80)
[2026-07-14 22:56:02] 测速进度: 440/1284 (有效: 80)
[2026-07-14 22:56:03] 测速进度: 450/1284 (有效: 81)
[2026-07-14 22:56:06] 测速进度: 460/1284 (有效: 81)
[2026-07-14 22:56:08] 测速进度: 470/1284 (有效: 82)
[2026-07-14 22:56:11] 测速进度: 480/1284 (有效: 86)
[2026-07-14 22:56:16] 测速进度: 490/1284 (有效: 86)
[2026-07-14 22:56:16] 测速进度: 500/1284 (有效: 86)
[2026-07-14 22:56:17] 测速进度: 510/1284 (有效: 86)
[2026-07-14 22:56:17] 测速进度: 520/1284 (有效: 86)
[2026-07-14 22:56:21] 测速进度: 530/1284 (有效: 87)
[2026-07-14 22:56:27] 测速进度: 550/1284 (有效: 89)
[2026-07-14 22:56:31] 测速进度: 560/1284 (有效: 89)
[2026-07-14 22:56:32] 测速进度: 570/1284 (有效: 89)
[2026-07-14 22:56:32] 测速进度: 580/1284 (有效: 89)
[2026-07-14 22:56:36] 测速进度: 590/1284 (有效: 90)
[2026-07-14 22:56:41] 测速进度: 600/1284 (有效: 92)
[2026-07-14 22:56:41] 测速进度: 610/1284 (有效: 92)
[2026-07-14 22:56:41] 测速进度: 620/1284 (有效: 92)
[2026-07-14 22:56:41] 测速进度: 630/1284 (有效: 92)
[2026-07-14 22:56:41] 测速进度: 640/1284 (有效: 92)
[2026-07-14 22:56:41] 测速进度: 650/1284 (有效: 92)
[2026-07-14 22:56:46] 测速进度: 660/1284 (有效: 93)
[2026-07-14 22:56:46] 测速进度: 670/1284 (有效: 93)
[2026-07-14 22:56:46] 测速进度: 680/1284 (有效: 93)
[2026-07-14 22:56:46] 测速进度: 690/1284 (有效: 93)
[2026-07-14 22:56:46] 测速进度: 700/1284 (有效: 93)
[2026-07-14 22:56:46] 测速进度: 710/1284 (有效: 93)
[2026-07-14 22:56:46] 测速进度: 720/1284 (有效: 93)
[2026-07-14 22:56:46] 测速进度: 730/1284 (有效: 93)
[2026-07-14 22:56:46] 测速进度: 740/1284 (有效: 93)
[2026-07-14 22:56:46] 测速进度: 750/1284 (有效: 93)
[2026-07-14 22:56:46] 测速进度: 760/1284 (有效: 93)
[2026-07-14 22:56:46] 测速进度: 770/1284 (有效: 93)
[2026-07-14 22:56:46] 测速进度: 780/1284 (有效: 93)
[2026-07-14 22:56:46] 测速进度: 790/1284 (有效: 93)
[2026-07-14 22:56:46] 测速进度: 800/1284 (有效: 93)
[2026-07-14 22:56:46] 测速进度: 810/1284 (有效: 93)
[2026-07-14 22:56:46] 测速进度: 820/1284 (有效: 93)
[2026-07-14 22:56:46] 测速进度: 830/1284 (有效: 93)
[2026-07-14 22:56:46] 测速进度: 840/1284 (有效: 93)
[2026-07-14 22:56:46] 测速进度: 850/1284 (有效: 93)
[2026-07-14 22:56:46] 测速进度: 860/1284 (有效: 93)
[2026-07-14 22:56:46] 测速进度: 870/1284 (有效: 93)
[2026-07-14 22:56:46] 测速进度: 880/1284 (有效: 93)
[2026-07-14 22:56:48] 测速进度: 890/1284 (有效: 93)
[2026-07-14 22:56:55] 测速进度: 900/1284 (有效: 95)
[2026-07-14 22:56:57] 测速进度: 910/1284 (有效: 95)
[2026-07-14 22:56:57] 测速进度: 920/1284 (有效: 95)
[2026-07-14 22:56:59] 测速进度: 930/1284 (有效: 95)
[2026-07-14 22:56:59] 测速进度: 940/1284 (有效: 95)
[2026-07-14 22:57:00] 测速进度: 950/1284 (有效: 95)
[2026-07-14 22:57:01] 测速进度: 960/1284 (有效: 95)
[2026-07-14 22:57:03] 测速进度: 970/1284 (有效: 95)
[2026-07-14 22:57:03] 测速进度: 980/1284 (有效: 95)
[2026-07-14 22:57:04] 测速进度: 990/1284 (有效: 95)
[2026-07-14 22:57:05] 测速进度: 1000/1284 (有效: 95)
[2026-07-14 22:57:06] 测速进度: 1010/1284 (有效: 95)
[2026-07-14 22:57:07] 测速进度: 1020/1284 (有效: 95)
[2026-07-14 22:57:09] 测速进度: 1030/1284 (有效: 95)
[2026-07-14 22:57:09] 测速进度: 1040/1284 (有效: 95)
[2026-07-14 22:57:10] 测速进度: 1050/1284 (有效: 95)
[2026-07-14 22:57:11] 测速进度: 1060/1284 (有效: 95)
[2026-07-14 22:57:12] 测速进度: 1070/1284 (有效: 95)
[2026-07-14 22:57:13] 测速进度: 1080/1284 (有效: 95)
[2026-07-14 22:57:15] 测速进度: 1090/1284 (有效: 95)
[2026-07-14 22:57:15] 测速进度: 1100/1284 (有效: 95)
[2026-07-14 22:57:16] 测速进度: 1110/1284 (有效: 95)
[2026-07-14 22:57:17] 测速进度: 1120/1284 (有效: 95)
[2026-07-14 22:57:18] 测速进度: 1130/1284 (有效: 95)
[2026-07-14 22:57:19] 测速进度: 1140/1284 (有效: 95)
[2026-07-14 22:57:21] 测速进度: 1150/1284 (有效: 95)
[2026-07-14 22:57:22] 测速进度: 1160/1284 (有效: 95)
[2026-07-14 22:57:22] 测速进度: 1170/1284 (有效: 95)
[2026-07-14 22:57:24] 测速进度: 1180/1284 (有效: 95)
[2026-07-14 22:57:25] 测速进度: 1190/1284 (有效: 96)
[2026-07-14 22:57:36] 测速进度: 1210/1284 (有效: 100)
[2026-07-14 22:57:37] 测速进度: 1220/1284 (有效: 100)
[2026-07-14 22:57:38] 测速进度: 1230/1284 (有效: 101)
[2026-07-14 22:57:39] 测速进度: 1240/1284 (有效: 101)
[2026-07-14 22:57:40] 测速进度: 1250/1284 (有效: 102)
[2026-07-14 22:57:52] 测速进度: 1270/1284 (有效: 106)
[2026-07-14 22:57:52] 测速进度: 1280/1284 (有效: 106)
[2026-07-14 22:58:02] 测速进度: 1284/1284 (有效: 109)
[2026-07-14 22:58:02] 测速完成: 109/1284 个有效源
[2026-07-14 22:58:02] 选中 Top 10 源:
[2026-07-14 22:58:02]   源1: 112.27.5.218:9901 (txiptv) 1.99MB/s
[2026-07-14 22:58:02]   源2: 139.227.21.22:9901 (txiptv) 1.81MB/s
[2026-07-14 22:58:02]   源3: 221.7.175.154:8445 (txiptv) 1.70MB/s
[2026-07-14 22:58:02]   源4: 118.81.63.229:9003 (jsmpeg) 1.67MB/s
[2026-07-14 22:58:02]   源5: 123.124.134.141:59901 (txiptv) 1.61MB/s
[2026-07-14 22:58:02]   源6: 106.115.24.179:19901 (txiptv) 1.52MB/s
[2026-07-14 22:58:02]   源7: 221.205.103.159:9003 (jsmpeg) 1.50MB/s
[2026-07-14 22:58:02]   源8: 113.90.154.189:9901 (txiptv) 1.47MB/s
[2026-07-14 22:58:02]   源9: 101.21.118.3:9901 (txiptv) 1.42MB/s
[2026-07-14 22:58:02]   源10: 182.140.125.47:808 (zhgxtv) 1.02MB/s
[2026-07-14 22:58:02] 抓取频道: 源1 112.27.5.218:9901 (txiptv)...
[2026-07-14 22:58:07] 抓取频道: 源2 139.227.21.22:9901 (txiptv)...
[2026-07-14 22:58:11] 抓取频道: 源3 221.7.175.154:8445 (txiptv)...
[2026-07-14 22:58:15] 抓取频道: 源4 118.81.63.229:9003 (jsmpeg)...
[2026-07-14 22:58:20] 抓取频道: 源5 123.124.134.141:59901 (txiptv)...
[2026-07-14 22:58:25] 抓取频道: 源6 106.115.24.179:19901 (txiptv)...
[2026-07-14 22:58:29] 抓取频道: 源7 221.205.103.159:9003 (jsmpeg)...
[2026-07-14 22:58:30] 抓取频道: 源8 113.90.154.189:9901 (txiptv)...
[2026-07-14 22:58:34] 抓取频道: 源9 101.21.118.3:9901 (txiptv)...
[2026-07-14 22:58:39] 抓取频道: 源10 182.140.125.47:808 (zhgxtv)...
[2026-07-14 22:58:47] 远程源共抓取到 357 条频道记录
[2026-07-14 22:58:47] 📊 数据来源: 远程源
[2026-07-14 22:58:47]    M3U8: 89353 字节, TXT: 29718 字节
[2026-07-14 22:58:47] ✅ M3U8 已保存到 output.m3u8 (89353 字节)
[2026-07-14 22:58:47] ✅ TXT 已保存到 output.txt (29718 字节)
[2026-07-14 22:58:47] 🎉 更新完成!
[2026-07-15 22:55:49] ==================================================
[2026-07-15 22:55:49] IPTV 播放列表自动更新（远程源抓取 + 本地保存）
[2026-07-15 22:55:49] ==================================================
[2026-07-15 22:55:49] 抓取远程源 (第1次)...
[2026-07-15 22:55:50] ✅ 远程源获取成功，共 1275 个源
[2026-07-15 22:55:50] 开始测速 1275 个源...
[2026-07-15 22:55:55] 测速进度: 10/1275 (有效: 0)
[2026-07-15 22:55:55] 测速进度: 20/1275 (有效: 1)
[2026-07-15 22:55:59] 测速进度: 30/1275 (有效: 5)
[2026-07-15 22:56:01] 测速进度: 40/1275 (有效: 9)
[2026-07-15 22:56:06] 测速进度: 70/1275 (有效: 16)
[2026-07-15 22:56:07] 测速进度: 80/1275 (有效: 16)
[2026-07-15 22:56:08] 测速进度: 90/1275 (有效: 16)
[2026-07-15 22:56:09] 测速进度: 100/1275 (有效: 16)
[2026-07-15 22:56:11] 测速进度: 110/1275 (有效: 17)
[2026-07-15 22:56:17] 测速进度: 120/1275 (有效: 27)
[2026-07-15 22:56:19] 测速进度: 130/1275 (有效: 27)
[2026-07-15 22:56:19] 测速进度: 140/1275 (有效: 27)
[2026-07-15 22:56:21] 测速进度: 150/1275 (有效: 28)
[2026-07-15 22:56:21] 测速进度: 160/1275 (有效: 28)
[2026-07-15 22:56:23] 测速进度: 170/1275 (有效: 28)
[2026-07-15 22:56:31] 测速进度: 180/1275 (有效: 35)
[2026-07-15 22:56:33] 测速进度: 190/1275 (有效: 35)
[2026-07-15 22:56:33] 测速进度: 200/1275 (有效: 35)
[2026-07-15 22:56:35] 测速进度: 210/1275 (有效: 35)
[2026-07-15 22:56:36] 测速进度: 220/1275 (有效: 35)
[2026-07-15 22:56:40] 测速进度: 230/1275 (有效: 40)
[2026-07-15 22:56:47] 测速进度: 250/1275 (有效: 49)
[2026-07-15 22:56:49] 测速进度: 260/1275 (有效: 49)
[2026-07-15 22:56:49] 测速进度: 270/1275 (有效: 50)
[2026-07-15 22:56:52] 测速进度: 280/1275 (有效: 51)
[2026-07-15 22:56:55] 测速进度: 290/1275 (有效: 56)
[2026-07-15 22:57:03] 测速进度: 310/1275 (有效: 64)
[2026-07-15 22:57:04] 测速进度: 320/1275 (有效: 64)
[2026-07-15 22:57:04] 测速进度: 330/1275 (有效: 64)
[2026-07-15 22:57:05] 测速进度: 340/1275 (有效: 64)
[2026-07-15 22:57:07] 测速进度: 350/1275 (有效: 64)
[2026-07-15 22:57:17] 测速进度: 370/1275 (有效: 68)
[2026-07-15 22:57:18] 测速进度: 380/1275 (有效: 68)
[2026-07-15 22:57:19] 测速进度: 390/1275 (有效: 68)
[2026-07-15 22:57:20] 测速进度: 400/1275 (有效: 68)
[2026-07-15 22:57:24] 测速进度: 410/1275 (有效: 70)
[2026-07-15 22:57:29] 测速进度: 420/1275 (有效: 77)
[2026-07-15 22:57:30] 测速进度: 430/1275 (有效: 77)
[2026-07-15 22:57:30] 测速进度: 440/1275 (有效: 77)
[2026-07-15 22:57:31] 测速进度: 450/1275 (有效: 78)
[2026-07-15 22:57:35] 测速进度: 460/1275 (有效: 78)
[2026-07-15 22:57:38] 测速进度: 470/1275 (有效: 80)
[2026-07-15 22:57:45] 测速进度: 490/1275 (有效: 81)
[2026-07-15 22:57:49] 测速进度: 500/1275 (有效: 81)
[2026-07-15 22:57:49] 测速进度: 510/1275 (有效: 81)
[2026-07-15 22:57:50] 测速进度: 520/1275 (有效: 81)
[2026-07-15 22:57:54] 测速进度: 530/1275 (有效: 83)
[2026-07-15 22:57:59] 测速进度: 540/1275 (有效: 86)
[2026-07-15 22:58:01] 测速进度: 550/1275 (有效: 86)
[2026-07-15 22:58:04] 测速进度: 560/1275 (有效: 86)
[2026-07-15 22:58:04] 测速进度: 570/1275 (有效: 86)
[2026-07-15 22:58:05] 测速进度: 580/1275 (有效: 86)
[2026-07-15 22:58:09] 测速进度: 590/1275 (有效: 89)
[2026-07-15 22:58:10] 测速进度: 600/1275 (有效: 89)
[2026-07-15 22:58:10] 测速进度: 610/1275 (有效: 89)
[2026-07-15 22:58:10] 测速进度: 620/1275 (有效: 89)
[2026-07-15 22:58:10] 测速进度: 630/1275 (有效: 89)
[2026-07-15 22:58:10] 测速进度: 640/1275 (有效: 89)
[2026-07-15 22:58:10] 测速进度: 650/1275 (有效: 89)
[2026-07-15 22:58:10] 测速进度: 660/1275 (有效: 89)
[2026-07-15 22:58:10] 测速进度: 670/1275 (有效: 89)
[2026-07-15 22:58:10] 测速进度: 680/1275 (有效: 89)
[2026-07-15 22:58:10] 测速进度: 690/1275 (有效: 89)
[2026-07-15 22:58:10] 测速进度: 700/1275 (有效: 89)
[2026-07-15 22:58:10] 测速进度: 710/1275 (有效: 89)
[2026-07-15 22:58:10] 测速进度: 720/1275 (有效: 89)
[2026-07-15 22:58:10] 测速进度: 730/1275 (有效: 89)
[2026-07-15 22:58:10] 测速进度: 740/1275 (有效: 89)
[2026-07-15 22:58:10] 测速进度: 750/1275 (有效: 89)
[2026-07-15 22:58:10] 测速进度: 760/1275 (有效: 89)
[2026-07-15 22:58:10] 测速进度: 770/1275 (有效: 89)
[2026-07-15 22:58:10] 测速进度: 780/1275 (有效: 89)
[2026-07-15 22:58:10] 测速进度: 790/1275 (有效: 89)
[2026-07-15 22:58:10] 测速进度: 800/1275 (有效: 89)
[2026-07-15 22:58:10] 测速进度: 810/1275 (有效: 89)
[2026-07-15 22:58:10] 测速进度: 820/1275 (有效: 89)
[2026-07-15 22:58:10] 测速进度: 830/1275 (有效: 89)
[2026-07-15 22:58:10] 测速进度: 840/1275 (有效: 89)
[2026-07-15 22:58:10] 测速进度: 850/1275 (有效: 89)
[2026-07-15 22:58:10] 测速进度: 860/1275 (有效: 89)
[2026-07-15 22:58:10] 测速进度: 870/1275 (有效: 89)
[2026-07-15 22:58:10] 测速进度: 880/1275 (有效: 89)
[2026-07-15 22:58:12] 测速进度: 890/1275 (有效: 89)
[2026-07-15 22:58:17] 测速进度: 900/1275 (有效: 91)
[2026-07-15 22:58:19] 测速进度: 910/1275 (有效: 91)
[2026-07-15 22:58:19] 测速进度: 920/1275 (有效: 91)
[2026-07-15 22:58:21] 测速进度: 930/1275 (有效: 91)
[2026-07-15 22:58:21] 测速进度: 940/1275 (有效: 91)
[2026-07-15 22:58:21] 测速进度: 950/1275 (有效: 91)
[2026-07-15 22:58:23] 测速进度: 960/1275 (有效: 91)
[2026-07-15 22:58:25] 测速进度: 970/1275 (有效: 91)
[2026-07-15 22:58:25] 测速进度: 980/1275 (有效: 91)
[2026-07-15 22:58:27] 测速进度: 990/1275 (有效: 91)
[2026-07-15 22:58:27] 测速进度: 1000/1275 (有效: 91)
[2026-07-15 22:58:27] 测速进度: 1010/1275 (有效: 91)
[2026-07-15 22:58:29] 测速进度: 1020/1275 (有效: 91)
[2026-07-15 22:58:31] 测速进度: 1030/1275 (有效: 91)
[2026-07-15 22:58:31] 测速进度: 1040/1275 (有效: 91)
[2026-07-15 22:58:33] 测速进度: 1050/1275 (有效: 91)
[2026-07-15 22:58:33] 测速进度: 1060/1275 (有效: 91)
[2026-07-15 22:58:35] 测速进度: 1070/1275 (有效: 91)
[2026-07-15 22:58:35] 测速进度: 1080/1275 (有效: 91)
[2026-07-15 22:58:37] 测速进度: 1090/1275 (有效: 91)
[2026-07-15 22:58:37] 测速进度: 1100/1275 (有效: 91)
[2026-07-15 22:58:38] 测速进度: 1110/1275 (有效: 91)
[2026-07-15 22:58:39] 测速进度: 1120/1275 (有效: 91)
[2026-07-15 22:58:39] 测速进度: 1130/1275 (有效: 91)
[2026-07-15 22:58:44] 测速进度: 1140/1275 (有效: 91)
[2026-07-15 22:58:46] 测速进度: 1150/1275 (有效: 91)
[2026-07-15 22:58:47] 测速进度: 1160/1275 (有效: 91)
[2026-07-15 22:58:49] 测速进度: 1170/1275 (有效: 91)
[2026-07-15 22:58:49] 测速进度: 1180/1275 (有效: 91)
[2026-07-15 22:58:51] 测速进度: 1190/1275 (有效: 91)
[2026-07-15 22:58:59] 测速进度: 1200/1275 (有效: 99)
[2026-07-15 22:59:01] 测速进度: 1210/1275 (有效: 99)
[2026-07-15 22:59:01] 测速进度: 1220/1275 (有效: 99)
[2026-07-15 22:59:03] 测速进度: 1230/1275 (有效: 99)
[2026-07-15 22:59:04] 测速进度: 1240/1275 (有效: 99)
[2026-07-15 22:59:05] 测速进度: 1250/1275 (有效: 99)
[2026-07-15 22:59:13] 测速进度: 1260/1275 (有效: 104)
[2026-07-15 22:59:15] 测速进度: 1270/1275 (有效: 104)
[2026-07-15 22:59:22] 测速进度: 1275/1275 (有效: 106)
[2026-07-15 22:59:22] 测速完成: 106/1275 个有效源
[2026-07-15 22:59:22] 选中 Top 9 源:
[2026-07-15 22:59:22]   源1: 111.4.59.41:60901 (txiptv) 1.46MB/s
[2026-07-15 22:59:22]   源2: 139.227.21.22:9901 (txiptv) 1.38MB/s
[2026-07-15 22:59:22]   源3: 221.7.175.154:8445 (txiptv) 1.34MB/s
[2026-07-15 22:59:22]   源4: 113.90.154.189:9901 (txiptv) 1.26MB/s
[2026-07-15 22:59:22]   源5: 139.227.221.33:9901 (txiptv) 1.22MB/s
[2026-07-15 22:59:22]   源6: 123.124.134.141:59901 (txiptv) 1.19MB/s
[2026-07-15 22:59:22]   源7: 221.232.198.198:7777 (txiptv) 1.17MB/s
[2026-07-15 22:59:22]   源8: 223.78.65.165:9901 (txiptv) 1.16MB/s
[2026-07-15 22:59:22]   源9: 27.39.122.11:9901 (txiptv) 1.06MB/s
[2026-07-15 22:59:22] 抓取频道: 源1 111.4.59.41:60901 (txiptv)...
[2026-07-15 22:59:27] 抓取频道: 源2 139.227.21.22:9901 (txiptv)...
[2026-07-15 22:59:37] 抓取频道: 源3 221.7.175.154:8445 (txiptv)...
[2026-07-15 22:59:42] 抓取频道: 源4 113.90.154.189:9901 (txiptv)...
[2026-07-15 22:59:47] 抓取频道: 源5 139.227.221.33:9901 (txiptv)...
[2026-07-15 22:59:56] 抓取频道: 源6 123.124.134.141:59901 (txiptv)...
[2026-07-15 23:00:02] 抓取频道: 源7 221.232.198.198:7777 (txiptv)...
[2026-07-15 23:00:11] 抓取频道: 源8 223.78.65.165:9901 (txiptv)...
[2026-07-15 23:00:16] 抓取频道: 源9 27.39.122.11:9901 (txiptv)...
[2026-07-15 23:00:18] 远程源共抓取到 309 条频道记录
[2026-07-15 23:00:18] 📊 数据来源: 远程源
[2026-07-15 23:00:18]    M3U8: 77853 字节, TXT: 27152 字节
[2026-07-15 23:00:18] ✅ M3U8 已保存到 output.m3u8 (77853 字节)
[2026-07-15 23:00:18] ✅ TXT 已保存到 output.txt (27152 字节)
[2026-07-15 23:00:18] 🎉 更新完成!
[2026-07-16 22:53:54] ==================================================
[2026-07-16 22:53:54] IPTV 播放列表自动更新（远程源抓取 + 本地保存）
[2026-07-16 22:53:54] ==================================================
[2026-07-16 22:53:54] 抓取远程源 (第1次)...
[2026-07-16 22:53:55] ✅ 远程源获取成功，共 1256 个源
[2026-07-16 22:53:55] 开始测速 1256 个源...
[2026-07-16 22:53:57] 测速进度: 10/1256 (有效: 0)
[2026-07-16 22:54:00] 测速进度: 20/1256 (有效: 0)
[2026-07-16 22:54:01] 测速进度: 30/1256 (有效: 1)
[2026-07-16 22:54:03] 测速进度: 40/1256 (有效: 2)
[2026-07-16 22:54:05] 测速进度: 50/1256 (有效: 7)
[2026-07-16 22:54:10] 测速进度: 70/1256 (有效: 13)
[2026-07-16 22:54:12] 测速进度: 80/1256 (有效: 13)
[2026-07-16 22:54:12] 测速进度: 90/1256 (有效: 13)
[2026-07-16 22:54:13] 测速进度: 100/1256 (有效: 14)
[2026-07-16 22:54:14] 测速进度: 110/1256 (有效: 14)
[2026-07-16 22:54:23] 测速进度: 120/1256 (有效: 16)
[2026-07-16 22:54:25] 测速进度: 130/1256 (有效: 16)
[2026-07-16 22:54:25] 测速进度: 140/1256 (有效: 16)
[2026-07-16 22:54:26] 测速进度: 150/1256 (有效: 16)
[2026-07-16 22:54:27] 测速进度: 160/1256 (有效: 16)
[2026-07-16 22:54:29] 测速进度: 170/1256 (有效: 17)
[2026-07-16 22:54:37] 测速进度: 180/1256 (有效: 27)
[2026-07-16 22:54:39] 测速进度: 190/1256 (有效: 27)
[2026-07-16 22:54:40] 测速进度: 200/1256 (有效: 27)
[2026-07-16 22:54:42] 测速进度: 210/1256 (有效: 29)
[2026-07-16 22:54:43] 测速进度: 220/1256 (有效: 31)
[2026-07-16 22:54:46] 测速进度: 230/1256 (有效: 36)
[2026-07-16 22:54:54] 测速进度: 250/1256 (有效: 44)
[2026-07-16 22:54:55] 测速进度: 260/1256 (有效: 44)
[2026-07-16 22:54:56] 测速进度: 270/1256 (有效: 45)
[2026-07-16 22:54:58] 测速进度: 280/1256 (有效: 47)
[2026-07-16 22:55:00] 测速进度: 290/1256 (有效: 48)
[2026-07-16 22:55:09] 测速进度: 310/1256 (有效: 57)
[2026-07-16 22:55:09] 测速进度: 320/1256 (有效: 57)
[2026-07-16 22:55:11] 测速进度: 330/1256 (有效: 57)
[2026-07-16 22:55:12] 测速进度: 340/1256 (有效: 57)
[2026-07-16 22:55:14] 测速进度: 350/1256 (有效: 57)
[2026-07-16 22:55:24] 测速进度: 370/1256 (有效: 63)
[2026-07-16 22:55:24] 测速进度: 380/1256 (有效: 63)
[2026-07-16 22:55:26] 测速进度: 390/1256 (有效: 63)
[2026-07-16 22:55:27] 测速进度: 400/1256 (有效: 65)
[2026-07-16 22:55:29] 测速进度: 410/1256 (有效: 65)
[2026-07-16 22:55:35] 测速进度: 420/1256 (有效: 73)
[2026-07-16 22:55:36] 测速进度: 430/1256 (有效: 73)
[2026-07-16 22:55:40] 测速进度: 440/1256 (有效: 73)
[2026-07-16 22:55:41] 测速进度: 450/1256 (有效: 73)
[2026-07-16 22:55:42] 测速进度: 460/1256 (有效: 73)
[2026-07-16 22:55:45] 测速进度: 470/1256 (有效: 73)
[2026-07-16 22:55:51] 测速进度: 490/1256 (有效: 74)
[2026-07-16 22:55:52] 测速进度: 500/1256 (有效: 74)
[2026-07-16 22:55:55] 测速进度: 510/1256 (有效: 74)
[2026-07-16 22:55:57] 测速进度: 520/1256 (有效: 74)
[2026-07-16 22:56:00] 测速进度: 530/1256 (有效: 79)
[2026-07-16 22:56:06] 测速进度: 550/1256 (有效: 80)
[2026-07-16 22:56:07] 测速进度: 560/1256 (有效: 80)
[2026-07-16 22:56:07] 测速进度: 570/1256 (有效: 80)
[2026-07-16 22:56:07] 测速进度: 580/1256 (有效: 80)
[2026-07-16 22:56:10] 测速进度: 590/1256 (有效: 81)
[2026-07-16 22:56:12] 测速进度: 600/1256 (有效: 81)
[2026-07-16 22:56:12] 测速进度: 610/1256 (有效: 81)
[2026-07-16 22:56:12] 测速进度: 620/1256 (有效: 81)
[2026-07-16 22:56:12] 测速进度: 630/1256 (有效: 81)
[2026-07-16 22:56:12] 测速进度: 640/1256 (有效: 81)
[2026-07-16 22:56:12] 测速进度: 650/1256 (有效: 81)
[2026-07-16 22:56:12] 测速进度: 660/1256 (有效: 81)
[2026-07-16 22:56:12] 测速进度: 670/1256 (有效: 81)
[2026-07-16 22:56:12] 测速进度: 680/1256 (有效: 81)
[2026-07-16 22:56:12] 测速进度: 690/1256 (有效: 81)
[2026-07-16 22:56:12] 测速进度: 700/1256 (有效: 81)
[2026-07-16 22:56:12] 测速进度: 710/1256 (有效: 81)
[2026-07-16 22:56:12] 测速进度: 720/1256 (有效: 81)
[2026-07-16 22:56:12] 测速进度: 730/1256 (有效: 81)
[2026-07-16 22:56:12] 测速进度: 740/1256 (有效: 81)
[2026-07-16 22:56:12] 测速进度: 750/1256 (有效: 81)
[2026-07-16 22:56:12] 测速进度: 760/1256 (有效: 81)
[2026-07-16 22:56:12] 测速进度: 770/1256 (有效: 81)
[2026-07-16 22:56:12] 测速进度: 780/1256 (有效: 81)
[2026-07-16 22:56:12] 测速进度: 790/1256 (有效: 81)
[2026-07-16 22:56:12] 测速进度: 800/1256 (有效: 81)
[2026-07-16 22:56:12] 测速进度: 810/1256 (有效: 81)
[2026-07-16 22:56:12] 测速进度: 820/1256 (有效: 81)
[2026-07-16 22:56:12] 测速进度: 830/1256 (有效: 81)
[2026-07-16 22:56:12] 测速进度: 840/1256 (有效: 81)
[2026-07-16 22:56:12] 测速进度: 850/1256 (有效: 81)
[2026-07-16 22:56:14] 测速进度: 860/1256 (有效: 81)
[2026-07-16 22:56:14] 测速进度: 870/1256 (有效: 81)
[2026-07-16 22:56:14] 测速进度: 880/1256 (有效: 81)
[2026-07-16 22:56:16] 测速进度: 890/1256 (有效: 81)
[2026-07-16 22:56:23] 测速进度: 900/1256 (有效: 83)
[2026-07-16 22:56:25] 测速进度: 910/1256 (有效: 83)
[2026-07-16 22:56:25] 测速进度: 920/1256 (有效: 83)
[2026-07-16 22:56:27] 测速进度: 930/1256 (有效: 83)
[2026-07-16 22:56:27] 测速进度: 940/1256 (有效: 83)
[2026-07-16 22:56:29] 测速进度: 950/1256 (有效: 83)
[2026-07-16 22:56:29] 测速进度: 960/1256 (有效: 83)
[2026-07-16 22:56:31] 测速进度: 970/1256 (有效: 83)
[2026-07-16 22:56:31] 测速进度: 980/1256 (有效: 83)
[2026-07-16 22:56:31] 测速进度: 990/1256 (有效: 83)
[2026-07-16 22:56:33] 测速进度: 1000/1256 (有效: 83)
[2026-07-16 22:56:33] 测速进度: 1010/1256 (有效: 83)
[2026-07-16 22:56:35] 测速进度: 1020/1256 (有效: 83)
[2026-07-16 22:56:37] 测速进度: 1030/1256 (有效: 83)
[2026-07-16 22:56:37] 测速进度: 1040/1256 (有效: 83)
[2026-07-16 22:56:39] 测速进度: 1050/1256 (有效: 83)
[2026-07-16 22:56:39] 测速进度: 1060/1256 (有效: 83)
[2026-07-16 22:56:41] 测速进度: 1070/1256 (有效: 83)
[2026-07-16 22:56:41] 测速进度: 1080/1256 (有效: 83)
[2026-07-16 22:56:43] 测速进度: 1090/1256 (有效: 83)
[2026-07-16 22:56:43] 测速进度: 1100/1256 (有效: 83)
[2026-07-16 22:56:44] 测速进度: 1110/1256 (有效: 83)
[2026-07-16 22:56:45] 测速进度: 1120/1256 (有效: 83)
[2026-07-16 22:56:47] 测速进度: 1130/1256 (有效: 84)
[2026-07-16 22:56:56] 测速进度: 1140/1256 (有效: 89)
[2026-07-16 22:56:58] 测速进度: 1150/1256 (有效: 89)
[2026-07-16 22:56:58] 测速进度: 1160/1256 (有效: 89)
[2026-07-16 22:57:00] 测速进度: 1170/1256 (有效: 89)
[2026-07-16 22:57:01] 测速进度: 1180/1256 (有效: 89)
[2026-07-16 22:57:02] 测速进度: 1190/1256 (有效: 89)
[2026-07-16 22:57:08] 测速进度: 1200/1256 (有效: 94)
[2026-07-16 22:57:10] 测速进度: 1210/1256 (有效: 94)
[2026-07-16 22:57:10] 测速进度: 1220/1256 (有效: 94)
[2026-07-16 22:57:10] 测速进度: 1230/1256 (有效: 94)
[2026-07-16 22:57:12] 测速进度: 1240/1256 (有效: 94)
[2026-07-16 22:57:14] 测速进度: 1250/1256 (有效: 94)
[2026-07-16 22:57:20] 测速进度: 1256/1256 (有效: 98)
[2026-07-16 22:57:20] 测速完成: 98/1256 个有效源
[2026-07-16 22:57:20] 选中 Top 5 源:
[2026-07-16 22:57:20]   源1: 223.78.65.165:9901 (txiptv) 1.46MB/s
[2026-07-16 22:57:20]   源2: 111.4.59.41:60901 (txiptv) 1.42MB/s
[2026-07-16 22:57:20]   源3: 112.27.5.218:9901 (txiptv) 1.41MB/s
[2026-07-16 22:57:20]   源4: 221.7.175.154:8445 (txiptv) 1.34MB/s
[2026-07-16 22:57:20]   源5: 139.227.21.22:9901 (txiptv) 1.30MB/s
[2026-07-16 22:57:20] 抓取频道: 源1 223.78.65.165:9901 (txiptv)...
[2026-07-16 22:57:25] 抓取频道: 源2 111.4.59.41:60901 (txiptv)...
[2026-07-16 22:57:30] 抓取频道: 源3 112.27.5.218:9901 (txiptv)...
[2026-07-16 22:57:35] 抓取频道: 源4 221.7.175.154:8445 (txiptv)...
[2026-07-16 22:57:40] 抓取频道: 源5 139.227.21.22:9901 (txiptv)...
[2026-07-16 22:57:45] 远程源共抓取到 263 条频道记录
[2026-07-16 22:57:45] 📊 数据来源: 远程源
[2026-07-16 22:57:45]    M3U8: 67057 字节, TXT: 23072 字节
[2026-07-16 22:57:45] ✅ M3U8 已保存到 output.m3u8 (67057 字节)
[2026-07-16 22:57:45] ✅ TXT 已保存到 output.txt (23072 字节)
[2026-07-16 22:57:45] 🎉 更新完成!
[2026-07-17 22:44:20] ==================================================
[2026-07-17 22:44:20] IPTV 播放列表自动更新（远程源抓取 + 本地保存）
[2026-07-17 22:44:20] ==================================================
[2026-07-17 22:44:20] 抓取远程源 (第1次)...
[2026-07-17 22:44:20] ✅ 远程源获取成功，共 1247 个源
[2026-07-17 22:44:20] 开始测速 1247 个源...
[2026-07-17 22:44:21] 测速进度: 10/1247 (有效: 0)
[2026-07-17 22:44:25] 测速进度: 20/1247 (有效: 3)
[2026-07-17 22:44:25] 测速进度: 30/1247 (有效: 3)
[2026-07-17 22:44:26] 测速进度: 40/1247 (有效: 5)
[2026-07-17 22:44:28] 测速进度: 50/1247 (有效: 6)
[2026-07-17 22:44:35] 测速进度: 60/1247 (有效: 15)
[2026-07-17 22:44:37] 测速进度: 70/1247 (有效: 15)
[2026-07-17 22:44:37] 测速进度: 80/1247 (有效: 15)
[2026-07-17 22:44:37] 测速进度: 90/1247 (有效: 15)
[2026-07-17 22:44:39] 测速进度: 100/1247 (有效: 15)
[2026-07-17 22:44:39] 测速进度: 110/1247 (有效: 15)
[2026-07-17 22:44:47] 测速进度: 120/1247 (有效: 19)
[2026-07-17 22:44:49] 测速进度: 130/1247 (有效: 19)
[2026-07-17 22:44:49] 测速进度: 140/1247 (有效: 19)
[2026-07-17 22:44:50] 测速进度: 150/1247 (有效: 19)
[2026-07-17 22:44:51] 测速进度: 160/1247 (有效: 19)
[2026-07-17 22:44:53] 测速进度: 170/1247 (有效: 21)
[2026-07-17 22:45:04] 测速进度: 190/1247 (有效: 28)
[2026-07-17 22:45:05] 测速进度: 200/1247 (有效: 28)
[2026-07-17 22:45:07] 测速进度: 210/1247 (有效: 29)
[2026-07-17 22:45:07] 测速进度: 220/1247 (有效: 32)
[2026-07-17 22:45:12] 测速进度: 230/1247 (有效: 37)
[2026-07-17 22:45:19] 测速进度: 250/1247 (有效: 45)
[2026-07-17 22:45:19] 测速进度: 260/1247 (有效: 45)
[2026-07-17 22:45:21] 测速进度: 270/1247 (有效: 46)
[2026-07-17 22:45:23] 测速进度: 280/1247 (有效: 46)
[2026-07-17 22:45:25] 测速进度: 290/1247 (有效: 47)
[2026-07-17 22:45:32] 测速进度: 300/1247 (有效: 56)
[2026-07-17 22:45:34] 测速进度: 310/1247 (有效: 56)
[2026-07-17 22:45:34] 测速进度: 320/1247 (有效: 56)
[2026-07-17 22:45:35] 测速进度: 330/1247 (有效: 56)
[2026-07-17 22:45:36] 测速进度: 340/1247 (有效: 56)
[2026-07-17 22:45:39] 测速进度: 350/1247 (有效: 56)
[2026-07-17 22:45:48] 测速进度: 370/1247 (有效: 62)
[2026-07-17 22:45:49] 测速进度: 380/1247 (有效: 62)
[2026-07-17 22:45:50] 测速进度: 390/1247 (有效: 62)
[2026-07-17 22:45:52] 测速进度: 400/1247 (有效: 64)
[2026-07-17 22:45:54] 测速进度: 410/1247 (有效: 64)
[2026-07-17 22:45:58] 测速进度: 420/1247 (有效: 71)
[2026-07-17 22:45:59] 测速进度: 430/1247 (有效: 71)
[2026-07-17 22:46:03] 测速进度: 440/1247 (有效: 71)
[2026-07-17 22:46:04] 测速进度: 450/1247 (有效: 71)
[2026-07-17 22:46:05] 测速进度: 460/1247 (有效: 71)
[2026-07-17 22:46:09] 测速进度: 470/1247 (有效: 71)
[2026-07-17 22:46:15] 测速进度: 490/1247 (有效: 72)
[2026-07-17 22:46:19] 测速进度: 500/1247 (有效: 73)
[2026-07-17 22:46:19] 测速进度: 510/1247 (有效: 73)
[2026-07-17 22:46:20] 测速进度: 520/1247 (有效: 73)
[2026-07-17 22:46:24] 测速进度: 530/1247 (有效: 76)
[2026-07-17 22:46:30] 测速进度: 550/1247 (有效: 77)
[2026-07-17 22:46:30] 测速进度: 560/1247 (有效: 77)
[2026-07-17 22:46:30] 测速进度: 570/1247 (有效: 77)
[2026-07-17 22:46:30] 测速进度: 580/1247 (有效: 77)
[2026-07-17 22:46:34] 测速进度: 590/1247 (有效: 78)
[2026-07-17 22:46:39] 测速进度: 600/1247 (有效: 79)
[2026-07-17 22:46:39] 测速进度: 610/1247 (有效: 79)
[2026-07-17 22:46:39] 测速进度: 620/1247 (有效: 79)
[2026-07-17 22:46:39] 测速进度: 630/1247 (有效: 79)
[2026-07-17 22:46:39] 测速进度: 640/1247 (有效: 79)
[2026-07-17 22:46:39] 测速进度: 650/1247 (有效: 79)
[2026-07-17 22:46:39] 测速进度: 660/1247 (有效: 79)
[2026-07-17 22:46:39] 测速进度: 670/1247 (有效: 79)
[2026-07-17 22:46:39] 测速进度: 680/1247 (有效: 79)
[2026-07-17 22:46:39] 测速进度: 690/1247 (有效: 79)
[2026-07-17 22:46:39] 测速进度: 700/1247 (有效: 79)
[2026-07-17 22:46:39] 测速进度: 710/1247 (有效: 79)
[2026-07-17 22:46:39] 测速进度: 720/1247 (有效: 79)
[2026-07-17 22:46:39] 测速进度: 730/1247 (有效: 79)
[2026-07-17 22:46:39] 测速进度: 740/1247 (有效: 79)
[2026-07-17 22:46:39] 测速进度: 750/1247 (有效: 79)
[2026-07-17 22:46:39] 测速进度: 760/1247 (有效: 79)
[2026-07-17 22:46:39] 测速进度: 770/1247 (有效: 79)
[2026-07-17 22:46:39] 测速进度: 780/1247 (有效: 79)
[2026-07-17 22:46:39] 测速进度: 790/1247 (有效: 79)
[2026-07-17 22:46:39] 测速进度: 800/1247 (有效: 79)
[2026-07-17 22:46:39] 测速进度: 810/1247 (有效: 79)
[2026-07-17 22:46:39] 测速进度: 820/1247 (有效: 79)
[2026-07-17 22:46:39] 测速进度: 830/1247 (有效: 79)
[2026-07-17 22:46:39] 测速进度: 840/1247 (有效: 79)
[2026-07-17 22:46:39] 测速进度: 850/1247 (有效: 79)
[2026-07-17 22:46:41] 测速进度: 860/1247 (有效: 79)
[2026-07-17 22:46:41] 测速进度: 870/1247 (有效: 79)
[2026-07-17 22:46:43] 测速进度: 880/1247 (有效: 79)
[2026-07-17 22:46:43] 测速进度: 890/1247 (有效: 79)
[2026-07-17 22:46:48] 测速进度: 900/1247 (有效: 81)
[2026-07-17 22:46:50] 测速进度: 910/1247 (有效: 81)
[2026-07-17 22:46:50] 测速进度: 920/1247 (有效: 81)
[2026-07-17 22:46:52] 测速进度: 930/1247 (有效: 81)
[2026-07-17 22:46:52] 测速进度: 940/1247 (有效: 81)
[2026-07-17 22:46:53] 测速进度: 950/1247 (有效: 81)
[2026-07-17 22:46:54] 测速进度: 960/1247 (有效: 81)
[2026-07-17 22:46:56] 测速进度: 970/1247 (有效: 81)
[2026-07-17 22:46:56] 测速进度: 980/1247 (有效: 81)
[2026-07-17 22:46:57] 测速进度: 990/1247 (有效: 81)
[2026-07-17 22:46:58] 测速进度: 1000/1247 (有效: 81)
[2026-07-17 22:46:59] 测速进度: 1010/1247 (有效: 81)
[2026-07-17 22:47:00] 测速进度: 1020/1247 (有效: 81)
[2026-07-17 22:47:02] 测速进度: 1030/1247 (有效: 81)
[2026-07-17 22:47:02] 测速进度: 1040/1247 (有效: 81)
[2026-07-17 22:47:04] 测速进度: 1050/1247 (有效: 81)
[2026-07-17 22:47:04] 测速进度: 1060/1247 (有效: 81)
[2026-07-17 22:47:06] 测速进度: 1070/1247 (有效: 81)
[2026-07-17 22:47:06] 测速进度: 1080/1247 (有效: 81)
[2026-07-17 22:47:08] 测速进度: 1090/1247 (有效: 81)
[2026-07-17 22:47:08] 测速进度: 1100/1247 (有效: 81)
[2026-07-17 22:47:09] 测速进度: 1110/1247 (有效: 81)
[2026-07-17 22:47:10] 测速进度: 1120/1247 (有效: 81)
[2026-07-17 22:47:11] 测速进度: 1130/1247 (有效: 81)
[2026-07-17 22:47:23] 测速进度: 1150/1247 (有效: 85)
[2026-07-17 22:47:24] 测速进度: 1160/1247 (有效: 85)
[2026-07-17 22:47:25] 测速进度: 1170/1247 (有效: 86)
[2026-07-17 22:47:26] 测速进度: 1180/1247 (有效: 86)
[2026-07-17 22:47:28] 测速进度: 1190/1247 (有效: 86)
[2026-07-17 22:47:34] 测速进度: 1200/1247 (有效: 92)
[2026-07-17 22:47:36] 测速进度: 1210/1247 (有效: 92)
[2026-07-17 22:47:37] 测速进度: 1220/1247 (有效: 92)
[2026-07-17 22:47:38] 测速进度: 1230/1247 (有效: 92)
[2026-07-17 22:47:39] 测速进度: 1240/1247 (有效: 92)
[2026-07-17 22:47:46] 测速进度: 1247/1247 (有效: 94)
[2026-07-17 22:47:46] 测速完成: 94/1247 个有效源
[2026-07-17 22:47:46] 选中 Top 5 源:
[2026-07-17 22:47:46]   源1: 120.209.208.163:9003 (jsmpeg) 1.92MB/s
[2026-07-17 22:47:46]   源2: 112.27.5.218:9901 (txiptv) 1.64MB/s
[2026-07-17 22:47:46]   源3: 223.78.65.165:9901 (txiptv) 1.55MB/s
[2026-07-17 22:47:46]   源4: 123.175.209.28:9003 (jsmpeg) 1.54MB/s
[2026-07-17 22:47:46]   源5: 113.26.251.182:8009 (zhgxtv) 1.38MB/s
[2026-07-17 22:47:46] 抓取频道: 源1 120.209.208.163:9003 (jsmpeg)...
[2026-07-17 22:47:49] 抓取频道: 源2 112.27.5.218:9901 (txiptv)...
[2026-07-17 22:47:54] 抓取频道: 源3 223.78.65.165:9901 (txiptv)...
[2026-07-17 22:47:58] 抓取频道: 源4 123.175.209.28:9003 (jsmpeg)...
[2026-07-17 22:48:03] 抓取频道: 源5 113.26.251.182:8009 (zhgxtv)...
[2026-07-17 22:48:07] 远程源共抓取到 312 条频道记录
[2026-07-17 22:48:07] 📊 数据来源: 远程源
[2026-07-17 22:48:07]    M3U8: 73341 字节, TXT: 21031 字节
[2026-07-17 22:48:07] ✅ M3U8 已保存到 output.m3u8 (73341 字节)
[2026-07-17 22:48:07] ✅ TXT 已保存到 output.txt (21031 字节)
[2026-07-17 22:48:07] 🎉 更新完成!
[2026-07-18 22:43:48] ==================================================
[2026-07-18 22:43:48] IPTV 播放列表自动更新（远程源抓取 + 本地保存）
[2026-07-18 22:43:48] ==================================================
[2026-07-18 22:43:48] 抓取远程源 (第1次)...
[2026-07-18 22:43:49] ✅ 远程源获取成功，共 1236 个源
[2026-07-18 22:43:49] 开始测速 1236 个源...
[2026-07-18 22:43:51] 测速进度: 10/1236 (有效: 0)
[2026-07-18 22:43:54] 测速进度: 20/1236 (有效: 1)
[2026-07-18 22:43:55] 测速进度: 30/1236 (有效: 3)
[2026-07-18 22:43:57] 测速进度: 40/1236 (有效: 5)
[2026-07-18 22:43:58] 测速进度: 50/1236 (有效: 10)
[2026-07-18 22:44:06] 测速进度: 70/1236 (有效: 17)
[2026-07-18 22:44:06] 测速进度: 80/1236 (有效: 17)
[2026-07-18 22:44:06] 测速进度: 90/1236 (有效: 17)
[2026-07-18 22:44:08] 测速进度: 100/1236 (有效: 17)
[2026-07-18 22:44:08] 测速进度: 110/1236 (有效: 18)
[2026-07-18 22:44:13] 测速进度: 120/1236 (有效: 20)
[2026-07-18 22:44:15] 测速进度: 130/1236 (有效: 20)
[2026-07-18 22:44:15] 测速进度: 140/1236 (有效: 20)
[2026-07-18 22:44:16] 测速进度: 150/1236 (有效: 21)
[2026-07-18 22:44:17] 测速进度: 160/1236 (有效: 21)
[2026-07-18 22:44:21] 测速进度: 170/1236 (有效: 25)
[2026-07-18 22:44:26] 测速进度: 180/1236 (有效: 35)
[2026-07-18 22:44:28] 测速进度: 190/1236 (有效: 35)
[2026-07-18 22:44:28] 测速进度: 200/1236 (有效: 35)
[2026-07-18 22:44:30] 测速进度: 210/1236 (有效: 37)
[2026-07-18 22:44:31] 测速进度: 220/1236 (有效: 39)
[2026-07-18 22:44:35] 测速进度: 230/1236 (有效: 44)
[2026-07-18 22:44:42] 测速进度: 250/1236 (有效: 53)
[2026-07-18 22:44:43] 测速进度: 260/1236 (有效: 53)
[2026-07-18 22:44:45] 测速进度: 270/1236 (有效: 53)
[2026-07-18 22:44:47] 测速进度: 280/1236 (有效: 54)
[2026-07-18 22:44:49] 测速进度: 290/1236 (有效: 55)
[2026-07-18 22:44:58] 测速进度: 310/1236 (有效: 63)
[2026-07-18 22:44:58] 测速进度: 320/1236 (有效: 63)
[2026-07-18 22:44:59] 测速进度: 330/1236 (有效: 63)
[2026-07-18 22:45:01] 测速进度: 340/1236 (有效: 63)
[2026-07-18 22:45:02] 测速进度: 350/1236 (有效: 64)
[2026-07-18 22:45:12] 测速进度: 370/1236 (有效: 70)
[2026-07-18 22:45:13] 测速进度: 380/1236 (有效: 70)
[2026-07-18 22:45:14] 测速进度: 390/1236 (有效: 70)
[2026-07-18 22:45:16] 测速进度: 400/1236 (有效: 71)
[2026-07-18 22:45:18] 测速进度: 410/1236 (有效: 72)
[2026-07-18 22:45:23] 测速进度: 420/1236 (有效: 79)
[2026-07-18 22:45:24] 测速进度: 430/1236 (有效: 79)
[2026-07-18 22:45:28] 测速进度: 440/1236 (有效: 79)
[2026-07-18 22:45:28] 测速进度: 450/1236 (有效: 79)
[2026-07-18 22:45:33] 测速进度: 460/1236 (有效: 79)
[2026-07-18 22:45:33] 测速进度: 470/1236 (有效: 79)
[2026-07-18 22:45:38] 测速进度: 480/1236 (有效: 81)
[2026-07-18 22:45:39] 测速进度: 490/1236 (有效: 81)
[2026-07-18 22:45:40] 测速进度: 500/1236 (有效: 81)
[2026-07-18 22:45:43] 测速进度: 510/1236 (有效: 81)
[2026-07-18 22:45:44] 测速进度: 520/1236 (有效: 81)
[2026-07-18 22:45:48] 测速进度: 530/1236 (有效: 85)
[2026-07-18 22:45:54] 测速进度: 550/1236 (有效: 86)
[2026-07-18 22:45:54] 测速进度: 560/1236 (有效: 86)
[2026-07-18 22:45:54] 测速进度: 570/1236 (有效: 86)
[2026-07-18 22:45:54] 测速进度: 580/1236 (有效: 86)
[2026-07-18 22:45:58] 测速进度: 590/1236 (有效: 87)
[2026-07-18 22:46:03] 测速进度: 600/1236 (有效: 88)
[2026-07-18 22:46:04] 测速进度: 610/1236 (有效: 88)
[2026-07-18 22:46:04] 测速进度: 620/1236 (有效: 88)
[2026-07-18 22:46:04] 测速进度: 630/1236 (有效: 88)
[2026-07-18 22:46:04] 测速进度: 640/1236 (有效: 88)
[2026-07-18 22:46:04] 测速进度: 650/1236 (有效: 88)
[2026-07-18 22:46:04] 测速进度: 660/1236 (有效: 88)
[2026-07-18 22:46:04] 测速进度: 670/1236 (有效: 88)
[2026-07-18 22:46:04] 测速进度: 680/1236 (有效: 88)
[2026-07-18 22:46:04] 测速进度: 690/1236 (有效: 88)
[2026-07-18 22:46:04] 测速进度: 700/1236 (有效: 88)
[2026-07-18 22:46:04] 测速进度: 710/1236 (有效: 88)
[2026-07-18 22:46:04] 测速进度: 720/1236 (有效: 88)
[2026-07-18 22:46:04] 测速进度: 730/1236 (有效: 88)
[2026-07-18 22:46:04] 测速进度: 740/1236 (有效: 88)
[2026-07-18 22:46:04] 测速进度: 750/1236 (有效: 88)
[2026-07-18 22:46:04] 测速进度: 760/1236 (有效: 88)
[2026-07-18 22:46:04] 测速进度: 770/1236 (有效: 88)
[2026-07-18 22:46:04] 测速进度: 780/1236 (有效: 88)
[2026-07-18 22:46:04] 测速进度: 790/1236 (有效: 88)
[2026-07-18 22:46:04] 测速进度: 800/1236 (有效: 88)
[2026-07-18 22:46:04] 测速进度: 810/1236 (有效: 88)
[2026-07-18 22:46:04] 测速进度: 820/1236 (有效: 88)
[2026-07-18 22:46:04] 测速进度: 830/1236 (有效: 88)
[2026-07-18 22:46:04] 测速进度: 840/1236 (有效: 88)
[2026-07-18 22:46:04] 测速进度: 850/1236 (有效: 88)
[2026-07-18 22:46:06] 测速进度: 860/1236 (有效: 88)
[2026-07-18 22:46:06] 测速进度: 870/1236 (有效: 88)
[2026-07-18 22:46:08] 测速进度: 880/1236 (有效: 88)
[2026-07-18 22:46:08] 测速进度: 890/1236 (有效: 88)
[2026-07-18 22:46:10] 测速进度: 900/1236 (有效: 89)
[2026-07-18 22:46:12] 测速进度: 910/1236 (有效: 89)
[2026-07-18 22:46:12] 测速进度: 920/1236 (有效: 89)
[2026-07-18 22:46:12] 测速进度: 930/1236 (有效: 89)
[2026-07-18 22:46:14] 测速进度: 940/1236 (有效: 89)
[2026-07-18 22:46:14] 测速进度: 950/1236 (有效: 89)
[2026-07-18 22:46:16] 测速进度: 960/1236 (有效: 89)
[2026-07-18 22:46:18] 测速进度: 970/1236 (有效: 89)
[2026-07-18 22:46:18] 测速进度: 980/1236 (有效: 89)
[2026-07-18 22:46:18] 测速进度: 990/1236 (有效: 89)
[2026-07-18 22:46:20] 测速进度: 1000/1236 (有效: 89)
[2026-07-18 22:46:20] 测速进度: 1010/1236 (有效: 89)
[2026-07-18 22:46:22] 测速进度: 1020/1236 (有效: 89)
[2026-07-18 22:46:24] 测速进度: 1030/1236 (有效: 89)
[2026-07-18 22:46:24] 测速进度: 1040/1236 (有效: 89)
[2026-07-18 22:46:26] 测速进度: 1050/1236 (有效: 89)
[2026-07-18 22:46:26] 测速进度: 1060/1236 (有效: 89)
[2026-07-18 22:46:26] 测速进度: 1070/1236 (有效: 89)
[2026-07-18 22:46:28] 测速进度: 1080/1236 (有效: 89)
[2026-07-18 22:46:30] 测速进度: 1090/1236 (有效: 89)
[2026-07-18 22:46:30] 测速进度: 1100/1236 (有效: 89)
[2026-07-18 22:46:31] 测速进度: 1110/1236 (有效: 89)
[2026-07-18 22:46:32] 测速进度: 1120/1236 (有效: 89)
[2026-07-18 22:46:32] 测速进度: 1130/1236 (有效: 89)
[2026-07-18 22:46:42] 测速进度: 1140/1236 (有效: 94)
[2026-07-18 22:46:44] 测速进度: 1150/1236 (有效: 94)
[2026-07-18 22:46:45] 测速进度: 1160/1236 (有效: 94)
[2026-07-18 22:46:47] 测速进度: 1170/1236 (有效: 94)
[2026-07-18 22:46:48] 测速进度: 1180/1236 (有效: 95)
[2026-07-18 22:46:49] 测速进度: 1190/1236 (有效: 95)
[2026-07-18 22:46:57] 测速进度: 1200/1236 (有效: 102)
[2026-07-18 22:46:59] 测速进度: 1210/1236 (有效: 102)
[2026-07-18 22:46:59] 测速进度: 1220/1236 (有效: 102)
[2026-07-18 22:47:01] 测速进度: 1230/1236 (有效: 102)
[2026-07-18 22:47:06] 测速进度: 1236/1236 (有效: 103)
[2026-07-18 22:47:06] 测速完成: 103/1236 个有效源
[2026-07-18 22:47:06] 选中 Top 5 源:
[2026-07-18 22:47:06]   源1: 112.27.145.212:9902 (txiptv) 2.00MB/s
[2026-07-18 22:47:06]   源2: 112.27.5.218:9901 (txiptv) 1.91MB/s
[2026-07-18 22:47:06]   源3: 120.202.73.48:8888 (txiptv) 1.77MB/s
[2026-07-18 22:47:06]   源4: 123.124.134.141:59901 (txiptv) 1.64MB/s
[2026-07-18 22:47:06]   源5: 120.209.208.163:9003 (jsmpeg) 1.26MB/s
[2026-07-18 22:47:06] 抓取频道: 源1 112.27.145.212:9902 (txiptv)...
[2026-07-18 22:47:10] 抓取频道: 源2 112.27.5.218:9901 (txiptv)...
[2026-07-18 22:47:13] 抓取频道: 源3 120.202.73.48:8888 (txiptv)...
[2026-07-18 22:47:17] 抓取频道: 源4 123.124.134.141:59901 (txiptv)...
[2026-07-18 22:47:21] 抓取频道: 源5 120.209.208.163:9003 (jsmpeg)...
[2026-07-18 22:47:23] 远程源共抓取到 165 条频道记录
[2026-07-18 22:47:23] 📊 数据来源: 远程源
[2026-07-18 22:47:23]    M3U8: 42212 字节, TXT: 14625 字节
[2026-07-18 22:47:23] ✅ M3U8 已保存到 output.m3u8 (42212 字节)
[2026-07-18 22:47:23] ✅ TXT 已保存到 output.txt (14625 字节)
[2026-07-18 22:47:23] 🎉 更新完成!
[2026-07-19 22:47:08] ==================================================
[2026-07-19 22:47:08] IPTV 播放列表自动更新（远程源抓取 + 本地保存）
[2026-07-19 22:47:08] ==================================================
[2026-07-19 22:47:08] 抓取远程源 (第1次)...
[2026-07-19 22:47:08] ✅ 远程源获取成功，共 1234 个源
[2026-07-19 22:47:08] 开始测速 1234 个源...
[2026-07-19 22:47:09] 测速进度: 10/1234 (有效: 0)
[2026-07-19 22:47:13] 测速进度: 20/1234 (有效: 0)
[2026-07-19 22:47:14] 测速进度: 30/1234 (有效: 0)
[2026-07-19 22:47:15] 测速进度: 40/1234 (有效: 2)
[2026-07-19 22:47:18] 测速进度: 50/1234 (有效: 6)
[2026-07-19 22:47:25] 测速进度: 70/1234 (有效: 11)
[2026-07-19 22:47:26] 测速进度: 80/1234 (有效: 11)
[2026-07-19 22:47:26] 测速进度: 90/1234 (有效: 11)
[2026-07-19 22:47:27] 测速进度: 100/1234 (有效: 11)
[2026-07-19 22:47:28] 测速进度: 110/1234 (有效: 11)
[2026-07-19 22:47:35] 测速进度: 120/1234 (有效: 15)
[2026-07-19 22:47:37] 测速进度: 130/1234 (有效: 15)
[2026-07-19 22:47:38] 测速进度: 140/1234 (有效: 15)
[2026-07-19 22:47:39] 测速进度: 150/1234 (有效: 15)
[2026-07-19 22:47:40] 测速进度: 160/1234 (有效: 15)
[2026-07-19 22:47:41] 测速进度: 170/1234 (有效: 16)
[2026-07-19 22:47:49] 测速进度: 180/1234 (有效: 26)
[2026-07-19 22:47:51] 测速进度: 190/1234 (有效: 26)
[2026-07-19 22:47:52] 测速进度: 200/1234 (有效: 26)
[2026-07-19 22:47:54] 测速进度: 210/1234 (有效: 27)
[2026-07-19 22:47:55] 测速进度: 220/1234 (有效: 30)
[2026-07-19 22:47:59] 测速进度: 230/1234 (有效: 34)
[2026-07-19 22:48:07] 测速进度: 250/1234 (有效: 43)
[2026-07-19 22:48:07] 测速进度: 260/1234 (有效: 43)
[2026-07-19 22:48:09] 测速进度: 270/1234 (有效: 44)
[2026-07-19 22:48:11] 测速进度: 280/1234 (有效: 44)
[2026-07-19 22:48:13] 测速进度: 290/1234 (有效: 45)
[2026-07-19 22:48:22] 测速进度: 310/1234 (有效: 54)
[2026-07-19 22:48:22] 测速进度: 320/1234 (有效: 54)
[2026-07-19 22:48:24] 测速进度: 330/1234 (有效: 54)
[2026-07-19 22:48:25] 测速进度: 340/1234 (有效: 54)
[2026-07-19 22:48:27] 测速进度: 350/1234 (有效: 54)
[2026-07-19 22:48:33] 测速进度: 360/1234 (有效: 63)
[2026-07-19 22:48:34] 测速进度: 370/1234 (有效: 63)
[2026-07-19 22:48:35] 测速进度: 380/1234 (有效: 63)
[2026-07-19 22:48:36] 测速进度: 390/1234 (有效: 63)
[2026-07-19 22:48:39] 测速进度: 400/1234 (有效: 64)
[2026-07-19 22:48:41] 测速进度: 410/1234 (有效: 64)
[2026-07-19 22:48:47] 测速进度: 420/1234 (有效: 72)
[2026-07-19 22:48:48] 测速进度: 430/1234 (有效: 72)
[2026-07-19 22:48:52] 测速进度: 440/1234 (有效: 72)
[2026-07-19 22:48:52] 测速进度: 450/1234 (有效: 72)
[2026-07-19 22:48:54] 测速进度: 460/1234 (有效: 72)
[2026-07-19 22:48:57] 测速进度: 470/1234 (有效: 72)
[2026-07-19 22:49:03] 测速进度: 490/1234 (有效: 73)
[2026-07-19 22:49:04] 测速进度: 500/1234 (有效: 73)
[2026-07-19 22:49:07] 测速进度: 510/1234 (有效: 73)
[2026-07-19 22:49:08] 测速进度: 520/1234 (有效: 73)
[2026-07-19 22:49:12] 测速进度: 530/1234 (有效: 75)
[2026-07-19 22:49:13] 测速进度: 540/1234 (有效: 78)
[2026-07-19 22:49:14] 测速进度: 550/1234 (有效: 78)
[2026-07-19 22:49:18] 测速进度: 560/1234 (有效: 79)
[2026-07-19 22:49:18] 测速进度: 570/1234 (有效: 79)
[2026-07-19 22:49:18] 测速进度: 580/1234 (有效: 79)
[2026-07-19 22:49:18] 测速进度: 590/1234 (有效: 79)
[2026-07-19 22:49:23] 测速进度: 600/1234 (有效: 81)
[2026-07-19 22:49:23] 测速进度: 610/1234 (有效: 81)
[2026-07-19 22:49:23] 测速进度: 620/1234 (有效: 81)
[2026-07-19 22:49:23] 测速进度: 630/1234 (有效: 81)
[2026-07-19 22:49:23] 测速进度: 640/1234 (有效: 81)
[2026-07-19 22:49:23] 测速进度: 650/1234 (有效: 81)
[2026-07-19 22:49:23] 测速进度: 660/1234 (有效: 81)
[2026-07-19 22:49:23] 测速进度: 670/1234 (有效: 81)
[2026-07-19 22:49:23] 测速进度: 680/1234 (有效: 81)
[2026-07-19 22:49:23] 测速进度: 690/1234 (有效: 81)
[2026-07-19 22:49:23] 测速进度: 700/1234 (有效: 81)
[2026-07-19 22:49:23] 测速进度: 710/1234 (有效: 81)
[2026-07-19 22:49:23] 测速进度: 720/1234 (有效: 81)
[2026-07-19 22:49:23] 测速进度: 730/1234 (有效: 81)
[2026-07-19 22:49:23] 测速进度: 740/1234 (有效: 81)
[2026-07-19 22:49:23] 测速进度: 750/1234 (有效: 81)
[2026-07-19 22:49:23] 测速进度: 760/1234 (有效: 81)
[2026-07-19 22:49:23] 测速进度: 770/1234 (有效: 81)
[2026-07-19 22:49:23] 测速进度: 780/1234 (有效: 81)
[2026-07-19 22:49:23] 测速进度: 790/1234 (有效: 81)
[2026-07-19 22:49:23] 测速进度: 800/1234 (有效: 81)
[2026-07-19 22:49:23] 测速进度: 810/1234 (有效: 81)
[2026-07-19 22:49:23] 测速进度: 820/1234 (有效: 81)
[2026-07-19 22:49:23] 测速进度: 830/1234 (有效: 81)
[2026-07-19 22:49:23] 测速进度: 840/1234 (有效: 81)
[2026-07-19 22:49:23] 测速进度: 850/1234 (有效: 81)
[2026-07-19 22:49:24] 测速进度: 860/1234 (有效: 81)
[2026-07-19 22:49:25] 测速进度: 870/1234 (有效: 81)
[2026-07-19 22:49:26] 测速进度: 880/1234 (有效: 81)
[2026-07-19 22:49:27] 测速进度: 890/1234 (有效: 81)
[2026-07-19 22:49:30] 测速进度: 900/1234 (有效: 82)
[2026-07-19 22:49:32] 测速进度: 910/1234 (有效: 82)
[2026-07-19 22:49:32] 测速进度: 920/1234 (有效: 82)
[2026-07-19 22:49:32] 测速进度: 930/1234 (有效: 82)
[2026-07-19 22:49:34] 测速进度: 940/1234 (有效: 82)
[2026-07-19 22:49:34] 测速进度: 950/1234 (有效: 82)
[2026-07-19 22:49:36] 测速进度: 960/1234 (有效: 82)
[2026-07-19 22:49:38] 测速进度: 970/1234 (有效: 82)
[2026-07-19 22:49:38] 测速进度: 980/1234 (有效: 82)
[2026-07-19 22:49:40] 测速进度: 990/1234 (有效: 82)
[2026-07-19 22:49:40] 测速进度: 1000/1234 (有效: 82)
[2026-07-19 22:49:40] 测速进度: 1010/1234 (有效: 82)
[2026-07-19 22:49:42] 测速进度: 1020/1234 (有效: 82)
[2026-07-19 22:49:44] 测速进度: 1030/1234 (有效: 82)
[2026-07-19 22:49:44] 测速进度: 1040/1234 (有效: 82)
[2026-07-19 22:49:46] 测速进度: 1050/1234 (有效: 82)
[2026-07-19 22:49:46] 测速进度: 1060/1234 (有效: 82)
[2026-07-19 22:49:46] 测速进度: 1070/1234 (有效: 82)
[2026-07-19 22:49:48] 测速进度: 1080/1234 (有效: 82)
[2026-07-19 22:49:50] 测速进度: 1090/1234 (有效: 82)
[2026-07-19 22:49:50] 测速进度: 1100/1234 (有效: 82)
[2026-07-19 22:49:52] 测速进度: 1110/1234 (有效: 82)
[2026-07-19 22:49:52] 测速进度: 1120/1234 (有效: 82)
[2026-07-19 22:49:52] 测速进度: 1130/1234 (有效: 82)
[2026-07-19 22:50:01] 测速进度: 1140/1234 (有效: 84)
[2026-07-19 22:50:03] 测速进度: 1150/1234 (有效: 84)
[2026-07-19 22:50:04] 测速进度: 1160/1234 (有效: 84)
[2026-07-19 22:50:05] 测速进度: 1170/1234 (有效: 84)
[2026-07-19 22:50:06] 测速进度: 1180/1234 (有效: 85)
[2026-07-19 22:50:08] 测速进度: 1190/1234 (有效: 85)
[2026-07-19 22:50:17] 测速进度: 1210/1234 (有效: 91)
[2026-07-19 22:50:18] 测速进度: 1220/1234 (有效: 91)
[2026-07-19 22:50:20] 测速进度: 1230/1234 (有效: 91)
[2026-07-19 22:50:26] 测速进度: 1234/1234 (有效: 93)
[2026-07-19 22:50:26] 测速完成: 93/1234 个有效源
[2026-07-19 22:50:26] 选中 Top 5 源:
[2026-07-19 22:50:26]   源1: 112.27.5.218:9901 (txiptv) 1.52MB/s
[2026-07-19 22:50:26]   源2: 112.123.243.37:50085 (txiptv) 1.44MB/s
[2026-07-19 22:50:26]   源3: 120.202.73.48:8888 (txiptv) 1.41MB/s
[2026-07-19 22:50:26]   源4: 221.7.175.154:8445 (txiptv) 1.40MB/s
[2026-07-19 22:50:26]   源5: 123.175.209.28:9003 (jsmpeg) 1.28MB/s
[2026-07-19 22:50:26] 抓取频道: 源1 112.27.5.218:9901 (txiptv)...
[2026-07-19 22:50:32] 抓取频道: 源2 112.123.243.37:50085 (txiptv)...
[2026-07-19 22:50:41] 抓取频道: 源3 120.202.73.48:8888 (txiptv)...
[2026-07-19 22:50:45] 抓取频道: 源4 221.7.175.154:8445 (txiptv)...
[2026-07-19 22:50:50] 抓取频道: 源5 123.175.209.28:9003 (jsmpeg)...
[2026-07-19 22:50:56] 远程源共抓取到 262 条频道记录
[2026-07-19 22:50:56] 📊 数据来源: 远程源
[2026-07-19 22:50:56]    M3U8: 65553 字节, TXT: 21612 字节
[2026-07-19 22:50:56] ✅ M3U8 已保存到 output.m3u8 (65553 字节)
[2026-07-19 22:50:56] ✅ TXT 已保存到 output.txt (21612 字节)
[2026-07-19 22:50:56] 🎉 更新完成!
[2026-07-20 22:55:44] ==================================================
[2026-07-20 22:55:44] IPTV 播放列表自动更新（远程源抓取 + 本地保存）
[2026-07-20 22:55:44] ==================================================
[2026-07-20 22:55:44] 抓取远程源 (第1次)...
[2026-07-20 22:55:44] ✅ 远程源获取成功，共 1229 个源
[2026-07-20 22:55:44] 开始测速 1229 个源...
[2026-07-20 22:55:45] 测速进度: 10/1229 (有效: 0)
[2026-07-20 22:55:47] 测速进度: 20/1229 (有效: 0)
[2026-07-20 22:55:49] 测速进度: 30/1229 (有效: 2)
[2026-07-20 22:55:51] 测速进度: 40/1229 (有效: 3)
[2026-07-20 22:55:54] 测速进度: 50/1229 (有效: 8)
[2026-07-20 22:56:00] 测速进度: 70/1229 (有效: 14)
[2026-07-20 22:56:01] 测速进度: 80/1229 (有效: 14)
[2026-07-20 22:56:02] 测速进度: 90/1229 (有效: 14)
[2026-07-20 22:56:03] 测速进度: 100/1229 (有效: 14)
[2026-07-20 22:56:04] 测速进度: 110/1229 (有效: 14)
[2026-07-20 22:56:09] 测速进度: 120/1229 (有效: 18)
[2026-07-20 22:56:11] 测速进度: 130/1229 (有效: 18)
[2026-07-20 22:56:11] 测速进度: 140/1229 (有效: 18)
[2026-07-20 22:56:13] 测速进度: 150/1229 (有效: 18)
[2026-07-20 22:56:13] 测速进度: 160/1229 (有效: 18)
[2026-07-20 22:56:16] 测速进度: 170/1229 (有效: 22)
[2026-07-20 22:56:22] 测速进度: 180/1229 (有效: 32)
[2026-07-20 22:56:24] 测速进度: 190/1229 (有效: 32)
[2026-07-20 22:56:25] 测速进度: 200/1229 (有效: 32)
[2026-07-20 22:56:27] 测速进度: 210/1229 (有效: 32)
[2026-07-20 22:56:28] 测速进度: 220/1229 (有效: 34)
[2026-07-20 22:56:31] 测速进度: 230/1229 (有效: 40)
[2026-07-20 22:56:37] 测速进度: 240/1229 (有效: 50)
[2026-07-20 22:56:39] 测速进度: 250/1229 (有效: 50)
[2026-07-20 22:56:39] 测速进度: 260/1229 (有效: 50)
[2026-07-20 22:56:41] 测速进度: 270/1229 (有效: 51)
[2026-07-20 22:56:42] 测速进度: 280/1229 (有效: 52)
[2026-07-20 22:56:43] 测速进度: 290/1229 (有效: 53)
[2026-07-20 22:56:54] 测速进度: 310/1229 (有效: 59)
[2026-07-20 22:56:54] 测速进度: 320/1229 (有效: 59)
[2026-07-20 22:56:56] 测速进度: 330/1229 (有效: 59)
[2026-07-20 22:56:57] 测速进度: 340/1229 (有效: 59)
[2026-07-20 22:56:58] 测速进度: 350/1229 (有效: 59)
[2026-07-20 22:57:05] 测速进度: 360/1229 (有效: 67)
[2026-07-20 22:57:06] 测速进度: 370/1229 (有效: 67)
[2026-07-20 22:57:06] 测速进度: 380/1229 (有效: 67)
[2026-07-20 22:57:07] 测速进度: 390/1229 (有效: 67)
[2026-07-20 22:57:10] 测速进度: 400/1229 (有效: 68)
[2026-07-20 22:57:11] 测速进度: 410/1229 (有效: 68)
[2026-07-20 22:57:17] 测速进度: 420/1229 (有效: 75)
[2026-07-20 22:57:18] 测速进度: 430/1229 (有效: 75)
[2026-07-20 22:57:22] 测速进度: 440/1229 (有效: 75)
[2026-07-20 22:57:23] 测速进度: 450/1229 (有效: 75)
[2026-07-20 22:57:25] 测速进度: 460/1229 (有效: 75)
[2026-07-20 22:57:28] 测速进度: 470/1229 (有效: 76)
[2026-07-20 22:57:32] 测速进度: 480/1229 (有效: 78)
[2026-07-20 22:57:33] 测速进度: 490/1229 (有效: 78)
[2026-07-20 22:57:34] 测速进度: 500/1229 (有效: 78)
[2026-07-20 22:57:37] 测速进度: 510/1229 (有效: 78)
[2026-07-20 22:57:38] 测速进度: 520/1229 (有效: 79)
[2026-07-20 22:57:42] 测速进度: 530/1229 (有效: 81)
[2026-07-20 22:57:49] 测速进度: 550/1229 (有效: 84)
[2026-07-20 22:57:52] 测速进度: 560/1229 (有效: 85)
[2026-07-20 22:57:52] 测速进度: 570/1229 (有效: 85)
[2026-07-20 22:57:52] 测速进度: 580/1229 (有效: 85)
[2026-07-20 22:57:53] 测速进度: 590/1229 (有效: 85)
[2026-07-20 22:57:58] 测速进度: 600/1229 (有效: 86)
[2026-07-20 22:57:58] 测速进度: 610/1229 (有效: 86)
[2026-07-20 22:57:58] 测速进度: 620/1229 (有效: 86)
[2026-07-20 22:57:58] 测速进度: 630/1229 (有效: 86)
[2026-07-20 22:57:58] 测速进度: 640/1229 (有效: 86)
[2026-07-20 22:57:58] 测速进度: 650/1229 (有效: 86)
[2026-07-20 22:57:58] 测速进度: 660/1229 (有效: 86)
[2026-07-20 22:57:58] 测速进度: 670/1229 (有效: 86)
[2026-07-20 22:57:58] 测速进度: 680/1229 (有效: 86)
[2026-07-20 22:57:58] 测速进度: 690/1229 (有效: 86)
[2026-07-20 22:57:58] 测速进度: 700/1229 (有效: 86)
[2026-07-20 22:57:58] 测速进度: 710/1229 (有效: 86)
[2026-07-20 22:57:58] 测速进度: 720/1229 (有效: 86)
[2026-07-20 22:57:58] 测速进度: 730/1229 (有效: 86)
[2026-07-20 22:57:58] 测速进度: 740/1229 (有效: 86)
[2026-07-20 22:57:58] 测速进度: 750/1229 (有效: 86)
[2026-07-20 22:57:58] 测速进度: 760/1229 (有效: 86)
[2026-07-20 22:57:58] 测速进度: 770/1229 (有效: 86)
[2026-07-20 22:57:58] 测速进度: 780/1229 (有效: 86)
[2026-07-20 22:57:58] 测速进度: 790/1229 (有效: 86)
[2026-07-20 22:57:58] 测速进度: 800/1229 (有效: 86)
[2026-07-20 22:57:58] 测速进度: 810/1229 (有效: 86)
[2026-07-20 22:57:58] 测速进度: 820/1229 (有效: 86)
[2026-07-20 22:57:58] 测速进度: 830/1229 (有效: 86)
[2026-07-20 22:57:58] 测速进度: 840/1229 (有效: 86)
[2026-07-20 22:57:58] 测速进度: 850/1229 (有效: 86)
[2026-07-20 22:58:00] 测速进度: 860/1229 (有效: 86)
[2026-07-20 22:58:00] 测速进度: 870/1229 (有效: 86)
[2026-07-20 22:58:01] 测速进度: 880/1229 (有效: 86)
[2026-07-20 22:58:02] 测速进度: 890/1229 (有效: 86)
[2026-07-20 22:58:03] 测速进度: 900/1229 (有效: 86)
[2026-07-20 22:58:05] 测速进度: 910/1229 (有效: 86)
[2026-07-20 22:58:05] 测速进度: 920/1229 (有效: 86)
[2026-07-20 22:58:05] 测速进度: 930/1229 (有效: 86)
[2026-07-20 22:58:07] 测速进度: 940/1229 (有效: 86)
[2026-07-20 22:58:07] 测速进度: 950/1229 (有效: 86)
[2026-07-20 22:58:09] 测速进度: 960/1229 (有效: 86)
[2026-07-20 22:58:11] 测速进度: 970/1229 (有效: 86)
[2026-07-20 22:58:11] 测速进度: 980/1229 (有效: 86)
[2026-07-20 22:58:11] 测速进度: 990/1229 (有效: 86)
[2026-07-20 22:58:13] 测速进度: 1000/1229 (有效: 86)
[2026-07-20 22:58:13] 测速进度: 1010/1229 (有效: 86)
[2026-07-20 22:58:15] 测速进度: 1020/1229 (有效: 86)
[2026-07-20 22:58:17] 测速进度: 1030/1229 (有效: 86)
[2026-07-20 22:58:17] 测速进度: 1040/1229 (有效: 86)
[2026-07-20 22:58:19] 测速进度: 1050/1229 (有效: 86)
[2026-07-20 22:58:19] 测速进度: 1060/1229 (有效: 86)
[2026-07-20 22:58:19] 测速进度: 1070/1229 (有效: 86)
[2026-07-20 22:58:21] 测速进度: 1080/1229 (有效: 86)
[2026-07-20 22:58:23] 测速进度: 1090/1229 (有效: 86)
[2026-07-20 22:58:23] 测速进度: 1100/1229 (有效: 86)
[2026-07-20 22:58:23] 测速进度: 1110/1229 (有效: 86)
[2026-07-20 22:58:25] 测速进度: 1120/1229 (有效: 86)
[2026-07-20 22:58:25] 测速进度: 1130/1229 (有效: 86)
[2026-07-20 22:58:35] 测速进度: 1140/1229 (有效: 88)
[2026-07-20 22:58:36] 测速进度: 1150/1229 (有效: 88)
[2026-07-20 22:58:37] 测速进度: 1160/1229 (有效: 88)
[2026-07-20 22:58:39] 测速进度: 1170/1229 (有效: 89)
[2026-07-20 22:58:40] 测速进度: 1180/1229 (有效: 89)
[2026-07-20 22:58:42] 测速进度: 1190/1229 (有效: 89)
[2026-07-20 22:58:53] 测速进度: 1210/1229 (有效: 96)
[2026-07-20 22:58:53] 测速进度: 1220/1229 (有效: 96)
[2026-07-20 22:59:01] 测速进度: 1229/1229 (有效: 99)
[2026-07-20 22:59:01] 测速完成: 99/1229 个有效源
[2026-07-20 22:59:01] 选中 Top 5 源:
[2026-07-20 22:59:01]   源1: 112.27.5.218:9901 (txiptv) 1.66MB/s
[2026-07-20 22:59:01]   源2: 120.202.73.48:8888 (txiptv) 1.60MB/s
[2026-07-20 22:59:01]   源3: 223.78.65.165:9901 (txiptv) 1.60MB/s
[2026-07-20 22:59:01]   源4: 120.211.62.180:8000 (zhgxtv) 1.60MB/s
[2026-07-20 22:59:01]   源5: 120.209.208.163:9003 (jsmpeg) 1.08MB/s
[2026-07-20 22:59:01] 抓取频道: 源1 112.27.5.218:9901 (txiptv)...
[2026-07-20 22:59:05] 抓取频道: 源2 120.202.73.48:8888 (txiptv)...
[2026-07-20 22:59:09] 抓取频道: 源3 223.78.65.165:9901 (txiptv)...
[2026-07-20 22:59:15] 抓取频道: 源4 120.211.62.180:8000 (zhgxtv)...
[2026-07-20 22:59:17] 抓取频道: 源5 120.209.208.163:9003 (jsmpeg)...
[2026-07-20 22:59:20] 远程源共抓取到 214 条频道记录
[2026-07-20 22:59:20] 📊 数据来源: 远程源
[2026-07-20 22:59:20]    M3U8: 53034 字节, TXT: 17303 字节
[2026-07-20 22:59:20] ✅ M3U8 已保存到 output.m3u8 (53034 字节)
[2026-07-20 22:59:20] ✅ TXT 已保存到 output.txt (17303 字节)
[2026-07-20 22:59:20] 🎉 更新完成!
[2026-07-21 22:51:54] ==================================================
[2026-07-21 22:51:54] IPTV 播放列表自动更新（远程源抓取 + 本地保存）
[2026-07-21 22:51:54] ==================================================
[2026-07-21 22:51:54] 抓取远程源 (第1次)...
[2026-07-21 22:51:55] ✅ 远程源获取成功，共 1316 个源
[2026-07-21 22:51:55] 开始测速 1316 个源...
[2026-07-21 22:51:55] 测速进度: 10/1316 (有效: 0)
[2026-07-21 22:51:56] 测速进度: 20/1316 (有效: 0)
[2026-07-21 22:51:59] 测速进度: 30/1316 (有效: 0)
[2026-07-21 22:52:00] 测速进度: 40/1316 (有效: 1)
[2026-07-21 22:52:02] 测速进度: 50/1316 (有效: 1)
[2026-07-21 22:52:12] 测速进度: 70/1316 (有效: 9)
[2026-07-21 22:52:14] 测速进度: 80/1316 (有效: 9)
[2026-07-21 22:52:15] 测速进度: 90/1316 (有效: 9)
[2026-07-21 22:52:16] 测速进度: 100/1316 (有效: 9)
[2026-07-21 22:52:18] 测速进度: 110/1316 (有效: 12)
[2026-07-21 22:52:27] 测速进度: 130/1316 (有效: 19)
[2026-07-21 22:52:27] 测速进度: 140/1316 (有效: 19)
[2026-07-21 22:52:29] 测速进度: 150/1316 (有效: 21)
[2026-07-21 22:52:30] 测速进度: 160/1316 (有效: 22)
[2026-07-21 22:52:34] 测速进度: 170/1316 (有效: 27)
[2026-07-21 22:52:39] 测速进度: 180/1316 (有效: 36)
[2026-07-21 22:52:41] 测速进度: 190/1316 (有效: 36)
[2026-07-21 22:52:42] 测速进度: 200/1316 (有效: 36)
[2026-07-21 22:52:43] 测速进度: 210/1316 (有效: 38)
[2026-07-21 22:52:45] 测速进度: 220/1316 (有效: 39)
[2026-07-21 22:52:48] 测速进度: 230/1316 (有效: 41)
[2026-07-21 22:52:57] 测速进度: 250/1316 (有效: 48)
[2026-07-21 22:52:57] 测速进度: 260/1316 (有效: 48)
[2026-07-21 22:52:57] 测速进度: 270/1316 (有效: 48)
[2026-07-21 22:52:59] 测速进度: 280/1316 (有效: 48)
[2026-07-21 22:53:00] 测速进度: 290/1316 (有效: 48)
[2026-07-21 22:53:07] 测速进度: 300/1316 (有效: 56)
[2026-07-21 22:53:08] 测速进度: 310/1316 (有效: 56)
[2026-07-21 22:53:09] 测速进度: 320/1316 (有效: 56)
[2026-07-21 22:53:10] 测速进度: 330/1316 (有效: 56)
[2026-07-21 22:53:12] 测速进度: 340/1316 (有效: 57)
[2026-07-21 22:53:14] 测速进度: 350/1316 (有效: 58)
[2026-07-21 22:53:21] 测速进度: 360/1316 (有效: 65)
[2026-07-21 22:53:21] 测速进度: 370/1316 (有效: 65)
[2026-07-21 22:53:26] 测速进度: 380/1316 (有效: 65)
[2026-07-21 22:53:26] 测速进度: 390/1316 (有效: 65)
[2026-07-21 22:53:27] 测速进度: 400/1316 (有效: 65)
[2026-07-21 22:53:31] 测速进度: 410/1316 (有效: 65)
[2026-07-21 22:53:36] 测速进度: 420/1316 (有效: 66)
[2026-07-21 22:53:37] 测速进度: 430/1316 (有效: 66)
[2026-07-21 22:53:41] 测速进度: 440/1316 (有效: 66)
[2026-07-21 22:53:41] 测速进度: 450/1316 (有效: 66)
[2026-07-21 22:53:42] 测速进度: 460/1316 (有效: 66)
[2026-07-21 22:53:46] 测速进度: 470/1316 (有效: 70)
[2026-07-21 22:53:49] 测速进度: 480/1316 (有效: 71)
[2026-07-21 22:53:50] 测速进度: 490/1316 (有效: 71)
[2026-07-21 22:53:54] 测速进度: 500/1316 (有效: 72)
[2026-07-21 22:53:54] 测速进度: 510/1316 (有效: 72)
[2026-07-21 22:53:54] 测速进度: 520/1316 (有效: 72)
[2026-07-21 22:53:54] 测速进度: 530/1316 (有效: 72)
[2026-07-21 22:53:59] 测速进度: 540/1316 (有效: 74)
[2026-07-21 22:53:59] 测速进度: 550/1316 (有效: 74)
[2026-07-21 22:53:59] 测速进度: 560/1316 (有效: 74)
[2026-07-21 22:53:59] 测速进度: 570/1316 (有效: 74)
[2026-07-21 22:53:59] 测速进度: 580/1316 (有效: 74)
[2026-07-21 22:53:59] 测速进度: 590/1316 (有效: 74)
[2026-07-21 22:53:59] 测速进度: 600/1316 (有效: 74)
[2026-07-21 22:53:59] 测速进度: 610/1316 (有效: 74)
[2026-07-21 22:53:59] 测速进度: 620/1316 (有效: 74)
[2026-07-21 22:53:59] 测速进度: 630/1316 (有效: 74)
[2026-07-21 22:53:59] 测速进度: 640/1316 (有效: 74)
[2026-07-21 22:53:59] 测速进度: 650/1316 (有效: 74)
[2026-07-21 22:53:59] 测速进度: 660/1316 (有效: 74)
[2026-07-21 22:53:59] 测速进度: 670/1316 (有效: 74)
[2026-07-21 22:53:59] 测速进度: 680/1316 (有效: 74)
[2026-07-21 22:53:59] 测速进度: 690/1316 (有效: 74)
[2026-07-21 22:53:59] 测速进度: 700/1316 (有效: 74)
[2026-07-21 22:53:59] 测速进度: 710/1316 (有效: 74)
[2026-07-21 22:53:59] 测速进度: 720/1316 (有效: 74)
[2026-07-21 22:53:59] 测速进度: 730/1316 (有效: 74)
[2026-07-21 22:53:59] 测速进度: 740/1316 (有效: 74)
[2026-07-21 22:53:59] 测速进度: 750/1316 (有效: 74)
[2026-07-21 22:53:59] 测速进度: 760/1316 (有效: 74)
[2026-07-21 22:53:59] 测速进度: 770/1316 (有效: 74)
[2026-07-21 22:53:59] 测速进度: 780/1316 (有效: 74)
[2026-07-21 22:53:59] 测速进度: 790/1316 (有效: 74)
[2026-07-21 22:54:01] 测速进度: 800/1316 (有效: 74)
[2026-07-21 22:54:01] 测速进度: 810/1316 (有效: 74)
[2026-07-21 22:54:01] 测速进度: 820/1316 (有效: 74)
[2026-07-21 22:54:03] 测速进度: 830/1316 (有效: 74)
[2026-07-21 22:54:04] 测速进度: 840/1316 (有效: 75)
[2026-07-21 22:54:06] 测速进度: 850/1316 (有效: 75)
[2026-07-21 22:54:06] 测速进度: 860/1316 (有效: 75)
[2026-07-21 22:54:07] 测速进度: 870/1316 (有效: 75)
[2026-07-21 22:54:08] 测速进度: 880/1316 (有效: 75)
[2026-07-21 22:54:09] 测速进度: 890/1316 (有效: 75)
[2026-07-21 22:54:10] 测速进度: 900/1316 (有效: 75)
[2026-07-21 22:54:12] 测速进度: 910/1316 (有效: 75)
[2026-07-21 22:54:12] 测速进度: 920/1316 (有效: 75)
[2026-07-21 22:54:13] 测速进度: 930/1316 (有效: 75)
[2026-07-21 22:54:14] 测速进度: 940/1316 (有效: 75)
[2026-07-21 22:54:14] 测速进度: 950/1316 (有效: 75)
[2026-07-21 22:54:16] 测速进度: 960/1316 (有效: 75)
[2026-07-21 22:54:18] 测速进度: 970/1316 (有效: 75)
[2026-07-21 22:54:18] 测速进度: 980/1316 (有效: 75)
[2026-07-21 22:54:20] 测速进度: 990/1316 (有效: 75)
[2026-07-21 22:54:20] 测速进度: 1000/1316 (有效: 75)
[2026-07-21 22:54:22] 测速进度: 1010/1316 (有效: 75)
[2026-07-21 22:54:22] 测速进度: 1020/1316 (有效: 75)
[2026-07-21 22:54:24] 测速进度: 1030/1316 (有效: 75)
[2026-07-21 22:54:24] 测速进度: 1040/1316 (有效: 75)
[2026-07-21 22:54:25] 测速进度: 1050/1316 (有效: 75)
[2026-07-21 22:54:26] 测速进度: 1060/1316 (有效: 75)
[2026-07-21 22:54:27] 测速进度: 1070/1316 (有效: 75)
[2026-07-21 22:54:36] 测速进度: 1080/1316 (有效: 78)
[2026-07-21 22:54:38] 测速进度: 1090/1316 (有效: 78)
[2026-07-21 22:54:39] 测速进度: 1100/1316 (有效: 78)
[2026-07-21 22:54:40] 测速进度: 1110/1316 (有效: 78)
[2026-07-21 22:54:41] 测速进度: 1120/1316 (有效: 78)
[2026-07-21 22:54:43] 测速进度: 1130/1316 (有效: 80)
[2026-07-21 22:54:48] 测速进度: 1140/1316 (有效: 88)
[2026-07-21 22:54:50] 测速进度: 1150/1316 (有效: 88)
[2026-07-21 22:54:50] 测速进度: 1160/1316 (有效: 88)
[2026-07-21 22:54:52] 测速进度: 1170/1316 (有效: 89)
[2026-07-21 22:54:53] 测速进度: 1180/1316 (有效: 89)
[2026-07-21 22:54:54] 测速进度: 1190/1316 (有效: 89)
[2026-07-21 22:55:02] 测速进度: 1200/1316 (有效: 95)
[2026-07-21 22:55:02] 测速进度: 1210/1316 (有效: 95)
[2026-07-21 22:55:04] 测速进度: 1220/1316 (有效: 95)
[2026-07-21 22:55:04] 测速进度: 1230/1316 (有效: 95)
[2026-07-21 22:55:05] 测速进度: 1240/1316 (有效: 95)
[2026-07-21 22:55:06] 测速进度: 1250/1316 (有效: 95)
[2026-07-21 22:55:11] 测速进度: 1260/1316 (有效: 96)
[2026-07-21 22:55:14] 测速进度: 1270/1316 (有效: 96)
[2026-07-21 22:55:14] 测速进度: 1280/1316 (有效: 96)
[2026-07-21 22:55:15] 测速进度: 1290/1316 (有效: 96)
[2026-07-21 22:55:16] 测速进度: 1300/1316 (有效: 96)
[2026-07-21 22:55:16] 测速进度: 1310/1316 (有效: 96)
[2026-07-21 22:55:21] 测速进度: 1316/1316 (有效: 96)
[2026-07-21 22:55:21] 测速完成: 96/1316 个有效源
[2026-07-21 22:55:21] 选中 Top 5 源:
[2026-07-21 22:55:21]   源1: 112.123.243.37:50085 (txiptv) 1.78MB/s
[2026-07-21 22:55:21]   源2: 223.78.65.165:9901 (txiptv) 1.65MB/s
[2026-07-21 22:55:21]   源3: 120.202.73.48:8888 (txiptv) 1.64MB/s
[2026-07-21 22:55:21]   源4: 112.27.5.218:9901 (txiptv) 1.59MB/s
[2026-07-21 22:55:21]   源5: 120.209.208.163:9003 (jsmpeg) 1.06MB/s
[2026-07-21 22:55:21] 抓取频道: 源1 112.123.243.37:50085 (txiptv)...
[2026-07-21 22:55:29] 抓取频道: 源2 223.78.65.165:9901 (txiptv)...
[2026-07-21 22:55:33] 抓取频道: 源3 120.202.73.48:8888 (txiptv)...
[2026-07-21 22:55:37] 抓取频道: 源4 112.27.5.218:9901 (txiptv)...
[2026-07-21 22:55:46] 抓取频道: 源5 120.209.208.163:9003 (jsmpeg)...
[2026-07-21 22:55:49] 远程源共抓取到 225 条频道记录
[2026-07-21 22:55:49] 📊 数据来源: 远程源
[2026-07-21 22:55:49]    M3U8: 57454 字节, TXT: 19803 字节
[2026-07-21 22:55:49] ✅ M3U8 已保存到 output.m3u8 (57454 字节)
[2026-07-21 22:55:49] ✅ TXT 已保存到 output.txt (19803 字节)
[2026-07-21 22:55:49] 🎉 更新完成!
[2026-07-22 22:57:50] ==================================================
[2026-07-22 22:57:50] IPTV 播放列表自动更新（远程源抓取 + 本地保存）
[2026-07-22 22:57:50] ==================================================
[2026-07-22 22:57:50] 抓取远程源 (第1次)...
[2026-07-22 22:57:51] ✅ 远程源获取成功，共 1331 个源
[2026-07-22 22:57:51] 开始测速 1331 个源...
[2026-07-22 22:57:51] 测速进度: 10/1331 (有效: 0)
[2026-07-22 22:57:52] 测速进度: 20/1331 (有效: 0)
[2026-07-22 22:57:54] 测速进度: 30/1331 (有效: 0)
[2026-07-22 22:57:55] 测速进度: 40/1331 (有效: 0)
[2026-07-22 22:57:59] 测速进度: 50/1331 (有效: 0)
[2026-07-22 22:58:03] 测速进度: 60/1331 (有效: 7)
[2026-07-22 22:58:05] 测速进度: 70/1331 (有效: 7)
[2026-07-22 22:58:07] 测速进度: 80/1331 (有效: 7)
[2026-07-22 22:58:08] 测速进度: 90/1331 (有效: 7)
[2026-07-22 22:58:10] 测速进度: 100/1331 (有效: 10)
[2026-07-22 22:58:13] 测速进度: 110/1331 (有效: 14)
[2026-07-22 22:58:17] 测速进度: 120/1331 (有效: 24)
[2026-07-22 22:58:19] 测速进度: 130/1331 (有效: 24)
[2026-07-22 22:58:20] 测速进度: 140/1331 (有效: 24)
[2026-07-22 22:58:21] 测速进度: 150/1331 (有效: 25)
[2026-07-22 22:58:23] 测速进度: 160/1331 (有效: 27)
[2026-07-22 22:58:26] 测速进度: 170/1331 (有效: 28)
[2026-07-22 22:58:31] 测速进度: 180/1331 (有效: 38)
[2026-07-22 22:58:32] 测速进度: 190/1331 (有效: 38)
[2026-07-22 22:58:34] 测速进度: 200/1331 (有效: 38)
[2026-07-22 22:58:37] 测速进度: 210/1331 (有效: 39)
[2026-07-22 22:58:38] 测速进度: 220/1331 (有效: 40)
[2026-07-22 22:58:40] 测速进度: 230/1331 (有效: 43)
[2026-07-22 22:58:47] 测速进度: 250/1331 (有效: 51)
[2026-07-22 22:58:48] 测速进度: 260/1331 (有效: 51)
[2026-07-22 22:58:49] 测速进度: 270/1331 (有效: 51)
[2026-07-22 22:58:51] 测速进度: 280/1331 (有效: 51)
[2026-07-22 22:58:53] 测速进度: 290/1331 (有效: 52)
[2026-07-22 22:59:02] 测速进度: 310/1331 (有效: 57)
[2026-07-22 22:59:03] 测速进度: 320/1331 (有效: 57)
[2026-07-22 22:59:05] 测速进度: 330/1331 (有效: 57)
[2026-07-22 22:59:07] 测速进度: 340/1331 (有效: 58)
[2026-07-22 22:59:08] 测速进度: 350/1331 (有效: 58)
[2026-07-22 22:59:13] 测速进度: 360/1331 (有效: 65)
[2026-07-22 22:59:14] 测速进度: 370/1331 (有效: 65)
[2026-07-22 22:59:18] 测速进度: 380/1331 (有效: 65)
[2026-07-22 22:59:19] 测速进度: 390/1331 (有效: 65)
[2026-07-22 22:59:23] 测速进度: 400/1331 (有效: 66)
[2026-07-22 22:59:24] 测速进度: 410/1331 (有效: 66)
[2026-07-22 22:59:28] 测速进度: 420/1331 (有效: 68)
[2026-07-22 22:59:29] 测速进度: 430/1331 (有效: 68)
[2026-07-22 22:59:30] 测速进度: 440/1331 (有效: 68)
[2026-07-22 22:59:33] 测速进度: 450/1331 (有效: 68)
[2026-07-22 22:59:35] 测速进度: 460/1331 (有效: 68)
[2026-07-22 22:59:36] 测速进度: 470/1331 (有效: 69)
[2026-07-22 22:59:45] 测速进度: 490/1331 (有效: 71)
[2026-07-22 22:59:45] 测速进度: 500/1331 (有效: 71)
[2026-07-22 22:59:45] 测速进度: 510/1331 (有效: 71)
[2026-07-22 22:59:45] 测速进度: 520/1331 (有效: 71)
[2026-07-22 22:59:49] 测速进度: 530/1331 (有效: 72)
[2026-07-22 22:59:54] 测速进度: 540/1331 (有效: 73)
[2026-07-22 22:59:54] 测速进度: 550/1331 (有效: 73)
[2026-07-22 22:59:54] 测速进度: 560/1331 (有效: 73)
[2026-07-22 22:59:54] 测速进度: 570/1331 (有效: 73)
[2026-07-22 22:59:54] 测速进度: 580/1331 (有效: 73)
[2026-07-22 22:59:54] 测速进度: 590/1331 (有效: 73)
[2026-07-22 22:59:54] 测速进度: 600/1331 (有效: 73)
[2026-07-22 22:59:54] 测速进度: 610/1331 (有效: 73)
[2026-07-22 22:59:54] 测速进度: 620/1331 (有效: 73)
[2026-07-22 22:59:54] 测速进度: 630/1331 (有效: 73)
[2026-07-22 22:59:54] 测速进度: 640/1331 (有效: 73)
[2026-07-22 22:59:54] 测速进度: 650/1331 (有效: 73)
[2026-07-22 22:59:54] 测速进度: 660/1331 (有效: 73)
[2026-07-22 22:59:54] 测速进度: 670/1331 (有效: 73)
[2026-07-22 22:59:54] 测速进度: 680/1331 (有效: 73)
[2026-07-22 22:59:54] 测速进度: 690/1331 (有效: 73)
[2026-07-22 22:59:54] 测速进度: 700/1331 (有效: 73)
[2026-07-22 22:59:54] 测速进度: 710/1331 (有效: 73)
[2026-07-22 22:59:54] 测速进度: 720/1331 (有效: 73)
[2026-07-22 22:59:54] 测速进度: 730/1331 (有效: 73)
[2026-07-22 22:59:54] 测速进度: 740/1331 (有效: 73)
[2026-07-22 22:59:54] 测速进度: 750/1331 (有效: 73)
[2026-07-22 22:59:54] 测速进度: 760/1331 (有效: 73)
[2026-07-22 22:59:54] 测速进度: 770/1331 (有效: 73)
[2026-07-22 22:59:54] 测速进度: 780/1331 (有效: 73)
[2026-07-22 22:59:56] 测速进度: 790/1331 (有效: 73)
[2026-07-22 22:59:56] 测速进度: 800/1331 (有效: 73)
[2026-07-22 22:59:57] 测速进度: 810/1331 (有效: 73)
[2026-07-22 22:59:58] 测速进度: 820/1331 (有效: 73)
[2026-07-22 22:59:59] 测速进度: 830/1331 (有效: 73)
[2026-07-22 23:00:01] 测速进度: 840/1331 (有效: 74)
[2026-07-22 23:00:03] 测速进度: 850/1331 (有效: 74)
[2026-07-22 23:00:03] 测速进度: 860/1331 (有效: 74)
[2026-07-22 23:00:05] 测速进度: 870/1331 (有效: 74)
[2026-07-22 23:00:05] 测速进度: 880/1331 (有效: 74)
[2026-07-22 23:00:06] 测速进度: 890/1331 (有效: 74)
[2026-07-22 23:00:07] 测速进度: 900/1331 (有效: 74)
[2026-07-22 23:00:09] 测速进度: 910/1331 (有效: 74)
[2026-07-22 23:00:09] 测速进度: 920/1331 (有效: 74)
[2026-07-22 23:00:10] 测速进度: 930/1331 (有效: 74)
[2026-07-22 23:00:11] 测速进度: 940/1331 (有效: 74)
[2026-07-22 23:00:12] 测速进度: 950/1331 (有效: 74)
[2026-07-22 23:00:13] 测速进度: 960/1331 (有效: 74)
[2026-07-22 23:00:15] 测速进度: 970/1331 (有效: 74)
[2026-07-22 23:00:15] 测速进度: 980/1331 (有效: 74)
[2026-07-22 23:00:17] 测速进度: 990/1331 (有效: 74)
[2026-07-22 23:00:17] 测速进度: 1000/1331 (有效: 74)
[2026-07-22 23:00:19] 测速进度: 1010/1331 (有效: 74)
[2026-07-22 23:00:19] 测速进度: 1020/1331 (有效: 74)
[2026-07-22 23:00:21] 测速进度: 1030/1331 (有效: 74)
[2026-07-22 23:00:21] 测速进度: 1040/1331 (有效: 74)
[2026-07-22 23:00:23] 测速进度: 1050/1331 (有效: 74)
[2026-07-22 23:00:23] 测速进度: 1060/1331 (有效: 74)
[2026-07-22 23:00:24] 测速进度: 1070/1331 (有效: 74)
[2026-07-22 23:00:33] 测速进度: 1080/1331 (有效: 75)
[2026-07-22 23:00:35] 测速进度: 1090/1331 (有效: 75)
[2026-07-22 23:00:36] 测速进度: 1100/1331 (有效: 75)
[2026-07-22 23:00:38] 测速进度: 1110/1331 (有效: 75)
[2026-07-22 23:00:39] 测速进度: 1120/1331 (有效: 77)
[2026-07-22 23:00:40] 测速进度: 1130/1331 (有效: 77)
[2026-07-22 23:00:50] 测速进度: 1150/1331 (有效: 85)
[2026-07-22 23:00:51] 测速进度: 1160/1331 (有效: 85)
[2026-07-22 23:00:52] 测速进度: 1170/1331 (有效: 86)
[2026-07-22 23:00:53] 测速进度: 1180/1331 (有效: 86)
[2026-07-22 23:00:54] 测速进度: 1190/1331 (有效: 86)
[2026-07-22 23:01:00] 测速进度: 1200/1331 (有效: 91)
[2026-07-22 23:01:02] 测速进度: 1210/1331 (有效: 91)
[2026-07-22 23:01:03] 测速进度: 1220/1331 (有效: 91)
[2026-07-22 23:01:03] 测速进度: 1230/1331 (有效: 91)
[2026-07-22 23:01:05] 测速进度: 1240/1331 (有效: 91)
[2026-07-22 23:01:05] 测速进度: 1250/1331 (有效: 91)
[2026-07-22 23:01:10] 测速进度: 1260/1331 (有效: 92)
[2026-07-22 23:01:12] 测速进度: 1270/1331 (有效: 92)
[2026-07-22 23:01:12] 测速进度: 1280/1331 (有效: 92)
[2026-07-22 23:01:12] 测速进度: 1290/1331 (有效: 92)
[2026-07-22 23:01:14] 测速进度: 1300/1331 (有效: 92)
[2026-07-22 23:01:14] 测速进度: 1310/1331 (有效: 92)
[2026-07-22 23:01:19] 测速进度: 1320/1331 (有效: 92)
[2026-07-22 23:01:21] 测速进度: 1330/1331 (有效: 92)
[2026-07-22 23:01:24] 测速进度: 1331/1331 (有效: 92)
[2026-07-22 23:01:24] 测速完成: 92/1331 个有效源
[2026-07-22 23:01:24] 选中 Top 5 源:
[2026-07-22 23:01:24]   源1: 120.209.208.163:9003 (jsmpeg) 1.54MB/s
[2026-07-22 23:01:24]   源2: 223.78.65.165:9901 (txiptv) 1.46MB/s
[2026-07-22 23:01:24]   源3: 112.123.243.37:50085 (txiptv) 1.39MB/s
[2026-07-22 23:01:24]   源4: 120.202.73.48:8888 (txiptv) 1.39MB/s
[2026-07-22 23:01:24]   源5: 221.7.175.154:8445 (txiptv) 1.37MB/s
[2026-07-22 23:01:24] 抓取频道: 源1 120.209.208.163:9003 (jsmpeg)...
[2026-07-22 23:01:28] 抓取频道: 源2 223.78.65.165:9901 (txiptv)...
[2026-07-22 23:01:34] 抓取频道: 源3 112.123.243.37:50085 (txiptv)...
[2026-07-22 23:01:40] 抓取频道: 源4 120.202.73.48:8888 (txiptv)...
[2026-07-22 23:01:45] 抓取频道: 源5 221.7.175.154:8445 (txiptv)...
[2026-07-22 23:01:50] 远程源共抓取到 190 条频道记录
[2026-07-22 23:01:50] 📊 数据来源: 远程源
[2026-07-22 23:01:50]    M3U8: 48219 字节, TXT: 16612 字节
[2026-07-22 23:01:50] ✅ M3U8 已保存到 output.m3u8 (48219 字节)
[2026-07-22 23:01:50] ✅ TXT 已保存到 output.txt (16612 字节)
[2026-07-22 23:01:50] 🎉 更新完成!
[2026-07-23 14:32:56] ==================================================
[2026-07-23 14:32:56] IPTV 播放列表自动更新（远程源抓取 + 本地保存）
[2026-07-23 14:32:56] ==================================================
[2026-07-23 14:32:56] 抓取远程源 (第1次)...
[2026-07-23 14:32:57] ✅ 远程源获取成功，共 1350 个源
[2026-07-23 14:32:57] 开始测速 1350 个源...
[2026-07-23 14:32:58] 测速进度: 10/1350 (有效: 0)
[2026-07-23 14:33:03] 测速进度: 20/1350 (有效: 0)
[2026-07-23 14:33:04] 测速进度: 30/1350 (有效: 0)
[2026-07-23 14:33:06] 测速进度: 40/1350 (有效: 2)
[2026-07-23 14:33:08] 测速进度: 50/1350 (有效: 6)
[2026-07-23 14:33:14] 测速进度: 70/1350 (有效: 12)
[2026-07-23 14:33:15] 测速进度: 80/1350 (有效: 12)
[2026-07-23 14:33:17] 测速进度: 90/1350 (有效: 12)
[2026-07-23 14:33:17] 测速进度: 100/1350 (有效: 12)
[2026-07-23 14:33:19] 测速进度: 110/1350 (有效: 14)
[2026-07-23 14:33:29] 测速进度: 130/1350 (有效: 22)
[2026-07-23 14:33:30] 测速进度: 140/1350 (有效: 22)
[2026-07-23 14:33:31] 测速进度: 150/1350 (有效: 24)
[2026-07-23 14:33:32] 测速进度: 160/1350 (有效: 26)
[2026-07-23 14:33:35] 测速进度: 170/1350 (有效: 29)
[2026-07-23 14:33:44] 测速进度: 190/1350 (有效: 38)
[2026-07-23 14:33:45] 测速进度: 200/1350 (有效: 38)
[2026-07-23 14:33:47] 测速进度: 210/1350 (有效: 39)
[2026-07-23 14:33:48] 测速进度: 220/1350 (有效: 40)
[2026-07-23 14:33:52] 测速进度: 230/1350 (有效: 42)
[2026-07-23 14:33:59] 测速进度: 250/1350 (有效: 48)
[2026-07-23 14:33:59] 测速进度: 260/1350 (有效: 48)
[2026-07-23 14:34:01] 测速进度: 270/1350 (有效: 48)
[2026-07-23 14:34:02] 测速进度: 280/1350 (有效: 48)
[2026-07-23 14:34:04] 测速进度: 290/1350 (有效: 49)
[2026-07-23 14:34:13] 测速进度: 310/1350 (有效: 54)
[2026-07-23 14:34:15] 测速进度: 320/1350 (有效: 54)
[2026-07-23 14:34:15] 测速进度: 330/1350 (有效: 54)
[2026-07-23 14:34:17] 测速进度: 340/1350 (有效: 54)
[2026-07-23 14:34:20] 测速进度: 350/1350 (有效: 56)
[2026-07-23 14:34:25] 测速进度: 360/1350 (有效: 62)
[2026-07-23 14:34:25] 测速进度: 370/1350 (有效: 62)
[2026-07-23 14:34:30] 测速进度: 380/1350 (有效: 62)
[2026-07-23 14:34:31] 测速进度: 390/1350 (有效: 62)
[2026-07-23 14:34:35] 测速进度: 400/1350 (有效: 63)
[2026-07-23 14:34:35] 测速进度: 410/1350 (有效: 64)
[2026-07-23 14:34:40] 测速进度: 420/1350 (有效: 65)
[2026-07-23 14:34:41] 测速进度: 430/1350 (有效: 65)
[2026-07-23 14:34:41] 测速进度: 440/1350 (有效: 65)
[2026-07-23 14:34:45] 测速进度: 450/1350 (有效: 65)
[2026-07-23 14:34:46] 测速进度: 460/1350 (有效: 66)
[2026-07-23 14:34:47] 测速进度: 470/1350 (有效: 67)
[2026-07-23 14:34:56] 测速进度: 490/1350 (有效: 68)
[2026-07-23 14:35:00] 测速进度: 500/1350 (有效: 69)
[2026-07-23 14:35:00] 测速进度: 510/1350 (有效: 69)
[2026-07-23 14:35:01] 测速进度: 520/1350 (有效: 69)
[2026-07-23 14:35:03] 测速进度: 530/1350 (有效: 69)
[2026-07-23 14:35:10] 测速进度: 540/1350 (有效: 74)
[2026-07-23 14:35:13] 测速进度: 550/1350 (有效: 75)
[2026-07-23 14:35:16] 测速进度: 560/1350 (有效: 79)
[2026-07-23 14:35:20] 测速进度: 570/1350 (有效: 85)
[2026-07-23 14:35:22] 测速进度: 580/1350 (有效: 92)
[2026-07-23 14:35:25] 测速进度: 590/1350 (有效: 95)
[2026-07-23 14:35:31] 测速进度: 610/1350 (有效: 99)
[2026-07-23 14:35:34] 测速进度: 620/1350 (有效: 105)
[2026-07-23 14:35:36] 测速进度: 630/1350 (有效: 111)
[2026-07-23 14:35:38] 测速进度: 640/1350 (有效: 118)
[2026-07-23 14:35:46] 测速进度: 670/1350 (有效: 124)
[2026-07-23 14:35:48] 测速进度: 680/1350 (有效: 130)
[2026-07-23 14:35:51] 测速进度: 690/1350 (有效: 134)
[2026-07-23 14:35:54] 测速进度: 700/1350 (有效: 141)
[2026-07-23 14:36:00] 测速进度: 730/1350 (有效: 146)
[2026-07-23 14:36:02] 测速进度: 740/1350 (有效: 153)
[2026-07-23 14:36:06] 测速进度: 750/1350 (有效: 158)
[2026-07-23 14:36:09] 测速进度: 760/1350 (有效: 166)
[2026-07-23 14:36:13] 测速进度: 790/1350 (有效: 168)
[2026-07-23 14:36:15] 测速进度: 800/1350 (有效: 168)
[2026-07-23 14:36:16] 测速进度: 810/1350 (有效: 173)
[2026-07-23 14:36:17] 测速进度: 820/1350 (有效: 177)
[2026-07-23 14:36:18] 测速进度: 830/1350 (有效: 177)
[2026-07-23 14:36:22] 测速进度: 840/1350 (有效: 179)
[2026-07-23 14:36:24] 测速进度: 850/1350 (有效: 179)
[2026-07-23 14:36:24] 测速进度: 860/1350 (有效: 179)
[2026-07-23 14:36:26] 测速进度: 870/1350 (有效: 179)
[2026-07-23 14:36:26] 测速进度: 880/1350 (有效: 179)
[2026-07-23 14:36:28] 测速进度: 890/1350 (有效: 179)
[2026-07-23 14:36:28] 测速进度: 900/1350 (有效: 179)
[2026-07-23 14:36:30] 测速进度: 910/1350 (有效: 179)
[2026-07-23 14:36:31] 测速进度: 920/1350 (有效: 179)
[2026-07-23 14:36:31] 测速进度: 930/1350 (有效: 179)
[2026-07-23 14:36:32] 测速进度: 940/1350 (有效: 179)
[2026-07-23 14:36:33] 测速进度: 950/1350 (有效: 179)
[2026-07-23 14:36:34] 测速进度: 960/1350 (有效: 179)
[2026-07-23 14:36:36] 测速进度: 970/1350 (有效: 179)
[2026-07-23 14:36:36] 测速进度: 980/1350 (有效: 179)
[2026-07-23 14:36:38] 测速进度: 990/1350 (有效: 179)
[2026-07-23 14:36:38] 测速进度: 1000/1350 (有效: 179)
[2026-07-23 14:36:40] 测速进度: 1010/1350 (有效: 179)
[2026-07-23 14:36:40] 测速进度: 1020/1350 (有效: 179)
[2026-07-23 14:36:42] 测速进度: 1030/1350 (有效: 179)
[2026-07-23 14:36:42] 测速进度: 1040/1350 (有效: 179)
[2026-07-23 14:36:44] 测速进度: 1050/1350 (有效: 179)
[2026-07-23 14:36:44] 测速进度: 1060/1350 (有效: 179)
[2026-07-23 14:36:45] 测速进度: 1070/1350 (有效: 179)
[2026-07-23 14:36:56] 测速进度: 1090/1350 (有效: 183)
[2026-07-23 14:36:58] 测速进度: 1100/1350 (有效: 183)
[2026-07-23 14:36:59] 测速进度: 1110/1350 (有效: 183)
[2026-07-23 14:37:00] 测速进度: 1120/1350 (有效: 183)
[2026-07-23 14:37:02] 测速进度: 1130/1350 (有效: 186)
[2026-07-23 14:37:09] 测速进度: 1140/1350 (有效: 193)
[2026-07-23 14:37:11] 测速进度: 1150/1350 (有效: 194)
[2026-07-23 14:37:11] 测速进度: 1160/1350 (有效: 194)
[2026-07-23 14:37:12] 测速进度: 1170/1350 (有效: 194)
[2026-07-23 14:37:13] 测速进度: 1180/1350 (有效: 194)
[2026-07-23 14:37:14] 测速进度: 1190/1350 (有效: 194)
[2026-07-23 14:37:21] 测速进度: 1200/1350 (有效: 195)
[2026-07-23 14:37:23] 测速进度: 1210/1350 (有效: 195)
[2026-07-23 14:37:23] 测速进度: 1220/1350 (有效: 195)
[2026-07-23 14:37:23] 测速进度: 1230/1350 (有效: 195)
[2026-07-23 14:37:25] 测速进度: 1240/1350 (有效: 195)
[2026-07-23 14:37:25] 测速进度: 1250/1350 (有效: 195)
[2026-07-23 14:37:38] 测速进度: 1270/1350 (有效: 196)
[2026-07-23 14:37:38] 测速进度: 1280/1350 (有效: 196)
[2026-07-23 14:37:40] 测速进度: 1290/1350 (有效: 196)
[2026-07-23 14:37:40] 测速进度: 1300/1350 (有效: 196)
[2026-07-23 14:37:42] 测速进度: 1310/1350 (有效: 196)
[2026-07-23 14:37:45] 测速进度: 1320/1350 (有效: 196)
[2026-07-23 14:37:46] 测速进度: 1330/1350 (有效: 196)
[2026-07-23 14:37:47] 测速进度: 1340/1350 (有效: 196)
[2026-07-23 14:37:56] 测速进度: 1350/1350 (有效: 198)
[2026-07-23 14:37:56] 测速完成: 198/1350 个有效源
[2026-07-23 14:37:56] 选中 Top 5 源:
[2026-07-23 14:37:56]   源1: 120.211.62.180:8000 (zhgxtv) 1.84MB/s
[2026-07-23 14:37:56]   源2: 120.202.73.48:8888 (txiptv) 1.82MB/s
[2026-07-23 14:37:56]   源3: 113.90.154.189:9901 (txiptv) 1.60MB/s
[2026-07-23 14:37:56]   源4: 112.19.31.13:9901 (txiptv) 1.59MB/s
[2026-07-23 14:37:56]   源5: 120.209.208.163:9003 (jsmpeg) 1.15MB/s
[2026-07-23 14:37:56] 抓取频道: 源1 120.211.62.180:8000 (zhgxtv)...
[2026-07-23 14:38:05] 抓取频道: 源2 120.202.73.48:8888 (txiptv)...
[2026-07-23 14:38:08] 抓取频道: 源3 113.90.154.189:9901 (txiptv)...
[2026-07-23 14:38:12] 抓取频道: 源4 112.19.31.13:9901 (txiptv)...
[2026-07-23 14:38:16] 抓取频道: 源5 120.209.208.163:9003 (jsmpeg)...
[2026-07-23 14:38:19] 远程源共抓取到 126 条频道记录
[2026-07-23 14:38:19] 📊 数据来源: 远程源
[2026-07-23 14:38:19]    M3U8: 29757 字节, TXT: 9448 字节
[2026-07-23 14:38:19] ✅ M3U8 已保存到 output.m3u8 (29757 字节)
[2026-07-23 14:38:19] ✅ TXT 已保存到 output.txt (9448 字节)
[2026-07-23 14:38:19] 🎉 更新完成!
[2026-07-23 15:05:32] ==================================================
[2026-07-23 15:05:32] IPTV 播放列表自动更新（远程源抓取 + 本地保存）
[2026-07-23 15:05:32] ==================================================
[2026-07-23 15:05:32] 抓取远程源 (第1次)...
[2026-07-23 15:05:32] ✅ 远程源获取成功，共 1350 个源
[2026-07-23 15:05:32] 开始测速 1350 个源...
[2026-07-23 15:05:34] 测速进度: 10/1350 (有效: 0)
[2026-07-23 15:05:37] 测速进度: 20/1350 (有效: 0)
[2026-07-23 15:05:39] 测速进度: 30/1350 (有效: 2)
[2026-07-23 15:05:41] 测速进度: 40/1350 (有效: 3)
[2026-07-23 15:05:42] 测速进度: 50/1350 (有效: 8)
[2026-07-23 15:05:49] 测速进度: 70/1350 (有效: 12)
[2026-07-23 15:05:51] 测速进度: 80/1350 (有效: 12)
[2026-07-23 15:05:52] 测速进度: 90/1350 (有效: 12)
[2026-07-23 15:05:53] 测速进度: 100/1350 (有效: 13)
[2026-07-23 15:05:56] 测速进度: 110/1350 (有效: 17)
[2026-07-23 15:06:04] 测速进度: 130/1350 (有效: 22)
[2026-07-23 15:06:05] 测速进度: 140/1350 (有效: 22)
[2026-07-23 15:06:06] 测速进度: 150/1350 (有效: 23)
[2026-07-23 15:06:07] 测速进度: 160/1350 (有效: 25)
[2026-07-23 15:06:11] 测速进度: 170/1350 (有效: 28)
[2026-07-23 15:06:17] 测速进度: 180/1350 (有效: 38)
[2026-07-23 15:06:19] 测速进度: 190/1350 (有效: 38)
[2026-07-23 15:06:20] 测速进度: 200/1350 (有效: 38)
[2026-07-23 15:06:22] 测速进度: 210/1350 (有效: 40)
[2026-07-23 15:06:24] 测速进度: 220/1350 (有效: 41)
[2026-07-23 15:06:25] 测速进度: 230/1350 (有效: 43)
[2026-07-23 15:06:34] 测速进度: 250/1350 (有效: 49)
[2026-07-23 15:06:34] 测速进度: 260/1350 (有效: 49)
[2026-07-23 15:06:36] 测速进度: 270/1350 (有效: 49)
[2026-07-23 15:06:37] 测速进度: 280/1350 (有效: 49)
[2026-07-23 15:06:40] 测速进度: 290/1350 (有效: 49)
[2026-07-23 15:06:48] 测速进度: 310/1350 (有效: 56)
[2026-07-23 15:06:49] 测速进度: 320/1350 (有效: 56)
[2026-07-23 15:06:51] 测速进度: 330/1350 (有效: 56)
[2026-07-23 15:06:53] 测速进度: 340/1350 (有效: 56)
[2026-07-23 15:06:54] 测速进度: 350/1350 (有效: 57)
[2026-07-23 15:06:59] 测速进度: 360/1350 (有效: 62)
[2026-07-23 15:07:01] 测速进度: 370/1350 (有效: 62)
[2026-07-23 15:07:04] 测速进度: 380/1350 (有效: 62)
[2026-07-23 15:07:06] 测速进度: 390/1350 (有效: 62)
[2026-07-23 15:07:09] 测速进度: 400/1350 (有效: 62)
[2026-07-23 15:07:10] 测速进度: 410/1350 (有效: 63)
[2026-07-23 15:07:15] 测速进度: 430/1350 (有效: 64)
[2026-07-23 15:07:16] 测速进度: 440/1350 (有效: 64)
[2026-07-23 15:07:19] 测速进度: 450/1350 (有效: 64)
[2026-07-23 15:07:21] 测速进度: 460/1350 (有效: 64)
[2026-07-23 15:07:24] 测速进度: 470/1350 (有效: 66)
[2026-07-23 15:07:29] 测速进度: 480/1350 (有效: 68)
[2026-07-23 15:07:31] 测速进度: 490/1350 (有效: 68)
[2026-07-23 15:07:34] 测速进度: 500/1350 (有效: 69)
[2026-07-23 15:07:35] 测速进度: 510/1350 (有效: 69)
[2026-07-23 15:07:35] 测速进度: 520/1350 (有效: 69)
[2026-07-23 15:07:37] 测速进度: 530/1350 (有效: 69)
[2026-07-23 15:07:44] 测速进度: 540/1350 (有效: 74)
[2026-07-23 15:07:48] 测速进度: 550/1350 (有效: 76)
[2026-07-23 15:07:51] 测速进度: 560/1350 (有效: 82)
[2026-07-23 15:07:55] 测速进度: 570/1350 (有效: 88)
[2026-07-23 15:07:58] 测速进度: 580/1350 (有效: 91)
[2026-07-23 15:08:06] 测速进度: 610/1350 (有效: 102)
[2026-07-23 15:08:08] 测速进度: 620/1350 (有效: 108)
[2026-07-23 15:08:12] 测速进度: 630/1350 (有效: 112)
[2026-07-23 15:08:20] 测速进度: 670/1350 (有效: 123)
[2026-07-23 15:08:23] 测速进度: 680/1350 (有效: 132)
[2026-07-23 15:08:26] 测速进度: 690/1350 (有效: 136)
[2026-07-23 15:08:35] 测速进度: 730/1350 (有效: 144)
[2026-07-23 15:08:37] 测速进度: 740/1350 (有效: 153)
[2026-07-23 15:08:41] 测速进度: 750/1350 (有效: 156)
[2026-07-23 15:08:44] 测速进度: 760/1350 (有效: 164)
[2026-07-23 15:08:47] 测速进度: 790/1350 (有效: 165)
[2026-07-23 15:08:49] 测速进度: 800/1350 (有效: 165)
[2026-07-23 15:08:51] 测速进度: 810/1350 (有效: 166)
[2026-07-23 15:08:51] 测速进度: 820/1350 (有效: 169)
[2026-07-23 15:08:53] 测速进度: 830/1350 (有效: 171)
[2026-07-23 15:09:02] 测速进度: 850/1350 (有效: 172)
[2026-07-23 15:09:02] 测速进度: 860/1350 (有效: 172)
[2026-07-23 15:09:04] 测速进度: 870/1350 (有效: 172)
[2026-07-23 15:09:04] 测速进度: 880/1350 (有效: 172)
[2026-07-23 15:09:04] 测速进度: 890/1350 (有效: 172)
[2026-07-23 15:09:06] 测速进度: 900/1350 (有效: 172)
[2026-07-23 15:09:08] 测速进度: 910/1350 (有效: 172)
[2026-07-23 15:09:08] 测速进度: 920/1350 (有效: 172)
[2026-07-23 15:09:08] 测速进度: 930/1350 (有效: 172)
[2026-07-23 15:09:10] 测速进度: 940/1350 (有效: 172)
[2026-07-23 15:09:10] 测速进度: 950/1350 (有效: 172)
[2026-07-23 15:09:12] 测速进度: 960/1350 (有效: 172)
[2026-07-23 15:09:14] 测速进度: 970/1350 (有效: 172)
[2026-07-23 15:09:14] 测速进度: 980/1350 (有效: 172)
[2026-07-23 15:09:16] 测速进度: 990/1350 (有效: 172)
[2026-07-23 15:09:16] 测速进度: 1000/1350 (有效: 172)
[2026-07-23 15:09:18] 测速进度: 1010/1350 (有效: 172)
[2026-07-23 15:09:18] 测速进度: 1020/1350 (有效: 172)
[2026-07-23 15:09:20] 测速进度: 1030/1350 (有效: 172)
[2026-07-23 15:09:20] 测速进度: 1040/1350 (有效: 172)
[2026-07-23 15:09:22] 测速进度: 1050/1350 (有效: 172)
[2026-07-23 15:09:22] 测速进度: 1060/1350 (有效: 172)
[2026-07-23 15:09:22] 测速进度: 1070/1350 (有效: 172)
[2026-07-23 15:09:34] 测速进度: 1090/1350 (有效: 177)
[2026-07-23 15:09:35] 测速进度: 1100/1350 (有效: 177)
[2026-07-23 15:09:37] 测速进度: 1110/1350 (有效: 177)
[2026-07-23 15:09:38] 测速进度: 1120/1350 (有效: 177)
[2026-07-23 15:09:39] 测速进度: 1130/1350 (有效: 179)
[2026-07-23 15:09:50] 测速进度: 1150/1350 (有效: 185)
[2026-07-23 15:09:50] 测速进度: 1160/1350 (有效: 185)
[2026-07-23 15:09:52] 测速进度: 1170/1350 (有效: 186)
[2026-07-23 15:09:53] 测速进度: 1180/1350 (有效: 186)
[2026-07-23 15:09:54] 测速进度: 1190/1350 (有效: 186)
[2026-07-23 15:10:05] 测速进度: 1210/1350 (有效: 188)
[2026-07-23 15:10:05] 测速进度: 1220/1350 (有效: 188)
[2026-07-23 15:10:07] 测速进度: 1230/1350 (有效: 188)
[2026-07-23 15:10:07] 测速进度: 1240/1350 (有效: 188)
[2026-07-23 15:10:07] 测速进度: 1250/1350 (有效: 188)
[2026-07-23 15:10:20] 测速进度: 1270/1350 (有效: 189)
[2026-07-23 15:10:20] 测速进度: 1280/1350 (有效: 189)
[2026-07-23 15:10:22] 测速进度: 1290/1350 (有效: 189)
[2026-07-23 15:10:22] 测速进度: 1300/1350 (有效: 189)
[2026-07-23 15:10:23] 测速进度: 1310/1350 (有效: 189)
[2026-07-23 15:10:27] 测速进度: 1320/1350 (有效: 189)
[2026-07-23 15:10:28] 测速进度: 1330/1350 (有效: 189)
[2026-07-23 15:10:30] 测速进度: 1340/1350 (有效: 189)
[2026-07-23 15:10:37] 测速进度: 1350/1350 (有效: 191)
[2026-07-23 15:10:37] 测速完成: 191/1350 个有效源
[2026-07-23 15:10:37] 选中 Top 5 源:
[2026-07-23 15:10:37]   源1: 113.57.140.161:10081 (hsmdtv) 2.40MB/s
[2026-07-23 15:10:37]   源2: 112.27.5.218:9901 (txiptv) 1.56MB/s
[2026-07-23 15:10:37]   源3: 120.40.39.246:352 (hsmdtv) 1.51MB/s
[2026-07-23 15:10:37]   源4: 118.122.144.115:8888 (hsmdtv) 1.46MB/s
[2026-07-23 15:10:37]   源5: 120.202.73.48:8888 (txiptv) 1.37MB/s
[2026-07-23 15:10:37] 抓取频道: 源1 113.57.140.161:10081 (hsmdtv)...
[2026-07-23 15:10:37] 抓取频道: 源2 112.27.5.218:9901 (txiptv)...
[2026-07-23 15:10:41] 抓取频道: 源3 120.40.39.246:352 (hsmdtv)...
[2026-07-23 15:10:41] 抓取频道: 源4 118.122.144.115:8888 (hsmdtv)...
[2026-07-23 15:10:41] 抓取频道: 源5 120.202.73.48:8888 (txiptv)...
[2026-07-23 15:10:46] 远程源共抓取到 120 条频道记录
[2026-07-23 15:10:46] 📊 数据来源: 远程源
[2026-07-23 15:10:46]    M3U8: 30902 字节, TXT: 10681 字节
[2026-07-23 15:10:46] ✅ M3U8 已保存到 output.m3u8 (30902 字节)
[2026-07-23 15:10:46] ✅ TXT 已保存到 output.txt (10681 字节)
[2026-07-23 15:10:46] 🎉 更新完成!
[2026-07-23 22:52:31] ==================================================
[2026-07-23 22:52:31] IPTV 播放列表自动更新（远程源抓取 + 本地保存）
[2026-07-23 22:52:31] ==================================================
[2026-07-23 22:52:31] 抓取远程源 (第1次)...
[2026-07-23 22:52:31] ✅ 远程源获取成功，共 1350 个源
[2026-07-23 22:52:31] 开始测速 1350 个源...
[2026-07-23 22:52:33] 测速进度: 10/1350 (有效: 0)
[2026-07-23 22:52:36] 测速进度: 20/1350 (有效: 0)
[2026-07-23 22:52:38] 测速进度: 30/1350 (有效: 1)
[2026-07-23 22:52:40] 测速进度: 40/1350 (有效: 1)
[2026-07-23 22:52:41] 测速进度: 50/1350 (有效: 5)
[2026-07-23 22:52:48] 测速进度: 70/1350 (有效: 11)
[2026-07-23 22:52:51] 测速进度: 80/1350 (有效: 11)
[2026-07-23 22:52:52] 测速进度: 90/1350 (有效: 11)
[2026-07-23 22:52:53] 测速进度: 100/1350 (有效: 13)
[2026-07-23 22:52:56] 测速进度: 110/1350 (有效: 16)
[2026-07-23 22:53:04] 测速进度: 130/1350 (有效: 22)
[2026-07-23 22:53:04] 测速进度: 140/1350 (有效: 22)
[2026-07-23 22:53:05] 测速进度: 150/1350 (有效: 23)
[2026-07-23 22:53:06] 测速进度: 160/1350 (有效: 24)
[2026-07-23 22:53:09] 测速进度: 170/1350 (有效: 27)
[2026-07-23 22:53:19] 测速进度: 190/1350 (有效: 36)
[2026-07-23 22:53:19] 测速进度: 200/1350 (有效: 36)
[2026-07-23 22:53:21] 测速进度: 210/1350 (有效: 39)
[2026-07-23 22:53:23] 测速进度: 220/1350 (有效: 40)
[2026-07-23 22:53:25] 测速进度: 230/1350 (有效: 41)
[2026-07-23 22:53:33] 测速进度: 250/1350 (有效: 48)
[2026-07-23 22:53:34] 测速进度: 260/1350 (有效: 48)
[2026-07-23 22:53:35] 测速进度: 270/1350 (有效: 48)
[2026-07-23 22:53:36] 测速进度: 280/1350 (有效: 48)
[2026-07-23 22:53:37] 测速进度: 290/1350 (有效: 48)
[2026-07-23 22:53:48] 测速进度: 310/1350 (有效: 54)
[2026-07-23 22:53:49] 测速进度: 320/1350 (有效: 54)
[2026-07-23 22:53:50] 测速进度: 330/1350 (有效: 54)
[2026-07-23 22:53:52] 测速进度: 340/1350 (有效: 54)
[2026-07-23 22:53:54] 测速进度: 350/1350 (有效: 55)
[2026-07-23 22:54:00] 测速进度: 360/1350 (有效: 61)
[2026-07-23 22:54:01] 测速进度: 370/1350 (有效: 61)
[2026-07-23 22:54:05] 测速进度: 380/1350 (有效: 61)
[2026-07-23 22:54:06] 测速进度: 390/1350 (有效: 61)
[2026-07-23 22:54:10] 测速进度: 400/1350 (有效: 62)
[2026-07-23 22:54:10] 测速进度: 410/1350 (有效: 62)
[2026-07-23 22:54:16] 测速进度: 430/1350 (有效: 63)
[2026-07-23 22:54:16] 测速进度: 440/1350 (有效: 63)
[2026-07-23 22:54:20] 测速进度: 450/1350 (有效: 63)
[2026-07-23 22:54:21] 测速进度: 460/1350 (有效: 63)
[2026-07-23 22:54:22] 测速进度: 470/1350 (有效: 64)
[2026-07-23 22:54:30] 测速进度: 480/1350 (有效: 67)
[2026-07-23 22:54:31] 测速进度: 490/1350 (有效: 67)
[2026-07-23 22:54:35] 测速进度: 500/1350 (有效: 68)
[2026-07-23 22:54:35] 测速进度: 510/1350 (有效: 68)
[2026-07-23 22:54:36] 测速进度: 520/1350 (有效: 68)
[2026-07-23 22:54:37] 测速进度: 530/1350 (有效: 68)
[2026-07-23 22:54:44] 测速进度: 540/1350 (有效: 74)
[2026-07-23 22:54:47] 测速进度: 550/1350 (有效: 76)
[2026-07-23 22:54:50] 测速进度: 560/1350 (有效: 79)
[2026-07-23 22:54:53] 测速进度: 570/1350 (有效: 82)
[2026-07-23 22:54:57] 测速进度: 580/1350 (有效: 88)
[2026-07-23 22:55:05] 测速进度: 610/1350 (有效: 99)
[2026-07-23 22:55:08] 测速进度: 620/1350 (有效: 106)
[2026-07-23 22:55:11] 测速进度: 630/1350 (有效: 111)
[2026-07-23 22:55:14] 测速进度: 640/1350 (有效: 118)
[2026-07-23 22:55:20] 测速进度: 670/1350 (有效: 121)
[2026-07-23 22:55:24] 测速进度: 680/1350 (有效: 130)
[2026-07-23 22:55:26] 测速进度: 690/1350 (有效: 136)
[2026-07-23 22:55:35] 测速进度: 730/1350 (有效: 143)
[2026-07-23 22:55:38] 测速进度: 740/1350 (有效: 152)
[2026-07-23 22:55:41] 测速进度: 750/1350 (有效: 158)
[2026-07-23 22:55:43] 测速进度: 760/1350 (有效: 164)
[2026-07-23 22:55:47] 测速进度: 790/1350 (有效: 165)
[2026-07-23 22:55:48] 测速进度: 800/1350 (有效: 165)
[2026-07-23 22:55:50] 测速进度: 810/1350 (有效: 165)
[2026-07-23 22:55:51] 测速进度: 820/1350 (有效: 168)
[2026-07-23 22:55:52] 测速进度: 830/1350 (有效: 170)
[2026-07-23 22:55:53] 测速进度: 840/1350 (有效: 171)
[2026-07-23 22:55:55] 测速进度: 850/1350 (有效: 171)
[2026-07-23 22:55:55] 测速进度: 860/1350 (有效: 171)
[2026-07-23 22:55:55] 测速进度: 870/1350 (有效: 171)
[2026-07-23 22:55:57] 测速进度: 880/1350 (有效: 171)
[2026-07-23 22:55:57] 测速进度: 890/1350 (有效: 171)
[2026-07-23 22:55:59] 测速进度: 900/1350 (有效: 171)
[2026-07-23 22:56:01] 测速进度: 910/1350 (有效: 171)
[2026-07-23 22:56:01] 测速进度: 920/1350 (有效: 171)
[2026-07-23 22:56:01] 测速进度: 930/1350 (有效: 171)
[2026-07-23 22:56:03] 测速进度: 940/1350 (有效: 171)
[2026-07-23 22:56:03] 测速进度: 950/1350 (有效: 171)
[2026-07-23 22:56:05] 测速进度: 960/1350 (有效: 171)
[2026-07-23 22:56:07] 测速进度: 970/1350 (有效: 171)
[2026-07-23 22:56:07] 测速进度: 980/1350 (有效: 171)
[2026-07-23 22:56:09] 测速进度: 990/1350 (有效: 171)
[2026-07-23 22:56:09] 测速进度: 1000/1350 (有效: 171)
[2026-07-23 22:56:11] 测速进度: 1010/1350 (有效: 171)
[2026-07-23 22:56:11] 测速进度: 1020/1350 (有效: 171)
[2026-07-23 22:56:13] 测速进度: 1030/1350 (有效: 171)
[2026-07-23 22:56:13] 测速进度: 1040/1350 (有效: 171)
[2026-07-23 22:56:14] 测速进度: 1050/1350 (有效: 171)
[2026-07-23 22:56:15] 测速进度: 1060/1350 (有效: 171)
[2026-07-23 22:56:15] 测速进度: 1070/1350 (有效: 171)
[2026-07-23 22:56:27] 测速进度: 1090/1350 (有效: 177)
[2026-07-23 22:56:29] 测速进度: 1100/1350 (有效: 177)
[2026-07-23 22:56:30] 测速进度: 1110/1350 (有效: 177)
[2026-07-23 22:56:31] 测速进度: 1120/1350 (有效: 177)
[2026-07-23 22:56:33] 测速进度: 1130/1350 (有效: 179)
[2026-07-23 22:56:41] 测速进度: 1140/1350 (有效: 187)
[2026-07-23 22:56:43] 测速进度: 1150/1350 (有效: 187)
[2026-07-23 22:56:43] 测速进度: 1160/1350 (有效: 187)
[2026-07-23 22:56:45] 测速进度: 1170/1350 (有效: 187)
[2026-07-23 22:56:45] 测速进度: 1180/1350 (有效: 188)
[2026-07-23 22:56:47] 测速进度: 1190/1350 (有效: 188)
[2026-07-23 22:56:53] 测速进度: 1200/1350 (有效: 191)
[2026-07-23 22:56:55] 测速进度: 1210/1350 (有效: 191)
[2026-07-23 22:56:55] 测速进度: 1220/1350 (有效: 191)
[2026-07-23 22:56:56] 测速进度: 1230/1350 (有效: 191)
[2026-07-23 22:56:57] 测速进度: 1240/1350 (有效: 191)
[2026-07-23 22:56:58] 测速进度: 1250/1350 (有效: 191)
[2026-07-23 22:57:03] 测速进度: 1260/1350 (有效: 191)
[2026-07-23 22:57:05] 测速进度: 1270/1350 (有效: 191)
[2026-07-23 22:57:05] 测速进度: 1280/1350 (有效: 191)
[2026-07-23 22:57:06] 测速进度: 1290/1350 (有效: 191)
[2026-07-23 22:57:07] 测速进度: 1300/1350 (有效: 191)
[2026-07-23 22:57:09] 测速进度: 1310/1350 (有效: 191)
[2026-07-23 22:57:12] 测速进度: 1320/1350 (有效: 191)
[2026-07-23 22:57:13] 测速进度: 1330/1350 (有效: 191)
[2026-07-23 22:57:14] 测速进度: 1340/1350 (有效: 191)
[2026-07-23 22:57:19] 测速进度: 1350/1350 (有效: 193)
[2026-07-23 22:57:19] 测速完成: 193/1350 个有效源
[2026-07-23 22:57:19] 选中 Top 5 源:
[2026-07-23 22:57:19]   源1: 118.122.144.115:8888 (hsmdtv) 1.47MB/s
[2026-07-23 22:57:19]   源2: 112.27.5.218:9901 (txiptv) 1.45MB/s
[2026-07-23 22:57:19]   源3: 223.78.65.165:9901 (txiptv) 1.42MB/s
[2026-07-23 22:57:19]   源4: 221.7.175.154:8445 (txiptv) 1.32MB/s
[2026-07-23 22:57:19]   源5: 113.26.251.182:8009 (zhgxtv) 1.08MB/s
[2026-07-23 22:57:19] 抓取频道: 源1 118.122.144.115:8888 (hsmdtv)...
[2026-07-23 22:57:19] 抓取频道: 源2 112.27.5.218:9901 (txiptv)...
[2026-07-23 22:57:23] 抓取频道: 源3 223.78.65.165:9901 (txiptv)...
[2026-07-23 22:57:28] 抓取频道: 源4 221.7.175.154:8445 (txiptv)...
[2026-07-23 22:57:33] 抓取频道: 源5 113.26.251.182:8009 (zhgxtv)...
[2026-07-23 22:57:39] 远程源共抓取到 319 条频道记录
[2026-07-23 22:57:39] 📊 数据来源: 远程源
[2026-07-23 22:57:39]    M3U8: 77005 字节, TXT: 23200 字节
[2026-07-23 22:57:39] ✅ M3U8 已保存到 output.m3u8 (77005 字节)
[2026-07-23 22:57:39] ✅ TXT 已保存到 output.txt (23200 字节)
[2026-07-23 22:57:39] 🎉 更新完成!
[2026-07-24 03:34:17] ==================================================
[2026-07-24 03:34:17] IPTV 播放列表自动更新（远程源抓取 + 本地保存）
[2026-07-24 03:34:17] ==================================================
[2026-07-24 03:34:17] 抓取远程源 (第1次)...
[2026-07-24 03:34:17] ✅ 远程源获取成功，共 1375 个源
[2026-07-24 03:34:17] 开始测速 1375 个源...
[2026-07-24 03:34:18] 测速进度: 10/1375 (有效: 0)
[2026-07-24 03:34:19] 测速进度: 20/1375 (有效: 0)
[2026-07-24 03:34:22] 测速进度: 30/1375 (有效: 0)
[2026-07-24 03:34:24] 测速进度: 40/1375 (有效: 0)
[2026-07-24 03:34:26] 测速进度: 50/1375 (有效: 3)
[2026-07-24 03:34:29] 测速进度: 60/1375 (有效: 12)
[2026-07-24 03:34:30] 测速进度: 70/1375 (有效: 12)
[2026-07-24 03:34:31] 测速进度: 80/1375 (有效: 12)
[2026-07-24 03:34:34] 测速进度: 90/1375 (有效: 12)
[2026-07-24 03:34:35] 测速进度: 100/1375 (有效: 15)
[2026-07-24 03:34:39] 测速进度: 110/1375 (有效: 20)
[2026-07-24 03:34:45] 测速进度: 130/1375 (有效: 29)
[2026-07-24 03:34:47] 测速进度: 140/1375 (有效: 29)
[2026-07-24 03:34:49] 测速进度: 150/1375 (有效: 31)
[2026-07-24 03:34:51] 测速进度: 160/1375 (有效: 32)
[2026-07-24 03:34:53] 测速进度: 170/1375 (有效: 37)
[2026-07-24 03:35:00] 测速进度: 190/1375 (有效: 43)
[2026-07-24 03:35:01] 测速进度: 200/1375 (有效: 43)
[2026-07-24 03:35:01] 测速进度: 210/1375 (有效: 43)
[2026-07-24 03:35:03] 测速进度: 220/1375 (有效: 44)
[2026-07-24 03:35:05] 测速进度: 230/1375 (有效: 44)
[2026-07-24 03:35:11] 测速进度: 240/1375 (有效: 49)
[2026-07-24 03:35:13] 测速进度: 250/1375 (有效: 49)
[2026-07-24 03:35:13] 测速进度: 260/1375 (有效: 49)
[2026-07-24 03:35:14] 测速进度: 270/1375 (有效: 50)
[2026-07-24 03:35:15] 测速进度: 280/1375 (有效: 50)
[2026-07-24 03:35:16] 测速进度: 290/1375 (有效: 50)
[2026-07-24 03:35:22] 测速进度: 300/1375 (有效: 52)
[2026-07-24 03:35:24] 测速进度: 310/1375 (有效: 52)
[2026-07-24 03:35:24] 测速进度: 320/1375 (有效: 52)
[2026-07-24 03:35:26] 测速进度: 330/1375 (有效: 52)
[2026-07-24 03:35:26] 测速进度: 340/1375 (有效: 52)
[2026-07-24 03:35:27] 测速进度: 350/1375 (有效: 52)
[2026-07-24 03:35:28] 测速进度: 360/1375 (有效: 52)
[2026-07-24 03:35:30] 测速进度: 370/1375 (有效: 52)
[2026-07-24 03:35:30] 测速进度: 380/1375 (有效: 52)
[2026-07-24 03:35:32] 测速进度: 390/1375 (有效: 52)
[2026-07-24 03:35:32] 测速进度: 400/1375 (有效: 52)
[2026-07-24 03:35:34] 测速进度: 410/1375 (有效: 54)
[2026-07-24 03:35:46] 测速进度: 430/1375 (有效: 58)
[2026-07-24 03:35:46] 测速进度: 440/1375 (有效: 58)
[2026-07-24 03:35:48] 测速进度: 450/1375 (有效: 59)
[2026-07-24 03:35:48] 测速进度: 460/1375 (有效: 62)
[2026-07-24 03:35:50] 测速进度: 470/1375 (有效: 63)
[2026-07-24 03:36:00] 测速进度: 490/1375 (有效: 71)
[2026-07-24 03:36:01] 测速进度: 500/1375 (有效: 71)
[2026-07-24 03:36:03] 测速进度: 510/1375 (有效: 71)
[2026-07-24 03:36:03] 测速进度: 520/1375 (有效: 71)
[2026-07-24 03:36:05] 测速进度: 530/1375 (有效: 72)
[2026-07-24 03:36:15] 测速进度: 550/1375 (有效: 77)
[2026-07-24 03:36:16] 测速进度: 560/1375 (有效: 77)
[2026-07-24 03:36:17] 测速进度: 570/1375 (有效: 77)
[2026-07-24 03:36:18] 测速进度: 580/1375 (有效: 78)
[2026-07-24 03:36:21] 测速进度: 590/1375 (有效: 78)
[2026-07-24 03:36:30] 测速进度: 610/1375 (有效: 83)
[2026-07-24 03:36:31] 测速进度: 620/1375 (有效: 83)
[2026-07-24 03:36:34] 测速进度: 630/1375 (有效: 84)
[2026-07-24 03:36:36] 测速进度: 640/1375 (有效: 85)
[2026-07-24 03:36:38] 测速进度: 650/1375 (有效: 86)
[2026-07-24 03:36:41] 测速进度: 660/1375 (有效: 89)
[2026-07-24 03:36:46] 测速进度: 670/1375 (有效: 89)
[2026-07-24 03:36:46] 测速进度: 680/1375 (有效: 89)
[2026-07-24 03:36:47] 测速进度: 690/1375 (有效: 89)
[2026-07-24 03:36:50] 测速进度: 700/1375 (有效: 90)
[2026-07-24 03:36:51] 测速进度: 710/1375 (有效: 90)
[2026-07-24 03:36:56] 测速进度: 730/1375 (有效: 94)
[2026-07-24 03:37:01] 测速进度: 740/1375 (有效: 94)
[2026-07-24 03:37:01] 测速进度: 750/1375 (有效: 94)
[2026-07-24 03:37:02] 测速进度: 760/1375 (有效: 94)
[2026-07-24 03:37:06] 测速进度: 770/1375 (有效: 96)
[2026-07-24 03:37:11] 测速进度: 780/1375 (有效: 97)
[2026-07-24 03:37:11] 测速进度: 790/1375 (有效: 97)
[2026-07-24 03:37:12] 测速进度: 800/1375 (有效: 97)
[2026-07-24 03:37:13] 测速进度: 810/1375 (有效: 99)
[2026-07-24 03:37:16] 测速进度: 820/1375 (有效: 100)
[2026-07-24 03:37:19] 测速进度: 830/1375 (有效: 101)
[2026-07-24 03:37:22] 测速进度: 840/1375 (有效: 109)
[2026-07-24 03:37:28] 测速进度: 850/1375 (有效: 115)
[2026-07-24 03:37:30] 测速进度: 860/1375 (有效: 120)
[2026-07-24 03:37:33] 测速进度: 870/1375 (有效: 122)
[2026-07-24 03:37:37] 测速进度: 880/1375 (有效: 129)
[2026-07-24 03:37:43] 测速进度: 910/1375 (有效: 136)
[2026-07-24 03:37:44] 测速进度: 920/1375 (有效: 145)
[2026-07-24 03:37:49] 测速进度: 930/1375 (有效: 148)
[2026-07-24 03:37:52] 测速进度: 940/1375 (有效: 155)
[2026-07-24 03:37:58] 测速进度: 970/1375 (有效: 157)
[2026-07-24 03:38:00] 测速进度: 980/1375 (有效: 165)
[2026-07-24 03:38:04] 测速进度: 990/1375 (有效: 172)
[2026-07-24 03:38:06] 测速进度: 1000/1375 (有效: 178)
[2026-07-24 03:38:13] 测速进度: 1030/1375 (有效: 183)
[2026-07-24 03:38:15] 测速进度: 1040/1375 (有效: 190)
[2026-07-24 03:38:19] 测速进度: 1050/1375 (有效: 195)
[2026-07-24 03:38:20] 测速进度: 1060/1375 (有效: 199)
[2026-07-24 03:38:21] 测速进度: 1070/1375 (有效: 200)
[2026-07-24 03:38:22] 测速进度: 1080/1375 (有效: 203)
[2026-07-24 03:38:24] 测速进度: 1090/1375 (有效: 203)
[2026-07-24 03:38:24] 测速进度: 1100/1375 (有效: 203)
[2026-07-24 03:38:26] 测速进度: 1110/1375 (有效: 203)
[2026-07-24 03:38:26] 测速进度: 1120/1375 (有效: 203)
[2026-07-24 03:38:26] 测速进度: 1130/1375 (有效: 203)
[2026-07-24 03:38:28] 测速进度: 1140/1375 (有效: 203)
[2026-07-24 03:38:30] 测速进度: 1150/1375 (有效: 203)
[2026-07-24 03:38:30] 测速进度: 1160/1375 (有效: 203)
[2026-07-24 03:38:31] 测速进度: 1170/1375 (有效: 203)
[2026-07-24 03:38:32] 测速进度: 1180/1375 (有效: 203)
[2026-07-24 03:38:33] 测速进度: 1190/1375 (有效: 203)
[2026-07-24 03:38:34] 测速进度: 1200/1375 (有效: 203)
[2026-07-24 03:38:36] 测速进度: 1210/1375 (有效: 203)
[2026-07-24 03:38:36] 测速进度: 1220/1375 (有效: 203)
[2026-07-24 03:38:38] 测速进度: 1230/1375 (有效: 203)
[2026-07-24 03:38:38] 测速进度: 1240/1375 (有效: 203)
[2026-07-24 03:38:40] 测速进度: 1250/1375 (有效: 203)
[2026-07-24 03:38:40] 测速进度: 1260/1375 (有效: 203)
[2026-07-24 03:38:42] 测速进度: 1270/1375 (有效: 203)
[2026-07-24 03:38:42] 测速进度: 1280/1375 (有效: 203)
[2026-07-24 03:38:43] 测速进度: 1290/1375 (有效: 203)
[2026-07-24 03:38:44] 测速进度: 1300/1375 (有效: 203)
[2026-07-24 03:38:46] 测速进度: 1310/1375 (有效: 203)
[2026-07-24 03:38:54] 测速进度: 1320/1375 (有效: 204)
[2026-07-24 03:38:57] 测速进度: 1330/1375 (有效: 204)
[2026-07-24 03:38:58] 测速进度: 1340/1375 (有效: 204)
[2026-07-24 03:38:59] 测速进度: 1350/1375 (有效: 204)
[2026-07-24 03:39:00] 测速进度: 1360/1375 (有效: 204)
[2026-07-24 03:39:02] 测速进度: 1370/1375 (有效: 204)
[2026-07-24 03:39:06] 测速进度: 1375/1375 (有效: 206)
[2026-07-24 03:39:06] 测速完成: 206/1375 个有效源
[2026-07-24 03:39:06] 选中 Top 5 源:
[2026-07-24 03:39:06]   源1: 118.122.144.115:8888 (hsmdtv) 2.21MB/s
[2026-07-24 03:39:06]   源2: 112.27.5.218:9901 (txiptv) 1.94MB/s
[2026-07-24 03:39:06]   源3: 120.202.73.48:8888 (txiptv) 1.74MB/s
[2026-07-24 03:39:06]   源4: 221.205.60.93:9003 (jsmpeg) 1.70MB/s
[2026-07-24 03:39:06]   源5: 113.26.251.182:8009 (zhgxtv) 1.37MB/s
[2026-07-24 03:39:06] 抓取频道: 源1 118.122.144.115:8888 (hsmdtv)...
[2026-07-24 03:39:06] 抓取频道: 源2 112.27.5.218:9901 (txiptv)...
[2026-07-24 03:39:14] 抓取频道: 源3 120.202.73.48:8888 (txiptv)...
[2026-07-24 03:39:18] 抓取频道: 源4 221.205.60.93:9003 (jsmpeg)...
[2026-07-24 03:39:24] 抓取频道: 源5 113.26.251.182:8009 (zhgxtv)...
[2026-07-24 03:39:25] 远程源共抓取到 292 条频道记录
[2026-07-24 03:39:25] 📊 数据来源: 远程源
[2026-07-24 03:39:25]    M3U8: 68332 字节, TXT: 19364 字节
[2026-07-24 03:39:25] ✅ M3U8 已保存到 output.m3u8 (68332 字节)
[2026-07-24 03:39:25] ✅ TXT 已保存到 output.txt (19364 字节)
[2026-07-24 03:39:25] 🎉 更新完成!
[2026-07-24 04:31:23] ==================================================
[2026-07-24 04:31:23] IPTV 播放列表自动更新（远程源抓取 + 本地保存）
[2026-07-24 04:31:23] ==================================================
[2026-07-24 04:31:23] 抓取远程源 (第1次)...
[2026-07-24 04:31:23] ✅ 远程源获取成功，共 1375 个源
[2026-07-24 04:31:23] 开始测速 1375 个源...
[2026-07-24 04:31:24] 测速进度: 10/1375 (有效: 0)
[2026-07-24 04:31:25] 测速进度: 20/1375 (有效: 0)
[2026-07-24 04:31:29] 测速进度: 30/1375 (有效: 0)
[2026-07-24 04:31:31] 测速进度: 40/1375 (有效: 1)
[2026-07-24 04:31:33] 测速进度: 50/1375 (有效: 4)
[2026-07-24 04:31:38] 测速进度: 60/1375 (有效: 12)
[2026-07-24 04:31:40] 测速进度: 70/1375 (有效: 12)
[2026-07-24 04:31:41] 测速进度: 80/1375 (有效: 12)
[2026-07-24 04:31:43] 测速进度: 90/1375 (有效: 12)
[2026-07-24 04:31:45] 测速进度: 100/1375 (有效: 14)
[2026-07-24 04:31:50] 测速进度: 110/1375 (有效: 20)
[2026-07-24 04:31:54] 测速进度: 130/1375 (有效: 23)
[2026-07-24 04:31:56] 测速进度: 140/1375 (有效: 23)
[2026-07-24 04:31:58] 测速进度: 150/1375 (有效: 23)
[2026-07-24 04:32:00] 测速进度: 160/1375 (有效: 24)
[2026-07-24 04:32:02] 测速进度: 170/1375 (有效: 28)
[2026-07-24 04:32:09] 测速进度: 190/1375 (有效: 36)
[2026-07-24 04:32:10] 测速进度: 200/1375 (有效: 36)
[2026-07-24 04:32:10] 测速进度: 210/1375 (有效: 36)
[2026-07-24 04:32:12] 测速进度: 220/1375 (有效: 36)
[2026-07-24 04:32:14] 测速进度: 230/1375 (有效: 37)
[2026-07-24 04:32:21] 测速进度: 240/1375 (有效: 43)
[2026-07-24 04:32:23] 测速进度: 250/1375 (有效: 43)
[2026-07-24 04:32:23] 测速进度: 260/1375 (有效: 43)
[2026-07-24 04:32:24] 测速进度: 270/1375 (有效: 43)
[2026-07-24 04:32:25] 测速进度: 280/1375 (有效: 44)
[2026-07-24 04:32:26] 测速进度: 290/1375 (有效: 44)
[2026-07-24 04:32:33] 测速进度: 300/1375 (有效: 46)
[2026-07-24 04:32:35] 测速进度: 310/1375 (有效: 46)
[2026-07-24 04:32:35] 测速进度: 320/1375 (有效: 46)
[2026-07-24 04:32:37] 测速进度: 330/1375 (有效: 46)
[2026-07-24 04:32:37] 测速进度: 340/1375 (有效: 46)
[2026-07-24 04:32:39] 测速进度: 350/1375 (有效: 46)
[2026-07-24 04:32:45] 测速进度: 360/1375 (有效: 47)
[2026-07-24 04:32:47] 测速进度: 370/1375 (有效: 47)
[2026-07-24 04:32:47] 测速进度: 380/1375 (有效: 47)
[2026-07-24 04:32:48] 测速进度: 390/1375 (有效: 47)
[2026-07-24 04:32:49] 测速进度: 400/1375 (有效: 47)
[2026-07-24 04:32:51] 测速进度: 410/1375 (有效: 47)
[2026-07-24 04:33:00] 测速进度: 420/1375 (有效: 54)
[2026-07-24 04:33:02] 测速进度: 430/1375 (有效: 54)
[2026-07-24 04:33:02] 测速进度: 440/1375 (有效: 54)
[2026-07-24 04:33:04] 测速进度: 450/1375 (有效: 55)
[2026-07-24 04:33:06] 测速进度: 460/1375 (有效: 57)
[2026-07-24 04:33:08] 测速进度: 470/1375 (有效: 60)
[2026-07-24 04:33:13] 测速进度: 480/1375 (有效: 68)
[2026-07-24 04:33:15] 测速进度: 490/1375 (有效: 68)
[2026-07-24 04:33:16] 测速进度: 500/1375 (有效: 68)
[2026-07-24 04:33:17] 测速进度: 510/1375 (有效: 70)
[2026-07-24 04:33:18] 测速进度: 520/1375 (有效: 70)
[2026-07-24 04:33:19] 测速进度: 530/1375 (有效: 70)
[2026-07-24 04:33:27] 测速进度: 540/1375 (有效: 75)
[2026-07-24 04:33:29] 测速进度: 550/1375 (有效: 75)
[2026-07-24 04:33:29] 测速进度: 560/1375 (有效: 75)
[2026-07-24 04:33:30] 测速进度: 570/1375 (有效: 75)
[2026-07-24 04:33:31] 测速进度: 580/1375 (有效: 75)
[2026-07-24 04:33:34] 测速进度: 590/1375 (有效: 77)
[2026-07-24 04:33:40] 测速进度: 600/1375 (有效: 83)
[2026-07-24 04:33:41] 测速进度: 610/1375 (有效: 83)
[2026-07-24 04:33:42] 测速进度: 620/1375 (有效: 83)
[2026-07-24 04:33:45] 测速进度: 630/1375 (有效: 84)
[2026-07-24 04:33:47] 测速进度: 640/1375 (有效: 84)
[2026-07-24 04:33:49] 测速进度: 650/1375 (有效: 88)
[2026-07-24 04:33:52] 测速进度: 660/1375 (有效: 89)
[2026-07-24 04:33:57] 测速进度: 670/1375 (有效: 89)
[2026-07-24 04:33:57] 测速进度: 680/1375 (有效: 89)
[2026-07-24 04:33:58] 测速进度: 690/1375 (有效: 89)
[2026-07-24 04:34:00] 测速进度: 700/1375 (有效: 89)
[2026-07-24 04:34:02] 测速进度: 710/1375 (有效: 90)
[2026-07-24 04:34:07] 测速进度: 730/1375 (有效: 93)
[2026-07-24 04:34:12] 测速进度: 740/1375 (有效: 93)
[2026-07-24 04:34:12] 测速进度: 750/1375 (有效: 93)
[2026-07-24 04:34:13] 测速进度: 760/1375 (有效: 93)
[2026-07-24 04:34:17] 测速进度: 770/1375 (有效: 94)
[2026-07-24 04:34:18] 测速进度: 780/1375 (有效: 95)
[2026-07-24 04:34:19] 测速进度: 790/1375 (有效: 95)
[2026-07-24 04:34:20] 测速进度: 800/1375 (有效: 95)
[2026-07-24 04:34:22] 测速进度: 810/1375 (有效: 99)
[2026-07-24 04:34:24] 测速进度: 820/1375 (有效: 102)
[2026-07-24 04:34:29] 测速进度: 830/1375 (有效: 108)
[2026-07-24 04:34:39] 测速进度: 850/1375 (有效: 118)
[2026-07-24 04:34:43] 测速进度: 860/1375 (有效: 124)
[2026-07-24 04:34:45] 测速进度: 870/1375 (有效: 130)
[2026-07-24 04:34:49] 测速进度: 880/1375 (有效: 133)
[2026-07-24 04:34:55] 测速进度: 910/1375 (有效: 135)
[2026-07-24 04:34:56] 测速进度: 920/1375 (有效: 144)
[2026-07-24 04:35:00] 测速进度: 930/1375 (有效: 147)
[2026-07-24 04:35:02] 测速进度: 940/1375 (有效: 152)
[2026-07-24 04:35:10] 测速进度: 970/1375 (有效: 160)
[2026-07-24 04:35:14] 测速进度: 980/1375 (有效: 169)
[2026-07-24 04:35:16] 测速进度: 990/1375 (有效: 175)
[2026-07-24 04:35:25] 测速进度: 1030/1375 (有效: 184)
[2026-07-24 04:35:28] 测速进度: 1040/1375 (有效: 194)
[2026-07-24 04:35:31] 测速进度: 1050/1375 (有效: 202)
[2026-07-24 04:35:32] 测速进度: 1060/1375 (有效: 206)
[2026-07-24 04:35:33] 测速进度: 1070/1375 (有效: 207)
[2026-07-24 04:35:36] 测速进度: 1090/1375 (有效: 207)
[2026-07-24 04:35:36] 测速进度: 1100/1375 (有效: 207)
[2026-07-24 04:35:38] 测速进度: 1110/1375 (有效: 207)
[2026-07-24 04:35:38] 测速进度: 1120/1375 (有效: 207)
[2026-07-24 04:35:38] 测速进度: 1130/1375 (有效: 207)
[2026-07-24 04:35:40] 测速进度: 1140/1375 (有效: 207)
[2026-07-24 04:35:42] 测速进度: 1150/1375 (有效: 207)
[2026-07-24 04:35:42] 测速进度: 1160/1375 (有效: 207)
[2026-07-24 04:35:43] 测速进度: 1170/1375 (有效: 207)
[2026-07-24 04:35:44] 测速进度: 1180/1375 (有效: 207)
[2026-07-24 04:35:44] 测速进度: 1190/1375 (有效: 207)
[2026-07-24 04:35:46] 测速进度: 1200/1375 (有效: 207)
[2026-07-24 04:35:48] 测速进度: 1210/1375 (有效: 207)
[2026-07-24 04:35:48] 测速进度: 1220/1375 (有效: 207)
[2026-07-24 04:35:50] 测速进度: 1230/1375 (有效: 207)
[2026-07-24 04:35:50] 测速进度: 1240/1375 (有效: 207)
[2026-07-24 04:35:52] 测速进度: 1250/1375 (有效: 207)
[2026-07-24 04:35:52] 测速进度: 1260/1375 (有效: 207)
[2026-07-24 04:35:54] 测速进度: 1270/1375 (有效: 207)
[2026-07-24 04:35:54] 测速进度: 1280/1375 (有效: 207)
[2026-07-24 04:35:56] 测速进度: 1290/1375 (有效: 207)
[2026-07-24 04:35:56] 测速进度: 1300/1375 (有效: 207)
[2026-07-24 04:35:58] 测速进度: 1310/1375 (有效: 207)
[2026-07-24 04:36:06] 测速进度: 1320/1375 (有效: 208)
[2026-07-24 04:36:08] 测速进度: 1330/1375 (有效: 208)
[2026-07-24 04:36:09] 测速进度: 1340/1375 (有效: 208)
[2026-07-24 04:36:10] 测速进度: 1350/1375 (有效: 208)
[2026-07-24 04:36:11] 测速进度: 1360/1375 (有效: 208)
[2026-07-24 04:36:13] 测速进度: 1370/1375 (有效: 208)
[2026-07-24 04:36:18] 测速进度: 1375/1375 (有效: 209)
[2026-07-24 04:36:18] 测速完成: 209/1375 个有效源
[2026-07-24 04:36:18] 选中 Top 5 源:
[2026-07-24 04:36:18]   源1: 113.57.140.161:10081 (hsmdtv) 1.89MB/s
[2026-07-24 04:36:18]   源2: 120.40.39.246:352 (hsmdtv) 1.81MB/s
[2026-07-24 04:36:18]   源3: 112.27.5.218:9901 (txiptv) 1.48MB/s
[2026-07-24 04:36:18]   源4: 223.78.65.165:9901 (txiptv) 1.47MB/s
[2026-07-24 04:36:18]   源5: 112.237.235.213:9989 (txiptv) 1.30MB/s
[2026-07-24 04:36:18] 抓取频道: 源1 113.57.140.161:10081 (hsmdtv)...
[2026-07-24 04:36:18] ⚠️ /Hotel/Remote Access/hsmd_address_list.txt 不存在，跳过 hsmdtv 源
[2026-07-24 04:36:18] 抓取频道: 源2 120.40.39.246:352 (hsmdtv)...
[2026-07-24 04:36:18] ⚠️ /Hotel/Remote Access/hsmd_address_list.txt 不存在，跳过 hsmdtv 源
[2026-07-24 04:36:18] 抓取频道: 源3 112.27.5.218:9901 (txiptv)...
[2026-07-24 04:36:22] 抓取频道: 源4 223.78.65.165:9901 (txiptv)...
[2026-07-24 04:36:27] 抓取频道: 源5 112.237.235.213:9989 (txiptv)...
[2026-07-24 04:36:36] 远程源共抓取到 176 条频道记录
[2026-07-24 04:36:36] 📊 数据来源: 远程源
[2026-07-24 04:36:36]    M3U8: 45157 字节, TXT: 15620 字节
[2026-07-24 04:36:36] ✅ M3U8 已保存到 output.m3u8 (45157 字节)
[2026-07-24 04:36:36] ✅ TXT 已保存到 output.txt (15620 字节)
[2026-07-24 04:36:36] 🎉 更新完成!
[2026-07-24 04:47:26] ==================================================
[2026-07-24 04:47:26] IPTV 播放列表自动更新（远程源抓取 + 本地保存）
[2026-07-24 04:47:26] ==================================================
[2026-07-24 04:47:26] 抓取远程源 (第1次)...
[2026-07-24 04:47:27] ✅ 远程源获取成功，共 1375 个源
[2026-07-24 04:47:27] 开始测速 1375 个源...
[2026-07-24 04:47:28] 测速进度: 10/1375 (有效: 0)
[2026-07-24 04:47:29] 测速进度: 20/1375 (有效: 0)
[2026-07-24 04:47:32] 测速进度: 30/1375 (有效: 1)
[2026-07-24 04:47:33] 测速进度: 40/1375 (有效: 1)
[2026-07-24 04:47:35] 测速进度: 50/1375 (有效: 2)
[2026-07-24 04:47:39] 测速进度: 60/1375 (有效: 11)
[2026-07-24 04:47:40] 测速进度: 70/1375 (有效: 11)
[2026-07-24 04:47:41] 测速进度: 80/1375 (有效: 11)
[2026-07-24 04:47:44] 测速进度: 90/1375 (有效: 11)
[2026-07-24 04:47:46] 测速进度: 100/1375 (有效: 13)
[2026-07-24 04:47:49] 测速进度: 110/1375 (有效: 17)
[2026-07-24 04:47:54] 测速进度: 130/1375 (有效: 25)
[2026-07-24 04:47:57] 测速进度: 140/1375 (有效: 25)
[2026-07-24 04:47:59] 测速进度: 150/1375 (有效: 26)
[2026-07-24 04:48:02] 测速进度: 160/1375 (有效: 28)
[2026-07-24 04:48:03] 测速进度: 170/1375 (有效: 35)
[2026-07-24 04:48:10] 测速进度: 190/1375 (有效: 41)
[2026-07-24 04:48:11] 测速进度: 200/1375 (有效: 41)
[2026-07-24 04:48:11] 测速进度: 210/1375 (有效: 41)
[2026-07-24 04:48:13] 测速进度: 220/1375 (有效: 41)
[2026-07-24 04:48:14] 测速进度: 230/1375 (有效: 43)
[2026-07-24 04:48:20] 测速进度: 240/1375 (有效: 48)
[2026-07-24 04:48:22] 测速进度: 250/1375 (有效: 48)
[2026-07-24 04:48:22] 测速进度: 260/1375 (有效: 48)
[2026-07-24 04:48:23] 测速进度: 270/1375 (有效: 49)
[2026-07-24 04:48:24] 测速进度: 280/1375 (有效: 49)
[2026-07-24 04:48:25] 测速进度: 290/1375 (有效: 49)
[2026-07-24 04:48:30] 测速进度: 300/1375 (有效: 50)
[2026-07-24 04:48:32] 测速进度: 310/1375 (有效: 50)
[2026-07-24 04:48:32] 测速进度: 320/1375 (有效: 50)
[2026-07-24 04:48:34] 测速进度: 330/1375 (有效: 50)
[2026-07-24 04:48:34] 测速进度: 340/1375 (有效: 50)
[2026-07-24 04:48:36] 测速进度: 350/1375 (有效: 50)
[2026-07-24 04:48:40] 测速进度: 360/1375 (有效: 51)
[2026-07-24 04:48:42] 测速进度: 370/1375 (有效: 51)
[2026-07-24 04:48:42] 测速进度: 380/1375 (有效: 51)
[2026-07-24 04:48:43] 测速进度: 390/1375 (有效: 51)
[2026-07-24 04:48:44] 测速进度: 400/1375 (有效: 51)
[2026-07-24 04:48:46] 测速进度: 410/1375 (有效: 54)
[2026-07-24 04:48:57] 测速进度: 430/1375 (有效: 57)
[2026-07-24 04:48:57] 测速进度: 440/1375 (有效: 57)
[2026-07-24 04:48:59] 测速进度: 450/1375 (有效: 58)
[2026-07-24 04:49:00] 测速进度: 460/1375 (有效: 62)
[2026-07-24 04:49:02] 测速进度: 470/1375 (有效: 62)
[2026-07-24 04:49:09] 测速进度: 480/1375 (有效: 70)
[2026-07-24 04:49:10] 测速进度: 490/1375 (有效: 70)
[2026-07-24 04:49:11] 测速进度: 500/1375 (有效: 70)
[2026-07-24 04:49:13] 测速进度: 510/1375 (有效: 70)
[2026-07-24 04:49:14] 测速进度: 520/1375 (有效: 70)
[2026-07-24 04:49:15] 测速进度: 530/1375 (有效: 71)
[2026-07-24 04:49:23] 测速进度: 540/1375 (有效: 77)
[2026-07-24 04:49:24] 测速进度: 550/1375 (有效: 77)
[2026-07-24 04:49:25] 测速进度: 560/1375 (有效: 77)
[2026-07-24 04:49:26] 测速进度: 570/1375 (有效: 77)
[2026-07-24 04:49:27] 测速进度: 580/1375 (有效: 78)
[2026-07-24 04:49:31] 测速进度: 590/1375 (有效: 79)
[2026-07-24 04:49:39] 测速进度: 610/1375 (有效: 85)
[2026-07-24 04:49:40] 测速进度: 620/1375 (有效: 86)
[2026-07-24 04:49:43] 测速进度: 630/1375 (有效: 86)
[2026-07-24 04:49:45] 测速进度: 640/1375 (有效: 86)
[2026-07-24 04:49:47] 测速进度: 650/1375 (有效: 88)
[2026-07-24 04:49:50] 测速进度: 660/1375 (有效: 91)
[2026-07-24 04:49:55] 测速进度: 670/1375 (有效: 91)
[2026-07-24 04:49:55] 测速进度: 680/1375 (有效: 91)
[2026-07-24 04:49:56] 测速进度: 690/1375 (有效: 91)
[2026-07-24 04:49:57] 测速进度: 700/1375 (有效: 91)
[2026-07-24 04:50:00] 测速进度: 710/1375 (有效: 92)
[2026-07-24 04:50:05] 测速进度: 730/1375 (有效: 94)
[2026-07-24 04:50:10] 测速进度: 740/1375 (有效: 94)
[2026-07-24 04:50:10] 测速进度: 750/1375 (有效: 94)
[2026-07-24 04:50:11] 测速进度: 760/1375 (有效: 94)
[2026-07-24 04:50:15] 测速进度: 770/1375 (有效: 96)
[2026-07-24 04:50:21] 测速进度: 790/1375 (有效: 96)
[2026-07-24 04:50:21] 测速进度: 800/1375 (有效: 97)
[2026-07-24 04:50:24] 测速进度: 810/1375 (有效: 99)
[2026-07-24 04:50:26] 测速进度: 820/1375 (有效: 101)
[2026-07-24 04:50:30] 测速进度: 830/1375 (有效: 106)
[2026-07-24 04:50:32] 测速进度: 840/1375 (有效: 110)
[2026-07-24 04:50:38] 测速进度: 850/1375 (有效: 112)
[2026-07-24 04:50:41] 测速进度: 860/1375 (有效: 121)
[2026-07-24 04:50:43] 测速进度: 870/1375 (有效: 130)
[2026-07-24 04:50:53] 测速进度: 910/1375 (有效: 138)
[2026-07-24 04:50:54] 测速进度: 920/1375 (有效: 146)
[2026-07-24 04:50:58] 测速进度: 930/1375 (有效: 149)
[2026-07-24 04:51:01] 测速进度: 940/1375 (有效: 159)
[2026-07-24 04:51:08] 测速进度: 970/1375 (有效: 167)
[2026-07-24 04:51:10] 测速进度: 980/1375 (有效: 175)
[2026-07-24 04:51:14] 测速进度: 990/1375 (有效: 180)
[2026-07-24 04:51:15] 测速进度: 1000/1375 (有效: 186)
[2026-07-24 04:51:23] 测速进度: 1030/1375 (有效: 191)
[2026-07-24 04:51:26] 测速进度: 1040/1375 (有效: 198)
[2026-07-24 04:51:28] 测速进度: 1050/1375 (有效: 202)
[2026-07-24 04:51:30] 测速进度: 1060/1375 (有效: 205)
[2026-07-24 04:51:31] 测速进度: 1070/1375 (有效: 207)
[2026-07-24 04:51:35] 测速进度: 1090/1375 (有效: 211)
[2026-07-24 04:51:35] 测速进度: 1100/1375 (有效: 211)
[2026-07-24 04:51:37] 测速进度: 1110/1375 (有效: 211)
[2026-07-24 04:51:37] 测速进度: 1120/1375 (有效: 211)
[2026-07-24 04:51:37] 测速进度: 1130/1375 (有效: 211)
[2026-07-24 04:51:39] 测速进度: 1140/1375 (有效: 211)
[2026-07-24 04:51:41] 测速进度: 1150/1375 (有效: 211)
[2026-07-24 04:51:41] 测速进度: 1160/1375 (有效: 211)
[2026-07-24 04:51:41] 测速进度: 1170/1375 (有效: 211)
[2026-07-24 04:51:43] 测速进度: 1180/1375 (有效: 211)
[2026-07-24 04:51:43] 测速进度: 1190/1375 (有效: 211)
[2026-07-24 04:51:45] 测速进度: 1200/1375 (有效: 211)
[2026-07-24 04:51:47] 测速进度: 1210/1375 (有效: 211)
[2026-07-24 04:51:47] 测速进度: 1220/1375 (有效: 211)
[2026-07-24 04:51:49] 测速进度: 1230/1375 (有效: 211)
[2026-07-24 04:51:49] 测速进度: 1240/1375 (有效: 211)
[2026-07-24 04:51:51] 测速进度: 1250/1375 (有效: 211)
[2026-07-24 04:51:51] 测速进度: 1260/1375 (有效: 211)
[2026-07-24 04:51:53] 测速进度: 1270/1375 (有效: 211)
[2026-07-24 04:51:53] 测速进度: 1280/1375 (有效: 211)
[2026-07-24 04:51:54] 测速进度: 1290/1375 (有效: 211)
[2026-07-24 04:51:55] 测速进度: 1300/1375 (有效: 211)
[2026-07-24 04:51:57] 测速进度: 1310/1375 (有效: 211)
[2026-07-24 04:52:03] 测速进度: 1320/1375 (有效: 212)
[2026-07-24 04:52:05] 测速进度: 1330/1375 (有效: 212)
[2026-07-24 04:52:07] 测速进度: 1340/1375 (有效: 212)
[2026-07-24 04:52:08] 测速进度: 1350/1375 (有效: 212)
[2026-07-24 04:52:08] 测速进度: 1360/1375 (有效: 212)
[2026-07-24 04:52:10] 测速进度: 1370/1375 (有效: 212)
[2026-07-24 04:52:14] 测速进度: 1375/1375 (有效: 213)
[2026-07-24 04:52:14] 测速完成: 213/1375 个有效源
[2026-07-24 04:52:14] 选中 Top 5 源:
[2026-07-24 04:52:14]   源1: 113.57.140.161:10081 (hsmdtv) 3.19MB/s
[2026-07-24 04:52:14]   源2: 120.202.73.48:8888 (txiptv) 1.92MB/s
[2026-07-24 04:52:14]   源3: 112.27.5.218:9901 (txiptv) 1.88MB/s
[2026-07-24 04:52:14]   源4: 223.78.65.165:9901 (txiptv) 1.77MB/s
[2026-07-24 04:52:14]   源5: 120.209.208.163:9003 (jsmpeg) 1.03MB/s
[2026-07-24 04:52:14] 抓取频道: 源1 113.57.140.161:10081 (hsmdtv)...
[2026-07-24 04:52:14] ⚠️ /Hotel/Remote Access/hsmd_address_list.txt 不存在，跳过 hsmdtv 源
[2026-07-24 04:52:14] 抓取频道: 源2 120.202.73.48:8888 (txiptv)...
[2026-07-24 04:52:17] 抓取频道: 源3 112.27.5.218:9901 (txiptv)...
[2026-07-24 04:52:21] 抓取频道: 源4 223.78.65.165:9901 (txiptv)...
[2026-07-24 04:52:29] 抓取频道: 源5 120.209.208.163:9003 (jsmpeg)...
[2026-07-24 04:52:32] 远程源共抓取到 174 条频道记录
[2026-07-24 04:52:32] 📊 数据来源: 远程源
[2026-07-24 04:52:32]    M3U8: 44409 字节, TXT: 15290 字节
[2026-07-24 04:52:32] ✅ M3U8 已保存到 output.m3u8 (44409 字节)
[2026-07-24 04:52:32] ✅ TXT 已保存到 output.txt (15290 字节)
[2026-07-24 04:52:32] 🎉 更新完成!
[2026-07-24 04:57:14] ==================================================
[2026-07-24 04:57:14] IPTV 播放列表自动更新（远程源抓取 + 本地保存）
[2026-07-24 04:57:14] ==================================================
[2026-07-24 04:57:14] 抓取远程源 (第1次)...
[2026-07-24 04:57:14] ✅ 远程源获取成功，共 1375 个源
[2026-07-24 04:57:14] 开始测速 1375 个源...
[2026-07-24 04:57:15] 测速进度: 10/1375 (有效: 0)
[2026-07-24 04:57:16] 测速进度: 20/1375 (有效: 0)
[2026-07-24 04:57:19] 测速进度: 30/1375 (有效: 1)
[2026-07-24 04:57:21] 测速进度: 40/1375 (有效: 1)
[2026-07-24 04:57:24] 测速进度: 50/1375 (有效: 3)
[2026-07-24 04:57:28] 测速进度: 60/1375 (有效: 12)
[2026-07-24 04:57:30] 测速进度: 70/1375 (有效: 12)
[2026-07-24 04:57:31] 测速进度: 80/1375 (有效: 12)
[2026-07-24 04:57:33] 测速进度: 90/1375 (有效: 12)
[2026-07-24 04:57:35] 测速进度: 100/1375 (有效: 15)
[2026-07-24 04:57:39] 测速进度: 110/1375 (有效: 20)
[2026-07-24 04:57:44] 测速进度: 130/1375 (有效: 26)
[2026-07-24 04:57:48] 测速进度: 140/1375 (有效: 26)
[2026-07-24 04:57:50] 测速进度: 150/1375 (有效: 28)
[2026-07-24 04:57:53] 测速进度: 160/1375 (有效: 30)
[2026-07-24 04:57:55] 测速进度: 170/1375 (有效: 37)
[2026-07-24 04:58:00] 测速进度: 190/1375 (有效: 41)
[2026-07-24 04:58:01] 测速进度: 200/1375 (有效: 41)
[2026-07-24 04:58:01] 测速进度: 210/1375 (有效: 41)
[2026-07-24 04:58:03] 测速进度: 220/1375 (有效: 41)
[2026-07-24 04:58:05] 测速进度: 230/1375 (有效: 43)
[2026-07-24 04:58:12] 测速进度: 240/1375 (有效: 48)
[2026-07-24 04:58:14] 测速进度: 250/1375 (有效: 48)
[2026-07-24 04:58:14] 测速进度: 260/1375 (有效: 48)
[2026-07-24 04:58:15] 测速进度: 270/1375 (有效: 48)
[2026-07-24 04:58:16] 测速进度: 280/1375 (有效: 49)
[2026-07-24 04:58:17] 测速进度: 290/1375 (有效: 49)
[2026-07-24 04:58:23] 测速进度: 300/1375 (有效: 50)
[2026-07-24 04:58:25] 测速进度: 310/1375 (有效: 50)
[2026-07-24 04:58:25] 测速进度: 320/1375 (有效: 50)
[2026-07-24 04:58:27] 测速进度: 330/1375 (有效: 50)
[2026-07-24 04:58:27] 测速进度: 340/1375 (有效: 50)
[2026-07-24 04:58:29] 测速进度: 350/1375 (有效: 50)
[2026-07-24 04:58:29] 测速进度: 360/1375 (有效: 50)
[2026-07-24 04:58:31] 测速进度: 370/1375 (有效: 50)
[2026-07-24 04:58:31] 测速进度: 380/1375 (有效: 50)
[2026-07-24 04:58:33] 测速进度: 390/1375 (有效: 50)
[2026-07-24 04:58:33] 测速进度: 400/1375 (有效: 50)
[2026-07-24 04:58:35] 测速进度: 410/1375 (有效: 50)
[2026-07-24 04:58:46] 测速进度: 430/1375 (有效: 56)
[2026-07-24 04:58:47] 测速进度: 440/1375 (有效: 56)
[2026-07-24 04:58:48] 测速进度: 450/1375 (有效: 57)
[2026-07-24 04:58:50] 测速进度: 460/1375 (有效: 60)
[2026-07-24 04:58:52] 测速进度: 470/1375 (有效: 61)
[2026-07-24 04:59:01] 测速进度: 490/1375 (有效: 68)
[2026-07-24 04:59:02] 测速进度: 500/1375 (有效: 68)
[2026-07-24 04:59:04] 测速进度: 510/1375 (有效: 69)
[2026-07-24 04:59:04] 测速进度: 520/1375 (有效: 69)
[2026-07-24 04:59:06] 测速进度: 530/1375 (有效: 69)
[2026-07-24 04:59:16] 测速进度: 550/1375 (有效: 74)
[2026-07-24 04:59:17] 测速进度: 560/1375 (有效: 74)
[2026-07-24 04:59:18] 测速进度: 570/1375 (有效: 74)
[2026-07-24 04:59:19] 测速进度: 580/1375 (有效: 74)
[2026-07-24 04:59:23] 测速进度: 590/1375 (有效: 75)
[2026-07-24 04:59:29] 测速进度: 600/1375 (有效: 82)
[2026-07-24 04:59:30] 测速进度: 610/1375 (有效: 82)
[2026-07-24 04:59:31] 测速进度: 620/1375 (有效: 82)
[2026-07-24 04:59:34] 测速进度: 630/1375 (有效: 83)
[2026-07-24 04:59:35] 测速进度: 640/1375 (有效: 83)
[2026-07-24 04:59:37] 测速进度: 650/1375 (有效: 84)
[2026-07-24 04:59:40] 测速进度: 660/1375 (有效: 87)
[2026-07-24 04:59:45] 测速进度: 670/1375 (有效: 87)
[2026-07-24 04:59:46] 测速进度: 680/1375 (有效: 87)
[2026-07-24 04:59:46] 测速进度: 690/1375 (有效: 87)
[2026-07-24 04:59:48] 测速进度: 700/1375 (有效: 87)
[2026-07-24 04:59:50] 测速进度: 710/1375 (有效: 88)
[2026-07-24 04:59:56] 测速进度: 730/1375 (有效: 89)
[2026-07-24 05:00:01] 测速进度: 740/1375 (有效: 89)
[2026-07-24 05:00:01] 测速进度: 750/1375 (有效: 89)
[2026-07-24 05:00:02] 测速进度: 760/1375 (有效: 89)
[2026-07-24 05:00:06] 测速进度: 770/1375 (有效: 90)
[2026-07-24 05:00:11] 测速进度: 790/1375 (有效: 91)
[2026-07-24 05:00:12] 测速进度: 800/1375 (有效: 91)
[2026-07-24 05:00:15] 测速进度: 810/1375 (有效: 95)
[2026-07-24 05:00:16] 测速进度: 820/1375 (有效: 98)
[2026-07-24 05:00:21] 测速进度: 830/1375 (有效: 102)
[2026-07-24 05:00:25] 测速进度: 840/1375 (有效: 112)
[2026-07-24 05:00:31] 测速进度: 850/1375 (有效: 115)
[2026-07-24 05:00:34] 测速进度: 860/1375 (有效: 121)
[2026-07-24 05:00:37] 测速进度: 870/1375 (有效: 130)
[2026-07-24 05:00:46] 测速进度: 910/1375 (有效: 137)
[2026-07-24 05:00:50] 测速进度: 920/1375 (有效: 145)
[2026-07-24 05:00:52] 测速进度: 930/1375 (有效: 151)
[2026-07-24 05:01:01] 测速进度: 970/1375 (有效: 159)
[2026-07-24 05:01:05] 测速进度: 980/1375 (有效: 168)
[2026-07-24 05:01:07] 测速进度: 990/1375 (有效: 175)
[2026-07-24 05:01:10] 测速进度: 1000/1375 (有效: 181)
[2026-07-24 05:01:16] 测速进度: 1030/1375 (有效: 184)
[2026-07-24 05:01:17] 测速进度: 1040/1375 (有效: 191)
[2026-07-24 05:01:21] 测速进度: 1050/1375 (有效: 194)
[2026-07-24 05:01:23] 测速进度: 1060/1375 (有效: 199)
[2026-07-24 05:01:24] 测速进度: 1070/1375 (有效: 201)
[2026-07-24 05:01:28] 测速进度: 1090/1375 (有效: 202)
[2026-07-24 05:01:28] 测速进度: 1100/1375 (有效: 202)
[2026-07-24 05:01:30] 测速进度: 1110/1375 (有效: 202)
[2026-07-24 05:01:30] 测速进度: 1120/1375 (有效: 202)
[2026-07-24 05:01:30] 测速进度: 1130/1375 (有效: 202)
[2026-07-24 05:01:32] 测速进度: 1140/1375 (有效: 202)
[2026-07-24 05:01:34] 测速进度: 1150/1375 (有效: 202)
[2026-07-24 05:01:34] 测速进度: 1160/1375 (有效: 202)
[2026-07-24 05:01:35] 测速进度: 1170/1375 (有效: 202)
[2026-07-24 05:01:36] 测速进度: 1180/1375 (有效: 202)
[2026-07-24 05:01:36] 测速进度: 1190/1375 (有效: 202)
[2026-07-24 05:01:38] 测速进度: 1200/1375 (有效: 202)
[2026-07-24 05:01:40] 测速进度: 1210/1375 (有效: 202)
[2026-07-24 05:01:40] 测速进度: 1220/1375 (有效: 202)
[2026-07-24 05:01:42] 测速进度: 1230/1375 (有效: 202)
[2026-07-24 05:01:42] 测速进度: 1240/1375 (有效: 202)
[2026-07-24 05:01:44] 测速进度: 1250/1375 (有效: 202)
[2026-07-24 05:01:44] 测速进度: 1260/1375 (有效: 202)
[2026-07-24 05:01:46] 测速进度: 1270/1375 (有效: 202)
[2026-07-24 05:01:46] 测速进度: 1280/1375 (有效: 202)
[2026-07-24 05:01:46] 测速进度: 1290/1375 (有效: 202)
[2026-07-24 05:01:48] 测速进度: 1300/1375 (有效: 202)
[2026-07-24 05:01:49] 测速进度: 1310/1375 (有效: 202)
[2026-07-24 05:01:56] 测速进度: 1320/1375 (有效: 203)
[2026-07-24 05:01:58] 测速进度: 1330/1375 (有效: 203)
[2026-07-24 05:02:00] 测速进度: 1340/1375 (有效: 203)
[2026-07-24 05:02:01] 测速进度: 1350/1375 (有效: 203)
[2026-07-24 05:02:01] 测速进度: 1360/1375 (有效: 203)
[2026-07-24 05:02:04] 测速进度: 1370/1375 (有效: 203)
[2026-07-24 05:02:08] 测速进度: 1375/1375 (有效: 205)
[2026-07-24 05:02:08] 测速完成: 205/1375 个有效源
[2026-07-24 05:02:08] 选中 Top 5 源:
[2026-07-24 05:02:08]   源1: 113.57.140.161:10081 (hsmdtv) 2.82MB/s
[2026-07-24 05:02:08]   源2: 221.226.51.220:50081 (hsmdtv) 1.99MB/s
[2026-07-24 05:02:08]   源3: 42.237.164.92:9901 (txiptv) 1.53MB/s
[2026-07-24 05:02:08]   源4: 223.78.65.165:9901 (txiptv) 1.40MB/s
[2026-07-24 05:02:08]   源5: 116.113.73.237:9901 (txiptv) 1.40MB/s
[2026-07-24 05:02:08] 抓取频道: 源1 113.57.140.161:10081 (hsmdtv)...
[2026-07-24 05:02:08] ⚠️ /Hotel/Remote Access/hsmd_address_list.txt 不存在，跳过 hsmdtv 源
[2026-07-24 05:02:08] 抓取频道: 源2 221.226.51.220:50081 (hsmdtv)...
[2026-07-24 05:02:08] ⚠️ /Hotel/Remote Access/hsmd_address_list.txt 不存在，跳过 hsmdtv 源
[2026-07-24 05:02:08] 抓取频道: 源3 42.237.164.92:9901 (txiptv)...
[2026-07-24 05:02:12] 抓取频道: 源4 223.78.65.165:9901 (txiptv)...
[2026-07-24 05:02:16] 抓取频道: 源5 116.113.73.237:9901 (txiptv)...
[2026-07-24 05:02:21] 远程源共抓取到 141 条频道记录
[2026-07-24 05:02:21] 📊 数据来源: 远程源
[2026-07-24 05:02:21]    M3U8: 36160 字节, TXT: 12439 字节
[2026-07-24 05:02:21] ✅ M3U8 已保存到 output.m3u8 (36160 字节)
[2026-07-24 05:02:21] ✅ TXT 已保存到 output.txt (12439 字节)
[2026-07-24 05:02:21] 🎉 更新完成!
[2026-07-24 17:32:46] ==================================================
[2026-07-24 17:32:46] IPTV 播放列表自动更新（远程源抓取 + 本地保存）
[2026-07-24 17:32:46] ==================================================
[2026-07-24 17:32:46] 抓取远程源 (第1次)...
[2026-07-24 17:32:46] ✅ 远程源获取成功，共 1385 个源
[2026-07-24 17:32:46] 开始测速 1385 个源...
[2026-07-24 17:32:48] 测速进度: 10/1385 (有效: 0)
[2026-07-24 17:32:51] 测速进度: 20/1385 (有效: 1)
[2026-07-24 17:32:53] 测速进度: 30/1385 (有效: 2)
[2026-07-24 17:32:55] 测速进度: 40/1385 (有效: 2)
[2026-07-24 17:32:56] 测速进度: 50/1385 (有效: 9)
[2026-07-24 17:33:03] 测速进度: 70/1385 (有效: 12)
[2026-07-24 17:33:05] 测速进度: 80/1385 (有效: 12)
[2026-07-24 17:33:06] 测速进度: 90/1385 (有效: 12)
[2026-07-24 17:33:07] 测速进度: 100/1385 (有效: 14)
[2026-07-24 17:33:11] 测速进度: 110/1385 (有效: 18)
[2026-07-24 17:33:18] 测速进度: 130/1385 (有效: 27)
[2026-07-24 17:33:19] 测速进度: 140/1385 (有效: 27)
[2026-07-24 17:33:20] 测速进度: 150/1385 (有效: 28)
[2026-07-24 17:33:22] 测速进度: 160/1385 (有效: 29)
[2026-07-24 17:33:26] 测速进度: 170/1385 (有效: 32)
[2026-07-24 17:33:33] 测速进度: 190/1385 (有效: 41)
[2026-07-24 17:33:35] 测速进度: 200/1385 (有效: 41)
[2026-07-24 17:33:37] 测速进度: 210/1385 (有效: 44)
[2026-07-24 17:33:38] 测速进度: 220/1385 (有效: 46)
[2026-07-24 17:33:41] 测速进度: 230/1385 (有效: 47)
[2026-07-24 17:33:48] 测速进度: 250/1385 (有效: 53)
[2026-07-24 17:33:49] 测速进度: 260/1385 (有效: 53)
[2026-07-24 17:33:50] 测速进度: 270/1385 (有效: 53)
[2026-07-24 17:33:51] 测速进度: 280/1385 (有效: 53)
[2026-07-24 17:33:53] 测速进度: 290/1385 (有效: 53)
[2026-07-24 17:34:03] 测速进度: 310/1385 (有效: 57)
[2026-07-24 17:34:04] 测速进度: 320/1385 (有效: 57)
[2026-07-24 17:34:06] 测速进度: 330/1385 (有效: 57)
[2026-07-24 17:34:08] 测速进度: 340/1385 (有效: 59)
[2026-07-24 17:34:08] 测速进度: 350/1385 (有效: 59)
[2026-07-24 17:34:18] 测速进度: 370/1385 (有效: 64)
[2026-07-24 17:34:22] 测速进度: 380/1385 (有效: 64)
[2026-07-24 17:34:23] 测速进度: 390/1385 (有效: 64)
[2026-07-24 17:34:27] 测速进度: 400/1385 (有效: 64)
[2026-07-24 17:34:28] 测速进度: 410/1385 (有效: 65)
[2026-07-24 17:34:33] 测速进度: 430/1385 (有效: 67)
[2026-07-24 17:34:34] 测速进度: 440/1385 (有效: 67)
[2026-07-24 17:34:37] 测速进度: 450/1385 (有效: 68)
[2026-07-24 17:34:38] 测速进度: 460/1385 (有效: 68)
[2026-07-24 17:34:41] 测速进度: 470/1385 (有效: 69)
[2026-07-24 17:34:43] 测速进度: 480/1385 (有效: 70)
[2026-07-24 17:34:45] 测速进度: 490/1385 (有效: 70)
[2026-07-24 17:34:47] 测速进度: 500/1385 (有效: 71)
[2026-07-24 17:34:48] 测速进度: 510/1385 (有效: 71)
[2026-07-24 17:34:49] 测速进度: 520/1385 (有效: 71)
[2026-07-24 17:34:51] 测速进度: 530/1385 (有效: 72)
[2026-07-24 17:34:54] 测速进度: 540/1385 (有效: 77)
[2026-07-24 17:34:59] 测速进度: 550/1385 (有效: 79)
[2026-07-24 17:35:01] 测速进度: 560/1385 (有效: 84)
[2026-07-24 17:35:05] 测速进度: 570/1385 (有效: 89)
[2026-07-24 17:35:08] 测速进度: 580/1385 (有效: 95)
[2026-07-24 17:35:15] 测速进度: 610/1385 (有效: 100)
[2026-07-24 17:35:18] 测速进度: 620/1385 (有效: 108)
[2026-07-24 17:35:21] 测速进度: 630/1385 (有效: 114)
[2026-07-24 17:35:23] 测速进度: 640/1385 (有效: 121)
[2026-07-24 17:35:30] 测速进度: 670/1385 (有效: 127)
[2026-07-24 17:35:33] 测速进度: 680/1385 (有效: 135)
[2026-07-24 17:35:36] 测速进度: 690/1385 (有效: 140)
[2026-07-24 17:35:38] 测速进度: 700/1385 (有效: 146)
[2026-07-24 17:35:45] 测速进度: 730/1385 (有效: 152)
[2026-07-24 17:35:48] 测速进度: 740/1385 (有效: 159)
[2026-07-24 17:35:50] 测速进度: 750/1385 (有效: 164)
[2026-07-24 17:35:53] 测速进度: 760/1385 (有效: 173)
[2026-07-24 17:35:56] 测速进度: 790/1385 (有效: 174)
[2026-07-24 17:35:56] 测速进度: 800/1385 (有效: 174)
[2026-07-24 17:35:58] 测速进度: 810/1385 (有效: 174)
[2026-07-24 17:36:00] 测速进度: 820/1385 (有效: 175)
[2026-07-24 17:36:00] 测速进度: 830/1385 (有效: 175)
[2026-07-24 17:36:02] 测速进度: 840/1385 (有效: 176)
[2026-07-24 17:36:04] 测速进度: 850/1385 (有效: 176)
[2026-07-24 17:36:04] 测速进度: 860/1385 (有效: 176)
[2026-07-24 17:36:06] 测速进度: 870/1385 (有效: 176)
[2026-07-24 17:36:06] 测速进度: 880/1385 (有效: 176)
[2026-07-24 17:36:08] 测速进度: 890/1385 (有效: 176)
[2026-07-24 17:36:08] 测速进度: 900/1385 (有效: 176)
[2026-07-24 17:36:10] 测速进度: 910/1385 (有效: 176)
[2026-07-24 17:36:10] 测速进度: 920/1385 (有效: 176)
[2026-07-24 17:36:10] 测速进度: 930/1385 (有效: 176)
[2026-07-24 17:36:12] 测速进度: 940/1385 (有效: 176)
[2026-07-24 17:36:12] 测速进度: 950/1385 (有效: 176)
[2026-07-24 17:36:14] 测速进度: 960/1385 (有效: 176)
[2026-07-24 17:36:16] 测速进度: 970/1385 (有效: 176)
[2026-07-24 17:36:16] 测速进度: 980/1385 (有效: 176)
[2026-07-24 17:36:18] 测速进度: 990/1385 (有效: 176)
[2026-07-24 17:36:18] 测速进度: 1000/1385 (有效: 176)
[2026-07-24 17:36:20] 测速进度: 1010/1385 (有效: 176)
[2026-07-24 17:36:20] 测速进度: 1020/1385 (有效: 176)
[2026-07-24 17:36:22] 测速进度: 1030/1385 (有效: 176)
[2026-07-24 17:36:22] 测速进度: 1040/1385 (有效: 176)
[2026-07-24 17:36:22] 测速进度: 1050/1385 (有效: 176)
[2026-07-24 17:36:24] 测速进度: 1060/1385 (有效: 176)
[2026-07-24 17:36:24] 测速进度: 1070/1385 (有效: 176)
[2026-07-24 17:36:32] 测速进度: 1080/1385 (有效: 177)
[2026-07-24 17:36:34] 测速进度: 1090/1385 (有效: 177)
[2026-07-24 17:36:36] 测速进度: 1100/1385 (有效: 177)
[2026-07-24 17:36:38] 测速进度: 1110/1385 (有效: 179)
[2026-07-24 17:36:41] 测速进度: 1120/1385 (有效: 181)
[2026-07-24 17:36:42] 测速进度: 1130/1385 (有效: 188)
[2026-07-24 17:36:49] 测速进度: 1150/1385 (有效: 193)
[2026-07-24 17:36:49] 测速进度: 1160/1385 (有效: 193)
[2026-07-24 17:36:50] 测速进度: 1170/1385 (有效: 193)
[2026-07-24 17:36:52] 测速进度: 1180/1385 (有效: 193)
[2026-07-24 17:36:53] 测速进度: 1190/1385 (有效: 195)
[2026-07-24 17:37:01] 测速进度: 1200/1385 (有效: 196)
[2026-07-24 17:37:03] 测速进度: 1210/1385 (有效: 196)
[2026-07-24 17:37:03] 测速进度: 1220/1385 (有效: 196)
[2026-07-24 17:37:04] 测速进度: 1230/1385 (有效: 196)
[2026-07-24 17:37:05] 测速进度: 1240/1385 (有效: 196)
[2026-07-24 17:37:05] 测速进度: 1250/1385 (有效: 196)
[2026-07-24 17:37:07] 测速进度: 1260/1385 (有效: 196)
[2026-07-24 17:37:09] 测速进度: 1270/1385 (有效: 196)
[2026-07-24 17:37:09] 测速进度: 1280/1385 (有效: 196)
[2026-07-24 17:37:11] 测速进度: 1290/1385 (有效: 196)
[2026-07-24 17:37:11] 测速进度: 1300/1385 (有效: 196)
[2026-07-24 17:37:12] 测速进度: 1310/1385 (有效: 196)
[2026-07-24 17:37:21] 测速进度: 1320/1385 (有效: 197)
[2026-07-24 17:37:23] 测速进度: 1330/1385 (有效: 197)
[2026-07-24 17:37:23] 测速进度: 1340/1385 (有效: 197)
[2026-07-24 17:37:25] 测速进度: 1350/1385 (有效: 197)
[2026-07-24 17:37:26] 测速进度: 1360/1385 (有效: 197)
[2026-07-24 17:37:28] 测速进度: 1370/1385 (有效: 197)
[2026-07-24 17:37:34] 测速进度: 1380/1385 (有效: 199)
[2026-07-24 17:37:39] 测速进度: 1385/1385 (有效: 199)
[2026-07-24 17:37:39] 测速完成: 199/1385 个有效源
[2026-07-24 17:37:39] 选中 Top 5 源:
[2026-07-24 17:37:39]   源1: 113.57.140.161:10081 (hsmdtv) 2.93MB/s
[2026-07-24 17:37:39]   源2: 120.40.39.246:352 (hsmdtv) 2.22MB/s
[2026-07-24 17:37:39]   源3: 112.123.243.37:50085 (txiptv) 1.85MB/s
[2026-07-24 17:37:39]   源4: 221.7.175.154:8445 (txiptv) 1.53MB/s
[2026-07-24 17:37:39]   源5: 120.211.62.180:8000 (zhgxtv) 1.37MB/s
[2026-07-24 17:37:39] 抓取频道: 源1 113.57.140.161:10081 (hsmdtv)...
[2026-07-24 17:37:39] ⚠️ /Hotel/Remote Access/hsmd_address_list.txt 不存在，跳过 hsmdtv 源
[2026-07-24 17:37:39] 抓取频道: 源2 120.40.39.246:352 (hsmdtv)...
[2026-07-24 17:37:39] ⚠️ /Hotel/Remote Access/hsmd_address_list.txt 不存在，跳过 hsmdtv 源
[2026-07-24 17:37:39] 抓取频道: 源3 112.123.243.37:50085 (txiptv)...
[2026-07-24 17:37:46] 抓取频道: 源4 221.7.175.154:8445 (txiptv)...
[2026-07-24 17:37:51] 抓取频道: 源5 120.211.62.180:8000 (zhgxtv)...
[2026-07-24 17:37:55] 远程源共抓取到 141 条频道记录
[2026-07-24 17:37:55] 📊 数据来源: 远程源
[2026-07-24 17:37:55]    M3U8: 34573 字节, TXT: 10970 字节
[2026-07-24 17:37:55] ✅ M3U8 已保存到 output.m3u8 (34573 字节)
[2026-07-24 17:37:55] ✅ TXT 已保存到 output.txt (10970 字节)
[2026-07-24 17:37:55] 🎉 更新完成!
[2026-07-24 17:51:16] ==================================================
[2026-07-24 17:51:16] IPTV 播放列表自动更新（远程源抓取 + 本地保存）
[2026-07-24 17:51:16] ==================================================
[2026-07-24 17:51:16] ⚠️ /Hotel/Remote Access/hsmd_address_list.txt 不存在，hsmdtv 源将无法抓取频道列表
[2026-07-24 17:51:16] 抓取远程源 (第1次)...
[2026-07-24 17:51:16] ✅ 远程源获取成功，共 1385 个源
[2026-07-24 17:51:16] 开始测速 1385 个源...
[2026-07-24 17:51:17] 测速进度: 10/1385 (有效: 0)
[2026-07-24 17:51:21] 测速进度: 20/1385 (有效: 0)
[2026-07-24 17:51:22] 测速进度: 30/1385 (有效: 2)
[2026-07-24 17:51:23] 测速进度: 40/1385 (有效: 6)
[2026-07-24 17:51:25] 测速进度: 50/1385 (有效: 8)
[2026-07-24 17:51:33] 测速进度: 70/1385 (有效: 13)
[2026-07-24 17:51:34] 测速进度: 80/1385 (有效: 13)
[2026-07-24 17:51:36] 测速进度: 90/1385 (有效: 14)
[2026-07-24 17:51:37] 测速进度: 100/1385 (有效: 15)
[2026-07-24 17:51:40] 测速进度: 110/1385 (有效: 19)
[2026-07-24 17:51:45] 测速进度: 120/1385 (有效: 29)
[2026-07-24 17:51:47] 测速进度: 130/1385 (有效: 29)
[2026-07-24 17:51:47] 测速进度: 140/1385 (有效: 29)
[2026-07-24 17:51:48] 测速进度: 150/1385 (有效: 30)
[2026-07-24 17:51:50] 测速进度: 160/1385 (有效: 32)
[2026-07-24 17:51:53] 测速进度: 170/1385 (有效: 34)
[2026-07-24 17:52:01] 测速进度: 190/1385 (有效: 43)
[2026-07-24 17:52:03] 测速进度: 200/1385 (有效: 43)
[2026-07-24 17:52:04] 测速进度: 210/1385 (有效: 46)
[2026-07-24 17:52:06] 测速进度: 220/1385 (有效: 46)
[2026-07-24 17:52:08] 测速进度: 230/1385 (有效: 49)
[2026-07-24 17:52:16] 测速进度: 250/1385 (有效: 57)
[2026-07-24 17:52:17] 测速进度: 260/1385 (有效: 57)
[2026-07-24 17:52:18] 测速进度: 270/1385 (有效: 57)
[2026-07-24 17:52:19] 测速进度: 280/1385 (有效: 57)
[2026-07-24 17:52:20] 测速进度: 290/1385 (有效: 57)
[2026-07-24 17:52:30] 测速进度: 300/1385 (有效: 63)
[2026-07-24 17:52:30] 测速进度: 310/1385 (有效: 63)
[2026-07-24 17:52:31] 测速进度: 320/1385 (有效: 63)
[2026-07-24 17:52:33] 测速进度: 330/1385 (有效: 63)
[2026-07-24 17:52:34] 测速进度: 340/1385 (有效: 64)
[2026-07-24 17:52:36] 测速进度: 350/1385 (有效: 65)
[2026-07-24 17:52:42] 测速进度: 360/1385 (有效: 72)
[2026-07-24 17:52:42] 测速进度: 370/1385 (有效: 72)
[2026-07-24 17:52:47] 测速进度: 380/1385 (有效: 72)
[2026-07-24 17:52:47] 测速进度: 390/1385 (有效: 72)
[2026-07-24 17:52:51] 测速进度: 400/1385 (有效: 73)
[2026-07-24 17:52:52] 测速进度: 410/1385 (有效: 73)
[2026-07-24 17:52:56] 测速进度: 420/1385 (有效: 74)
[2026-07-24 17:52:56] 测速进度: 430/1385 (有效: 74)
[2026-07-24 17:52:57] 测速进度: 440/1385 (有效: 74)
[2026-07-24 17:53:01] 测速进度: 450/1385 (有效: 75)
[2026-07-24 17:53:02] 测速进度: 460/1385 (有效: 75)
[2026-07-24 17:53:06] 测速进度: 470/1385 (有效: 76)
[2026-07-24 17:53:10] 测速进度: 480/1385 (有效: 79)
[2026-07-24 17:53:12] 测速进度: 490/1385 (有效: 79)
[2026-07-24 17:53:13] 测速进度: 500/1385 (有效: 80)
[2026-07-24 17:53:15] 测速进度: 510/1385 (有效: 80)
[2026-07-24 17:53:16] 测速进度: 520/1385 (有效: 81)
[2026-07-24 17:53:18] 测速进度: 530/1385 (有效: 83)
[2026-07-24 17:53:24] 测速进度: 540/1385 (有效: 87)
[2026-07-24 17:53:28] 测速进度: 550/1385 (有效: 89)
[2026-07-24 17:53:33] 测速进度: 560/1385 (有效: 97)
[2026-07-24 17:53:36] 测速进度: 570/1385 (有效: 104)
[2026-07-24 17:53:38] 测速进度: 580/1385 (有效: 112)
[2026-07-24 17:53:45] 测速进度: 610/1385 (有效: 118)
[2026-07-24 17:53:46] 测速进度: 620/1385 (有效: 124)
[2026-07-24 17:53:50] 测速进度: 630/1385 (有效: 128)
[2026-07-24 17:53:53] 测速进度: 640/1385 (有效: 135)
[2026-07-24 17:54:00] 测速进度: 670/1385 (有效: 142)
[2026-07-24 17:54:02] 测速进度: 680/1385 (有效: 150)
[2026-07-24 17:54:05] 测速进度: 690/1385 (有效: 152)
[2026-07-24 17:54:08] 测速进度: 700/1385 (有效: 159)
[2026-07-24 17:54:15] 测速进度: 730/1385 (有效: 166)
[2026-07-24 17:54:18] 测速进度: 740/1385 (有效: 175)
[2026-07-24 17:54:20] 测速进度: 750/1385 (有效: 180)
[2026-07-24 17:54:23] 测速进度: 760/1385 (有效: 188)
[2026-07-24 17:54:26] 测速进度: 790/1385 (有效: 190)
[2026-07-24 17:54:27] 测速进度: 800/1385 (有效: 190)
[2026-07-24 17:54:28] 测速进度: 810/1385 (有效: 190)
[2026-07-24 17:54:29] 测速进度: 820/1385 (有效: 191)
[2026-07-24 17:54:30] 测速进度: 830/1385 (有效: 193)
[2026-07-24 17:54:32] 测速进度: 840/1385 (有效: 193)
[2026-07-24 17:54:34] 测速进度: 850/1385 (有效: 193)
[2026-07-24 17:54:34] 测速进度: 860/1385 (有效: 193)
[2026-07-24 17:54:36] 测速进度: 870/1385 (有效: 193)
[2026-07-24 17:54:36] 测速进度: 880/1385 (有效: 193)
[2026-07-24 17:54:38] 测速进度: 890/1385 (有效: 193)
[2026-07-24 17:54:38] 测速进度: 900/1385 (有效: 193)
[2026-07-24 17:54:40] 测速进度: 910/1385 (有效: 193)
[2026-07-24 17:54:40] 测速进度: 920/1385 (有效: 193)
[2026-07-24 17:54:40] 测速进度: 930/1385 (有效: 193)
[2026-07-24 17:54:42] 测速进度: 940/1385 (有效: 193)
[2026-07-24 17:54:42] 测速进度: 950/1385 (有效: 193)
[2026-07-24 17:54:44] 测速进度: 960/1385 (有效: 193)
[2026-07-24 17:54:46] 测速进度: 970/1385 (有效: 193)
[2026-07-24 17:54:46] 测速进度: 980/1385 (有效: 193)
[2026-07-24 17:54:48] 测速进度: 990/1385 (有效: 193)
[2026-07-24 17:54:48] 测速进度: 1000/1385 (有效: 193)
[2026-07-24 17:54:50] 测速进度: 1010/1385 (有效: 193)
[2026-07-24 17:54:50] 测速进度: 1020/1385 (有效: 193)
[2026-07-24 17:54:52] 测速进度: 1030/1385 (有效: 193)
[2026-07-24 17:54:52] 测速进度: 1040/1385 (有效: 193)
[2026-07-24 17:54:52] 测速进度: 1050/1385 (有效: 193)
[2026-07-24 17:54:53] 测速进度: 1060/1385 (有效: 193)
[2026-07-24 17:54:54] 测速进度: 1070/1385 (有效: 193)
[2026-07-24 17:55:01] 测速进度: 1080/1385 (有效: 194)
[2026-07-24 17:55:03] 测速进度: 1090/1385 (有效: 194)
[2026-07-24 17:55:05] 测速进度: 1100/1385 (有效: 195)
[2026-07-24 17:55:07] 测速进度: 1110/1385 (有效: 197)
[2026-07-24 17:55:09] 测速进度: 1120/1385 (有效: 199)
[2026-07-24 17:55:11] 测速进度: 1130/1385 (有效: 205)
[2026-07-24 17:55:19] 测速进度: 1150/1385 (有效: 210)
[2026-07-24 17:55:19] 测速进度: 1160/1385 (有效: 210)
[2026-07-24 17:55:19] 测速进度: 1170/1385 (有效: 210)
[2026-07-24 17:55:21] 测速进度: 1180/1385 (有效: 210)
[2026-07-24 17:55:22] 测速进度: 1190/1385 (有效: 212)
[2026-07-24 17:55:30] 测速进度: 1200/1385 (有效: 214)
[2026-07-24 17:55:32] 测速进度: 1210/1385 (有效: 214)
[2026-07-24 17:55:32] 测速进度: 1220/1385 (有效: 214)
[2026-07-24 17:55:32] 测速进度: 1230/1385 (有效: 214)
[2026-07-24 17:55:34] 测速进度: 1240/1385 (有效: 214)
[2026-07-24 17:55:34] 测速进度: 1250/1385 (有效: 214)
[2026-07-24 17:55:36] 测速进度: 1260/1385 (有效: 214)
[2026-07-24 17:55:38] 测速进度: 1270/1385 (有效: 214)
[2026-07-24 17:55:38] 测速进度: 1280/1385 (有效: 214)
[2026-07-24 17:55:40] 测速进度: 1290/1385 (有效: 214)
[2026-07-24 17:55:40] 测速进度: 1300/1385 (有效: 214)
[2026-07-24 17:55:40] 测速进度: 1310/1385 (有效: 214)
[2026-07-24 17:55:49] 测速进度: 1320/1385 (有效: 215)
[2026-07-24 17:55:51] 测速进度: 1330/1385 (有效: 215)
[2026-07-24 17:55:51] 测速进度: 1340/1385 (有效: 215)
[2026-07-24 17:55:53] 测速进度: 1350/1385 (有效: 215)
[2026-07-24 17:55:54] 测速进度: 1360/1385 (有效: 215)
[2026-07-24 17:55:56] 测速进度: 1370/1385 (有效: 215)
[2026-07-24 17:56:01] 测速进度: 1380/1385 (有效: 217)
[2026-07-24 17:56:06] 测速完成: 217/1385 个有效源
[2026-07-24 17:56:06] 选中 Top 5 源:
[2026-07-24 17:56:06]   源1: 120.40.39.246:352 (hsmdtv) 2.09MB/s
[2026-07-24 17:56:06]   源2: 112.123.243.37:50085 (txiptv) 1.90MB/s
[2026-07-24 17:56:06]   源3: 112.27.5.218:9901 (txiptv) 1.87MB/s
[2026-07-24 17:56:06]   源4: 120.211.62.180:8000 (zhgxtv) 1.83MB/s
[2026-07-24 17:56:06]   源5: 221.205.60.93:9003 (jsmpeg) 1.56MB/s
[2026-07-24 17:56:06] 抓取频道: 源1 120.40.39.246:352 (hsmdtv)...
[2026-07-24 17:56:06] ⚠️ /Hotel/Remote Access/hsmd_address_list.txt 不存在，跳过 hsmdtv 源
[2026-07-24 17:56:06] 抓取频道: 源2 112.123.243.37:50085 (txiptv)...
[2026-07-24 17:56:12] 抓取频道: 源3 112.27.5.218:9901 (txiptv)...
[2026-07-24 17:56:16] 抓取频道: 源4 120.211.62.180:8000 (zhgxtv)...
[2026-07-24 17:56:19] 抓取频道: 源5 221.205.60.93:9003 (jsmpeg)...
[2026-07-24 17:56:24] 远程源共抓取到 216 条频道记录
[2026-07-24 17:56:24] 📊 数据来源: 远程源
[2026-07-24 17:56:24]    M3U8: 52328 字节, TXT: 16155 字节
[2026-07-24 17:56:24] ✅ M3U8 已保存到 output.m3u8 (52328 字节)
[2026-07-24 17:56:24] ✅ TXT 已保存到 output.txt (16155 字节)
[2026-07-24 17:56:24] 🎉 更新完成!
[2026-07-24 22:57:36] ==================================================
[2026-07-24 22:57:36] IPTV 播放列表自动更新（远程源抓取 + 本地保存）
[2026-07-24 22:57:36] ==================================================
[2026-07-24 22:57:36] ⚠️ /Hotel/Remote Access/hsmd_address_list.txt 不存在，hsmdtv 源将无法抓取频道列表
[2026-07-24 22:57:36] 抓取远程源 (第1次)...
[2026-07-24 22:57:36] ✅ 远程源获取成功，共 1385 个源
[2026-07-24 22:57:36] 开始测速 1385 个源...
[2026-07-24 22:57:37] 测速进度: 10/1385 (有效: 0)
[2026-07-24 22:57:39] 测速进度: 20/1385 (有效: 0)
[2026-07-24 22:57:41] 测速进度: 30/1385 (有效: 1)
[2026-07-24 22:57:43] 测速进度: 40/1385 (有效: 3)
[2026-07-24 22:57:45] 测速进度: 50/1385 (有效: 8)
[2026-07-24 22:57:51] 测速进度: 60/1385 (有效: 13)
[2026-07-24 22:57:53] 测速进度: 70/1385 (有效: 13)
[2026-07-24 22:57:55] 测速进度: 80/1385 (有效: 13)
[2026-07-24 22:57:55] 测速进度: 90/1385 (有效: 13)
[2026-07-24 22:57:57] 测速进度: 100/1385 (有效: 15)
[2026-07-24 22:58:00] 测速进度: 110/1385 (有效: 19)
[2026-07-24 22:58:05] 测速进度: 120/1385 (有效: 29)
[2026-07-24 22:58:07] 测速进度: 130/1385 (有效: 29)
[2026-07-24 22:58:07] 测速进度: 140/1385 (有效: 29)
[2026-07-24 22:58:08] 测速进度: 150/1385 (有效: 30)
[2026-07-24 22:58:11] 测速进度: 160/1385 (有效: 32)
[2026-07-24 22:58:14] 测速进度: 170/1385 (有效: 34)
[2026-07-24 22:58:21] 测速进度: 190/1385 (有效: 43)
[2026-07-24 22:58:23] 测速进度: 200/1385 (有效: 43)
[2026-07-24 22:58:25] 测速进度: 210/1385 (有效: 45)
[2026-07-24 22:58:27] 测速进度: 220/1385 (有效: 46)
[2026-07-24 22:58:29] 测速进度: 230/1385 (有效: 49)
[2026-07-24 22:58:36] 测速进度: 250/1385 (有效: 57)
[2026-07-24 22:58:37] 测速进度: 260/1385 (有效: 57)
[2026-07-24 22:58:38] 测速进度: 270/1385 (有效: 57)
[2026-07-24 22:58:39] 测速进度: 280/1385 (有效: 57)
[2026-07-24 22:58:41] 测速进度: 290/1385 (有效: 57)
[2026-07-24 22:58:48] 测速进度: 300/1385 (有效: 64)
[2026-07-24 22:58:48] 测速进度: 310/1385 (有效: 64)
[2026-07-24 22:58:49] 测速进度: 320/1385 (有效: 64)
[2026-07-24 22:58:50] 测速进度: 330/1385 (有效: 64)
[2026-07-24 22:58:52] 测速进度: 340/1385 (有效: 66)
[2026-07-24 22:58:54] 测速进度: 350/1385 (有效: 66)
[2026-07-24 22:59:00] 测速进度: 360/1385 (有效: 72)
[2026-07-24 22:59:00] 测速进度: 370/1385 (有效: 72)
[2026-07-24 22:59:05] 测速进度: 380/1385 (有效: 72)
[2026-07-24 22:59:05] 测速进度: 390/1385 (有效: 72)
[2026-07-24 22:59:09] 测速进度: 400/1385 (有效: 73)
[2026-07-24 22:59:10] 测速进度: 410/1385 (有效: 73)
[2026-07-24 22:59:14] 测速进度: 420/1385 (有效: 74)
[2026-07-24 22:59:15] 测速进度: 430/1385 (有效: 74)
[2026-07-24 22:59:19] 测速进度: 440/1385 (有效: 75)
[2026-07-24 22:59:20] 测速进度: 450/1385 (有效: 75)
[2026-07-24 22:59:21] 测速进度: 460/1385 (有效: 76)
[2026-07-24 22:59:25] 测速进度: 470/1385 (有效: 77)
[2026-07-24 22:59:29] 测速进度: 480/1385 (有效: 79)
[2026-07-24 22:59:31] 测速进度: 490/1385 (有效: 79)
[2026-07-24 22:59:34] 测速进度: 500/1385 (有效: 80)
[2026-07-24 22:59:35] 测速进度: 510/1385 (有效: 80)
[2026-07-24 22:59:35] 测速进度: 520/1385 (有效: 80)
[2026-07-24 22:59:37] 测速进度: 530/1385 (有效: 83)
[2026-07-24 22:59:50] 测速进度: 550/1385 (有效: 90)
[2026-07-24 22:59:53] 测速进度: 560/1385 (有效: 96)
[2026-07-24 22:59:55] 测速进度: 570/1385 (有效: 103)
[2026-07-24 22:59:58] 测速进度: 580/1385 (有效: 107)
[2026-07-24 22:59:59] 测速进度: 590/1385 (有效: 113)
[2026-07-24 23:00:06] 测速进度: 610/1385 (有效: 118)
[2026-07-24 23:00:06] 测速进度: 620/1385 (有效: 128)
[2026-07-24 23:00:10] 测速进度: 630/1385 (有效: 130)
[2026-07-24 23:00:12] 测速进度: 640/1385 (有效: 138)
[2026-07-24 23:00:20] 测速进度: 670/1385 (有效: 145)
[2026-07-24 23:00:22] 测速进度: 680/1385 (有效: 155)
[2026-07-24 23:00:26] 测速进度: 690/1385 (有效: 159)
[2026-07-24 23:00:28] 测速进度: 700/1385 (有效: 169)
[2026-07-24 23:00:35] 测速进度: 730/1385 (有效: 175)
[2026-07-24 23:00:38] 测速进度: 740/1385 (有效: 182)
[2026-07-24 23:00:41] 测速进度: 750/1385 (有效: 187)
[2026-07-24 23:00:44] 测速进度: 760/1385 (有效: 195)
[2026-07-24 23:00:47] 测速进度: 790/1385 (有效: 197)
[2026-07-24 23:00:47] 测速进度: 800/1385 (有效: 197)
[2026-07-24 23:00:49] 测速进度: 810/1385 (有效: 197)
[2026-07-24 23:00:50] 测速进度: 820/1385 (有效: 198)
[2026-07-24 23:00:51] 测速进度: 830/1385 (有效: 199)
[2026-07-24 23:01:02] 测速进度: 850/1385 (有效: 200)
[2026-07-24 23:01:02] 测速进度: 860/1385 (有效: 200)
[2026-07-24 23:01:04] 测速进度: 870/1385 (有效: 200)
[2026-07-24 23:01:04] 测速进度: 880/1385 (有效: 200)
[2026-07-24 23:01:05] 测速进度: 890/1385 (有效: 200)
[2026-07-24 23:01:06] 测速进度: 900/1385 (有效: 200)
[2026-07-24 23:01:08] 测速进度: 910/1385 (有效: 200)
[2026-07-24 23:01:08] 测速进度: 920/1385 (有效: 200)
[2026-07-24 23:01:09] 测速进度: 930/1385 (有效: 200)
[2026-07-24 23:01:10] 测速进度: 940/1385 (有效: 200)
[2026-07-24 23:01:11] 测速进度: 950/1385 (有效: 200)
[2026-07-24 23:01:12] 测速进度: 960/1385 (有效: 200)
[2026-07-24 23:01:14] 测速进度: 970/1385 (有效: 200)
[2026-07-24 23:01:14] 测速进度: 980/1385 (有效: 200)
[2026-07-24 23:01:16] 测速进度: 990/1385 (有效: 200)
[2026-07-24 23:01:16] 测速进度: 1000/1385 (有效: 200)
[2026-07-24 23:01:18] 测速进度: 1010/1385 (有效: 200)
[2026-07-24 23:01:18] 测速进度: 1020/1385 (有效: 200)
[2026-07-24 23:01:20] 测速进度: 1030/1385 (有效: 200)
[2026-07-24 23:01:20] 测速进度: 1040/1385 (有效: 200)
[2026-07-24 23:01:21] 测速进度: 1050/1385 (有效: 200)
[2026-07-24 23:01:22] 测速进度: 1060/1385 (有效: 200)
[2026-07-24 23:01:22] 测速进度: 1070/1385 (有效: 200)
[2026-07-24 23:01:30] 测速进度: 1080/1385 (有效: 201)
[2026-07-24 23:01:32] 测速进度: 1090/1385 (有效: 201)
[2026-07-24 23:01:34] 测速进度: 1100/1385 (有效: 202)
[2026-07-24 23:01:36] 测速进度: 1110/1385 (有效: 205)
[2026-07-24 23:01:38] 测速进度: 1120/1385 (有效: 206)
[2026-07-24 23:01:40] 测速进度: 1130/1385 (有效: 213)
[2026-07-24 23:01:47] 测速进度: 1150/1385 (有效: 219)
[2026-07-24 23:01:47] 测速进度: 1160/1385 (有效: 219)
[2026-07-24 23:01:48] 测速进度: 1170/1385 (有效: 219)
[2026-07-24 23:01:49] 测速进度: 1180/1385 (有效: 219)
[2026-07-24 23:01:51] 测速进度: 1190/1385 (有效: 221)
[2026-07-24 23:01:58] 测速进度: 1200/1385 (有效: 223)
[2026-07-24 23:02:00] 测速进度: 1210/1385 (有效: 223)
[2026-07-24 23:02:00] 测速进度: 1220/1385 (有效: 223)
[2026-07-24 23:02:01] 测速进度: 1230/1385 (有效: 223)
[2026-07-24 23:02:02] 测速进度: 1240/1385 (有效: 223)
[2026-07-24 23:02:02] 测速进度: 1250/1385 (有效: 223)
[2026-07-24 23:02:04] 测速进度: 1260/1385 (有效: 223)
[2026-07-24 23:02:06] 测速进度: 1270/1385 (有效: 223)
[2026-07-24 23:02:06] 测速进度: 1280/1385 (有效: 223)
[2026-07-24 23:02:08] 测速进度: 1290/1385 (有效: 223)
[2026-07-24 23:02:08] 测速进度: 1300/1385 (有效: 223)
[2026-07-24 23:02:09] 测速进度: 1310/1385 (有效: 223)
[2026-07-24 23:02:17] 测速进度: 1320/1385 (有效: 224)
[2026-07-24 23:02:19] 测速进度: 1330/1385 (有效: 224)
[2026-07-24 23:02:19] 测速进度: 1340/1385 (有效: 224)
[2026-07-24 23:02:21] 测速进度: 1350/1385 (有效: 224)
[2026-07-24 23:02:22] 测速进度: 1360/1385 (有效: 224)
[2026-07-24 23:02:24] 测速进度: 1370/1385 (有效: 224)
[2026-07-24 23:02:29] 测速进度: 1380/1385 (有效: 225)
[2026-07-24 23:02:35] 测速完成: 225/1385 个有效源
[2026-07-24 23:02:35] 选中 Top 5 源:
[2026-07-24 23:02:35]   源1: 113.57.140.161:10081 (hsmdtv) 3.27MB/s
[2026-07-24 23:02:35]   源2: 120.40.39.246:352 (hsmdtv) 1.86MB/s
[2026-07-24 23:02:35]   源3: 120.202.73.48:8888 (txiptv) 1.71MB/s
[2026-07-24 23:02:35]   源4: 112.123.243.37:50085 (txiptv) 1.71MB/s
[2026-07-24 23:02:35]   源5: 120.211.62.180:8000 (zhgxtv) 1.53MB/s
[2026-07-24 23:02:35] 抓取频道: 源1 113.57.140.161:10081 (hsmdtv)...
[2026-07-24 23:02:35] ⚠️ /Hotel/Remote Access/hsmd_address_list.txt 不存在，跳过 hsmdtv 源
[2026-07-24 23:02:35] 抓取频道: 源2 120.40.39.246:352 (hsmdtv)...
[2026-07-24 23:02:35] ⚠️ /Hotel/Remote Access/hsmd_address_list.txt 不存在，跳过 hsmdtv 源
[2026-07-24 23:02:35] 抓取频道: 源3 120.202.73.48:8888 (txiptv)...
[2026-07-24 23:02:38] 抓取频道: 源4 112.123.243.37:50085 (txiptv)...
[2026-07-24 23:02:47] 抓取频道: 源5 120.211.62.180:8000 (zhgxtv)...
[2026-07-24 23:02:55] 远程源共抓取到 126 条频道记录
[2026-07-24 23:02:55] 📊 数据来源: 远程源
[2026-07-24 23:02:55]    M3U8: 30517 字节, TXT: 9598 字节
[2026-07-24 23:02:55] ✅ M3U8 已保存到 output.m3u8 (30517 字节)
[2026-07-24 23:02:55] ✅ TXT 已保存到 output.txt (9598 字节)
[2026-07-24 23:02:55] 🎉 更新完成!
[2026-07-26 12:33:11] ==================================================
[2026-07-26 12:33:11] IPTV 播放列表自动更新（远程源抓取 + 本地保存）
[2026-07-26 12:33:11] ==================================================
[2026-07-26 12:33:11] 抓取远程源 (第1次)...
[2026-07-26 12:33:12] ✅ 远程源获取成功，共 1464 个源
[2026-07-26 12:33:12] 开始测速 1464 个源...
[2026-07-26 12:33:13] 测速进度: 10/1464 (有效: 0)
[2026-07-26 12:33:13] 测速进度: 20/1464 (有效: 0)
[2026-07-26 12:33:14] 测速进度: 30/1464 (有效: 1)
[2026-07-26 12:33:16] 测速进度: 40/1464 (有效: 2)
[2026-07-26 12:33:21] 测速进度: 50/1464 (有效: 5)
[2026-07-26 12:33:24] 测速进度: 60/1464 (有效: 14)
[2026-07-26 12:33:25] 测速进度: 70/1464 (有效: 14)
[2026-07-26 12:33:26] 测速进度: 80/1464 (有效: 14)
[2026-07-26 12:33:28] 测速进度: 90/1464 (有效: 14)
[2026-07-26 12:33:29] 测速进度: 100/1464 (有效: 14)
[2026-07-26 12:33:30] 测速进度: 110/1464 (有效: 14)
[2026-07-26 12:33:41] 测速进度: 130/1464 (有效: 20)
[2026-07-26 12:33:42] 测速进度: 140/1464 (有效: 20)
[2026-07-26 12:33:43] 测速进度: 150/1464 (有效: 20)
[2026-07-26 12:33:44] 测速进度: 160/1464 (有效: 23)
[2026-07-26 12:33:46] 测速进度: 170/1464 (有效: 25)
[2026-07-26 12:33:56] 测速进度: 190/1464 (有效: 31)
[2026-07-26 12:33:57] 测速进度: 200/1464 (有效: 31)
[2026-07-26 12:33:59] 测速进度: 210/1464 (有效: 31)
[2026-07-26 12:34:01] 测速进度: 220/1464 (有效: 31)
[2026-07-26 12:34:03] 测速进度: 230/1464 (有效: 34)
[2026-07-26 12:34:11] 测速进度: 250/1464 (有效: 40)
[2026-07-26 12:34:11] 测速进度: 260/1464 (有效: 40)
[2026-07-26 12:34:13] 测速进度: 270/1464 (有效: 40)
[2026-07-26 12:34:14] 测速进度: 280/1464 (有效: 40)
[2026-07-26 12:34:15] 测速进度: 290/1464 (有效: 40)
[2026-07-26 12:34:25] 测速进度: 310/1464 (有效: 44)
[2026-07-26 12:34:26] 测速进度: 320/1464 (有效: 44)
[2026-07-26 12:34:27] 测速进度: 330/1464 (有效: 44)
[2026-07-26 12:34:28] 测速进度: 340/1464 (有效: 44)
[2026-07-26 12:34:30] 测速进度: 350/1464 (有效: 44)
[2026-07-26 12:34:39] 测速进度: 360/1464 (有效: 50)
[2026-07-26 12:34:40] 测速进度: 370/1464 (有效: 50)
[2026-07-26 12:34:41] 测速进度: 380/1464 (有效: 50)
[2026-07-26 12:34:45] 测速进度: 390/1464 (有效: 51)
[2026-07-26 12:34:46] 测速进度: 400/1464 (有效: 51)
[2026-07-26 12:34:50] 测速进度: 410/1464 (有效: 52)
[2026-07-26 12:34:54] 测速进度: 420/1464 (有效: 53)
[2026-07-26 12:34:55] 测速进度: 430/1464 (有效: 53)
[2026-07-26 12:34:58] 测速进度: 440/1464 (有效: 53)
[2026-07-26 12:34:59] 测速进度: 450/1464 (有效: 53)
[2026-07-26 12:35:00] 测速进度: 460/1464 (有效: 53)
[2026-07-26 12:35:04] 测速进度: 470/1464 (有效: 55)
[2026-07-26 12:35:06] 测速进度: 480/1464 (有效: 57)
[2026-07-26 12:35:11] 测速进度: 490/1464 (有效: 57)
[2026-07-26 12:35:11] 测速进度: 500/1464 (有效: 57)
[2026-07-26 12:35:12] 测速进度: 510/1464 (有效: 57)
[2026-07-26 12:35:12] 测速进度: 520/1464 (有效: 58)
[2026-07-26 12:35:16] 测速进度: 530/1464 (有效: 61)
[2026-07-26 12:35:21] 测速进度: 540/1464 (有效: 65)
[2026-07-26 12:35:26] 测速进度: 550/1464 (有效: 65)
[2026-07-26 12:35:28] 测速进度: 560/1464 (有效: 70)
[2026-07-26 12:35:31] 测速进度: 570/1464 (有效: 74)
[2026-07-26 12:35:33] 测速进度: 580/1464 (有效: 79)
[2026-07-26 12:35:42] 测速进度: 610/1464 (有效: 84)
[2026-07-26 12:35:43] 测速进度: 620/1464 (有效: 92)
[2026-07-26 12:35:46] 测速进度: 630/1464 (有效: 98)
[2026-07-26 12:35:49] 测速进度: 640/1464 (有效: 105)
[2026-07-26 12:35:57] 测速进度: 670/1464 (有效: 114)
[2026-07-26 12:36:01] 测速进度: 680/1464 (有效: 122)
[2026-07-26 12:36:03] 测速进度: 690/1464 (有效: 129)
[2026-07-26 12:36:12] 测速进度: 730/1464 (有效: 136)
[2026-07-26 12:36:15] 测速进度: 740/1464 (有效: 145)
[2026-07-26 12:36:18] 测速进度: 750/1464 (有效: 153)
[2026-07-26 12:36:21] 测速进度: 760/1464 (有效: 161)
[2026-07-26 12:36:23] 测速进度: 790/1464 (有效: 161)
[2026-07-26 12:36:25] 测速进度: 800/1464 (有效: 161)
[2026-07-26 12:36:27] 测速进度: 810/1464 (有效: 163)
[2026-07-26 12:36:28] 测速进度: 820/1464 (有效: 164)
[2026-07-26 12:36:29] 测速进度: 830/1464 (有效: 166)
[2026-07-26 12:36:34] 测速进度: 840/1464 (有效: 168)
[2026-07-26 12:36:36] 测速进度: 850/1464 (有效: 168)
[2026-07-26 12:36:36] 测速进度: 860/1464 (有效: 168)
[2026-07-26 12:36:38] 测速进度: 870/1464 (有效: 168)
[2026-07-26 12:36:38] 测速进度: 880/1464 (有效: 168)
[2026-07-26 12:36:40] 测速进度: 890/1464 (有效: 168)
[2026-07-26 12:36:40] 测速进度: 900/1464 (有效: 168)
[2026-07-26 12:36:42] 测速进度: 910/1464 (有效: 168)
[2026-07-26 12:36:42] 测速进度: 920/1464 (有效: 168)
[2026-07-26 12:36:43] 测速进度: 930/1464 (有效: 168)
[2026-07-26 12:36:45] 测速进度: 940/1464 (有效: 168)
[2026-07-26 12:36:45] 测速进度: 950/1464 (有效: 168)
[2026-07-26 12:36:47] 测速进度: 960/1464 (有效: 168)
[2026-07-26 12:36:49] 测速进度: 970/1464 (有效: 168)
[2026-07-26 12:36:49] 测速进度: 980/1464 (有效: 168)
[2026-07-26 12:36:51] 测速进度: 990/1464 (有效: 168)
[2026-07-26 12:36:51] 测速进度: 1000/1464 (有效: 168)
[2026-07-26 12:36:53] 测速进度: 1010/1464 (有效: 168)
[2026-07-26 12:36:53] 测速进度: 1020/1464 (有效: 168)
[2026-07-26 12:36:55] 测速进度: 1030/1464 (有效: 168)
[2026-07-26 12:36:55] 测速进度: 1040/1464 (有效: 168)
[2026-07-26 12:36:57] 测速进度: 1050/1464 (有效: 168)
[2026-07-26 12:36:57] 测速进度: 1060/1464 (有效: 168)
[2026-07-26 12:36:57] 测速进度: 1070/1464 (有效: 168)
[2026-07-26 12:37:09] 测速进度: 1090/1464 (有效: 170)
[2026-07-26 12:37:11] 测速进度: 1100/1464 (有效: 170)
[2026-07-26 12:37:13] 测速进度: 1110/1464 (有效: 172)
[2026-07-26 12:37:16] 测速进度: 1120/1464 (有效: 175)
[2026-07-26 12:37:17] 测速进度: 1130/1464 (有效: 179)
[2026-07-26 12:37:25] 测速进度: 1150/1464 (有效: 187)
[2026-07-26 12:37:26] 测速进度: 1160/1464 (有效: 187)
[2026-07-26 12:37:27] 测速进度: 1170/1464 (有效: 187)
[2026-07-26 12:37:29] 测速进度: 1180/1464 (有效: 188)
[2026-07-26 12:37:31] 测速进度: 1190/1464 (有效: 188)
[2026-07-26 12:37:35] 测速进度: 1200/1464 (有效: 195)
[2026-07-26 12:37:37] 测速进度: 1210/1464 (有效: 195)
[2026-07-26 12:37:37] 测速进度: 1220/1464 (有效: 195)
[2026-07-26 12:37:39] 测速进度: 1230/1464 (有效: 195)
[2026-07-26 12:37:39] 测速进度: 1240/1464 (有效: 195)
[2026-07-26 12:37:41] 测速进度: 1250/1464 (有效: 195)
[2026-07-26 12:37:41] 测速进度: 1260/1464 (有效: 195)
[2026-07-26 12:37:43] 测速进度: 1270/1464 (有效: 195)
[2026-07-26 12:37:43] 测速进度: 1280/1464 (有效: 195)
[2026-07-26 12:37:44] 测速进度: 1290/1464 (有效: 195)
[2026-07-26 12:37:45] 测速进度: 1300/1464 (有效: 195)
[2026-07-26 12:37:46] 测速进度: 1310/1464 (有效: 195)
[2026-07-26 12:37:50] 测速进度: 1320/1464 (有效: 195)
[2026-07-26 12:37:51] 测速进度: 1330/1464 (有效: 195)
[2026-07-26 12:37:53] 测速进度: 1340/1464 (有效: 195)
[2026-07-26 12:37:54] 测速进度: 1350/1464 (有效: 195)
[2026-07-26 12:37:55] 测速进度: 1360/1464 (有效: 195)
[2026-07-26 12:37:57] 测速进度: 1370/1464 (有效: 196)
[2026-07-26 12:38:02] 测速进度: 1380/1464 (有效: 197)
[2026-07-26 12:38:04] 测速进度: 1390/1464 (有效: 197)
[2026-07-26 12:38:06] 测速进度: 1400/1464 (有效: 197)
[2026-07-26 12:38:07] 测速进度: 1410/1464 (有效: 197)
[2026-07-26 12:38:08] 测速进度: 1420/1464 (有效: 197)
[2026-07-26 12:38:10] 测速进度: 1430/1464 (有效: 197)
[2026-07-26 12:38:13] 测速进度: 1440/1464 (有效: 198)
[2026-07-26 12:38:15] 测速进度: 1450/1464 (有效: 198)
[2026-07-26 12:38:18] 测速进度: 1460/1464 (有效: 198)
[2026-07-26 12:38:26] 测速进度: 1464/1464 (有效: 199)
[2026-07-26 12:38:26] 测速完成: 199/1464 个有效源
[2026-07-26 12:38:26] 选中 Top 5 源:
[2026-07-26 12:38:26]   源1: 223.78.65.165:9901 (txiptv) 1.54MB/s
[2026-07-26 12:38:26]   源2: 120.202.73.48:8888 (txiptv) 1.35MB/s
[2026-07-26 12:38:26]   源3: 113.90.154.189:9901 (txiptv) 1.27MB/s
[2026-07-26 12:38:26]   源4: 221.7.175.154:8445 (txiptv) 1.24MB/s
[2026-07-26 12:38:26]   源5: 113.205.165.19:8089 (hsmdtv) 1.17MB/s
[2026-07-26 12:38:26] 抓取频道: 源1 223.78.65.165:9901 (txiptv)...
[2026-07-26 12:38:34] 抓取频道: 源2 120.202.73.48:8888 (txiptv)...
[2026-07-26 12:38:39] 抓取频道: 源3 113.90.154.189:9901 (txiptv)...
[2026-07-26 12:38:47] 抓取频道: 源4 221.7.175.154:8445 (txiptv)...
[2026-07-26 12:38:53] 抓取频道: 源5 113.205.165.19:8089 (hsmdtv)...
[2026-07-26 12:38:53] ⚠️ /Hotel/Remote Access/hsmd_address_list.txt 不存在，自动创建基础地址列表
[2026-07-26 12:38:53] ⚠️ 处理 hsmdtv 频道失败: [Errno 13] Permission denied: '/Hotel'
[2026-07-26 12:38:53] Traceback (most recent call last):
  File "/home/runner/work/jy/jy/Hotel/Remote Access/remote_hotel.py", line 1218, in process_hsmdtv_channels
    _create_default_hsmd_address_list(host)
  File "/home/runner/work/jy/jy/Hotel/Remote Access/remote_hotel.py", line 1315, in _create_default_hsmd_address_list
    os.makedirs(output_dir, exist_ok=True)
  File "/opt/hostedtoolcache/Python/3.10.20/x64/lib/python3.10/os.py", line 215, in makedirs
    makedirs(head, exist_ok=exist_ok)
  File "/opt/hostedtoolcache/Python/3.10.20/x64/lib/python3.10/os.py", line 225, in makedirs
    mkdir(name, mode)
PermissionError: [Errno 13] Permission denied: '/Hotel'

[2026-07-26 12:38:53] 远程源共抓取到 156 条频道记录
[2026-07-26 12:38:53] 📊 数据来源: 远程源
[2026-07-26 12:38:53]    M3U8: 39334 字节, TXT: 13669 字节
[2026-07-26 12:38:53] ✅ M3U8 已保存到 output.m3u8 (39334 字节)
[2026-07-26 12:38:53] ✅ TXT 已保存到 output.txt (13669 字节)
[2026-07-26 12:38:53] 🎉 更新完成!
[2026-07-26 13:08:57] ==================================================
[2026-07-26 13:08:57] IPTV 播放列表自动更新（远程源抓取 + 本地保存）
[2026-07-26 13:08:57] ==================================================
[2026-07-26 13:08:57] 抓取远程源 (第1次)...
[2026-07-26 13:08:58] ✅ 远程源获取成功，共 1464 个源
[2026-07-26 13:08:58] 开始测速 1464 个源...
[2026-07-26 13:08:59] 测速进度: 10/1464 (有效: 0)
[2026-07-26 13:09:00] 测速进度: 20/1464 (有效: 0)
[2026-07-26 13:09:00] 测速进度: 30/1464 (有效: 0)
[2026-07-26 13:09:01] 测速进度: 40/1464 (有效: 1)
[2026-07-26 13:09:03] 测速进度: 50/1464 (有效: 2)
[2026-07-26 13:09:14] 测速进度: 70/1464 (有效: 9)
[2026-07-26 13:09:15] 测速进度: 80/1464 (有效: 9)
[2026-07-26 13:09:16] 测速进度: 90/1464 (有效: 9)
[2026-07-26 13:09:18] 测速进度: 100/1464 (有效: 9)
[2026-07-26 13:09:19] 测速进度: 110/1464 (有效: 9)
[2026-07-26 13:09:30] 测速进度: 130/1464 (有效: 14)
[2026-07-26 13:09:30] 测速进度: 140/1464 (有效: 14)
[2026-07-26 13:09:32] 测速进度: 150/1464 (有效: 14)
[2026-07-26 13:09:33] 测速进度: 160/1464 (有效: 15)
[2026-07-26 13:09:34] 测速进度: 170/1464 (有效: 17)
[2026-07-26 13:09:45] 测速进度: 190/1464 (有效: 25)
[2026-07-26 13:09:46] 测速进度: 200/1464 (有效: 25)
[2026-07-26 13:09:48] 测速进度: 210/1464 (有效: 25)
[2026-07-26 13:09:49] 测速进度: 220/1464 (有效: 25)
[2026-07-26 13:09:51] 测速进度: 230/1464 (有效: 26)
[2026-07-26 13:10:00] 测速进度: 250/1464 (有效: 34)
[2026-07-26 13:10:01] 测速进度: 260/1464 (有效: 34)
[2026-07-26 13:10:02] 测速进度: 270/1464 (有效: 34)
[2026-07-26 13:10:03] 测速进度: 280/1464 (有效: 34)
[2026-07-26 13:10:05] 测速进度: 290/1464 (有效: 34)
[2026-07-26 13:10:14] 测速进度: 310/1464 (有效: 40)
[2026-07-26 13:10:15] 测速进度: 320/1464 (有效: 40)
[2026-07-26 13:10:16] 测速进度: 330/1464 (有效: 40)
[2026-07-26 13:10:17] 测速进度: 340/1464 (有效: 40)
[2026-07-26 13:10:21] 测速进度: 350/1464 (有效: 40)
[2026-07-26 13:10:26] 测速进度: 360/1464 (有效: 47)
[2026-07-26 13:10:27] 测速进度: 370/1464 (有效: 47)
[2026-07-26 13:10:28] 测速进度: 380/1464 (有效: 48)
[2026-07-26 13:10:32] 测速进度: 390/1464 (有效: 48)
[2026-07-26 13:10:33] 测速进度: 400/1464 (有效: 48)
[2026-07-26 13:10:37] 测速进度: 410/1464 (有效: 49)
[2026-07-26 13:10:41] 测速进度: 420/1464 (有效: 50)
[2026-07-26 13:10:42] 测速进度: 430/1464 (有效: 50)
[2026-07-26 13:10:46] 测速进度: 440/1464 (有效: 50)
[2026-07-26 13:10:46] 测速进度: 450/1464 (有效: 50)
[2026-07-26 13:10:47] 测速进度: 460/1464 (有效: 50)
[2026-07-26 13:10:51] 测速进度: 470/1464 (有效: 53)
[2026-07-26 13:10:56] 测速进度: 480/1464 (有效: 55)
[2026-07-26 13:11:01] 测速进度: 490/1464 (有效: 55)
[2026-07-26 13:11:01] 测速进度: 500/1464 (有效: 55)
[2026-07-26 13:11:02] 测速进度: 510/1464 (有效: 55)
[2026-07-26 13:11:02] 测速进度: 520/1464 (有效: 56)
[2026-07-26 13:11:06] 测速进度: 530/1464 (有效: 59)
[2026-07-26 13:11:16] 测速进度: 550/1464 (有效: 65)
[2026-07-26 13:11:17] 测速进度: 560/1464 (有效: 67)
[2026-07-26 13:11:21] 测速进度: 570/1464 (有效: 72)
[2026-07-26 13:11:24] 测速进度: 580/1464 (有效: 78)
[2026-07-26 13:11:32] 测速进度: 610/1464 (有效: 84)
[2026-07-26 13:11:35] 测速进度: 620/1464 (有效: 91)
[2026-07-26 13:11:37] 测速进度: 630/1464 (有效: 96)
[2026-07-26 13:11:47] 测速进度: 670/1464 (有效: 106)
[2026-07-26 13:11:49] 测速进度: 680/1464 (有效: 114)
[2026-07-26 13:11:53] 测速进度: 690/1464 (有效: 121)
[2026-07-26 13:11:56] 测速进度: 700/1464 (有效: 128)
[2026-07-26 13:12:02] 测速进度: 730/1464 (有效: 133)
[2026-07-26 13:12:06] 测速进度: 740/1464 (有效: 142)
[2026-07-26 13:12:08] 测速进度: 750/1464 (有效: 150)
[2026-07-26 13:12:11] 测速进度: 760/1464 (有效: 155)
[2026-07-26 13:12:13] 测速进度: 790/1464 (有效: 155)
[2026-07-26 13:12:16] 测速进度: 800/1464 (有效: 155)
[2026-07-26 13:12:17] 测速进度: 810/1464 (有效: 157)
[2026-07-26 13:12:18] 测速进度: 820/1464 (有效: 161)
[2026-07-26 13:12:19] 测速进度: 830/1464 (有效: 161)
[2026-07-26 13:12:25] 测速进度: 840/1464 (有效: 163)
[2026-07-26 13:12:27] 测速进度: 850/1464 (有效: 163)
[2026-07-26 13:12:27] 测速进度: 860/1464 (有效: 163)
[2026-07-26 13:12:29] 测速进度: 870/1464 (有效: 163)
[2026-07-26 13:12:29] 测速进度: 880/1464 (有效: 163)
[2026-07-26 13:12:31] 测速进度: 890/1464 (有效: 163)
[2026-07-26 13:12:31] 测速进度: 900/1464 (有效: 163)
[2026-07-26 13:12:33] 测速进度: 910/1464 (有效: 163)
[2026-07-26 13:12:33] 测速进度: 920/1464 (有效: 163)
[2026-07-26 13:12:34] 测速进度: 930/1464 (有效: 163)
[2026-07-26 13:12:35] 测速进度: 940/1464 (有效: 163)
[2026-07-26 13:12:36] 测速进度: 950/1464 (有效: 163)
[2026-07-26 13:12:37] 测速进度: 960/1464 (有效: 163)
[2026-07-26 13:12:39] 测速进度: 970/1464 (有效: 163)
[2026-07-26 13:12:39] 测速进度: 980/1464 (有效: 163)
[2026-07-26 13:12:41] 测速进度: 990/1464 (有效: 163)
[2026-07-26 13:12:41] 测速进度: 1000/1464 (有效: 163)
[2026-07-26 13:12:43] 测速进度: 1010/1464 (有效: 163)
[2026-07-26 13:12:43] 测速进度: 1020/1464 (有效: 163)
[2026-07-26 13:12:45] 测速进度: 1030/1464 (有效: 163)
[2026-07-26 13:12:45] 测速进度: 1040/1464 (有效: 163)
[2026-07-26 13:12:47] 测速进度: 1050/1464 (有效: 163)
[2026-07-26 13:12:47] 测速进度: 1060/1464 (有效: 163)
[2026-07-26 13:12:48] 测速进度: 1070/1464 (有效: 163)
[2026-07-26 13:12:59] 测速进度: 1090/1464 (有效: 165)
[2026-07-26 13:13:02] 测速进度: 1100/1464 (有效: 165)
[2026-07-26 13:13:05] 测速进度: 1110/1464 (有效: 167)
[2026-07-26 13:13:08] 测速进度: 1120/1464 (有效: 171)
[2026-07-26 13:13:08] 测速进度: 1130/1464 (有效: 176)
[2026-07-26 13:13:16] 测速进度: 1150/1464 (有效: 182)
[2026-07-26 13:13:16] 测速进度: 1160/1464 (有效: 182)
[2026-07-26 13:13:18] 测速进度: 1170/1464 (有效: 182)
[2026-07-26 13:13:19] 测速进度: 1180/1464 (有效: 182)
[2026-07-26 13:13:20] 测速进度: 1190/1464 (有效: 183)
[2026-07-26 13:13:25] 测速进度: 1200/1464 (有效: 188)
[2026-07-26 13:13:27] 测速进度: 1210/1464 (有效: 188)
[2026-07-26 13:13:27] 测速进度: 1220/1464 (有效: 188)
[2026-07-26 13:13:29] 测速进度: 1230/1464 (有效: 188)
[2026-07-26 13:13:29] 测速进度: 1240/1464 (有效: 188)
[2026-07-26 13:13:30] 测速进度: 1250/1464 (有效: 188)
[2026-07-26 13:13:31] 测速进度: 1260/1464 (有效: 188)
[2026-07-26 13:13:33] 测速进度: 1270/1464 (有效: 188)
[2026-07-26 13:13:33] 测速进度: 1280/1464 (有效: 188)
[2026-07-26 13:13:34] 测速进度: 1290/1464 (有效: 188)
[2026-07-26 13:13:35] 测速进度: 1300/1464 (有效: 188)
[2026-07-26 13:13:35] 测速进度: 1310/1464 (有效: 188)
[2026-07-26 13:13:40] 测速进度: 1320/1464 (有效: 188)
[2026-07-26 13:13:41] 测速进度: 1330/1464 (有效: 188)
[2026-07-26 13:13:42] 测速进度: 1340/1464 (有效: 188)
[2026-07-26 13:13:44] 测速进度: 1350/1464 (有效: 188)
[2026-07-26 13:13:45] 测速进度: 1360/1464 (有效: 188)
[2026-07-26 13:13:47] 测速进度: 1370/1464 (有效: 189)
[2026-07-26 13:13:54] 测速进度: 1380/1464 (有效: 191)
[2026-07-26 13:13:56] 测速进度: 1390/1464 (有效: 191)
[2026-07-26 13:13:58] 测速进度: 1400/1464 (有效: 191)
[2026-07-26 13:13:59] 测速进度: 1410/1464 (有效: 191)
[2026-07-26 13:14:00] 测速进度: 1420/1464 (有效: 191)
[2026-07-26 13:14:02] 测速进度: 1430/1464 (有效: 191)
[2026-07-26 13:14:05] 测速进度: 1440/1464 (有效: 192)
[2026-07-26 13:14:07] 测速进度: 1450/1464 (有效: 192)
[2026-07-26 13:14:10] 测速进度: 1460/1464 (有效: 192)
[2026-07-26 13:14:14] 测速进度: 1464/1464 (有效: 193)
[2026-07-26 13:14:14] 测速完成: 193/1464 个有效源
[2026-07-26 13:14:14] 选中 Top 5 源:
[2026-07-26 13:14:14]   源1: 112.27.5.218:9901 (txiptv) 1.39MB/s
[2026-07-26 13:14:14]   源2: 113.26.251.182:8009 (zhgxtv) 1.26MB/s
[2026-07-26 13:14:14]   源3: 221.7.175.154:8445 (txiptv) 1.23MB/s
[2026-07-26 13:14:14]   源4: 120.202.73.48:8888 (txiptv) 1.19MB/s
[2026-07-26 13:14:14]   源5: 223.78.65.165:9901 (txiptv) 1.15MB/s
[2026-07-26 13:14:14] 抓取频道: 源1 112.27.5.218:9901 (txiptv)...
[2026-07-26 13:14:23] 抓取频道: 源2 113.26.251.182:8009 (zhgxtv)...
[2026-07-26 13:14:31] 抓取频道: 源3 221.7.175.154:8445 (txiptv)...
[2026-07-26 13:14:38] 抓取频道: 源4 120.202.73.48:8888 (txiptv)...
[2026-07-26 13:14:42] 抓取频道: 源5 223.78.65.165:9901 (txiptv)...
[2026-07-26 13:14:48] 远程源共抓取到 354 条频道记录
[2026-07-26 13:14:48] 📊 数据来源: 远程源
[2026-07-26 13:14:48]    M3U8: 85769 字节, TXT: 26232 字节
[2026-07-26 13:14:48] ✅ M3U8 已保存到 output.m3u8 (85769 字节)
[2026-07-26 13:14:48] ✅ TXT 已保存到 output.txt (26232 字节)
[2026-07-26 13:14:48] 🎉 更新完成!
[2026-07-27 01:08:55] ==================================================
[2026-07-27 01:08:55] IPTV 播放列表自动更新（远程源抓取 + 本地保存）
[2026-07-27 01:08:55] ==================================================
[2026-07-27 01:08:55] 抓取远程源 (第1次)...
[2026-07-27 01:08:55] ✅ 远程源获取成功，共 1489 个源
[2026-07-27 01:08:55] 开始测速 1489 个源...
[2026-07-27 01:08:56] 测速进度: 10/1489 (有效: 0)
[2026-07-27 01:08:57] 测速进度: 20/1489 (有效: 0)
[2026-07-27 01:08:58] 测速进度: 30/1489 (有效: 1)
[2026-07-27 01:09:00] 测速进度: 40/1489 (有效: 4)
[2026-07-27 01:09:02] 测速进度: 50/1489 (有效: 6)
[2026-07-27 01:09:07] 测速进度: 60/1489 (有效: 14)
[2026-07-27 01:09:08] 测速进度: 70/1489 (有效: 14)
[2026-07-27 01:09:09] 测速进度: 80/1489 (有效: 14)
[2026-07-27 01:09:10] 测速进度: 90/1489 (有效: 14)
[2026-07-27 01:09:12] 测速进度: 100/1489 (有效: 14)
[2026-07-27 01:09:15] 测速进度: 110/1489 (有效: 17)
[2026-07-27 01:09:21] 测速进度: 120/1489 (有效: 26)
[2026-07-27 01:09:21] 测速进度: 130/1489 (有效: 26)
[2026-07-27 01:09:23] 测速进度: 140/1489 (有效: 26)
[2026-07-27 01:09:25] 测速进度: 150/1489 (有效: 27)
[2026-07-27 01:09:27] 测速进度: 160/1489 (有效: 28)
[2026-07-27 01:09:30] 测速进度: 170/1489 (有效: 32)
[2026-07-27 01:09:37] 测速进度: 190/1489 (有效: 41)
[2026-07-27 01:09:38] 测速进度: 200/1489 (有效: 41)
[2026-07-27 01:09:40] 测速进度: 210/1489 (有效: 43)
[2026-07-27 01:09:42] 测速进度: 220/1489 (有效: 43)
[2026-07-27 01:09:44] 测速进度: 230/1489 (有效: 47)
[2026-07-27 01:09:52] 测速进度: 250/1489 (有效: 55)
[2026-07-27 01:09:53] 测速进度: 260/1489 (有效: 55)
[2026-07-27 01:09:54] 测速进度: 270/1489 (有效: 55)
[2026-07-27 01:09:55] 测速进度: 280/1489 (有效: 55)
[2026-07-27 01:09:56] 测速进度: 290/1489 (有效: 55)
[2026-07-27 01:10:02] 测速进度: 300/1489 (有效: 58)
[2026-07-27 01:10:04] 测速进度: 310/1489 (有效: 58)
[2026-07-27 01:10:04] 测速进度: 320/1489 (有效: 58)
[2026-07-27 01:10:06] 测速进度: 330/1489 (有效: 58)
[2026-07-27 01:10:06] 测速进度: 340/1489 (有效: 58)
[2026-07-27 01:10:06] 测速进度: 350/1489 (有效: 58)
[2026-07-27 01:10:08] 测速进度: 360/1489 (有效: 58)
[2026-07-27 01:10:10] 测速进度: 370/1489 (有效: 58)
[2026-07-27 01:10:10] 测速进度: 380/1489 (有效: 58)
[2026-07-27 01:10:12] 测速进度: 390/1489 (有效: 58)
[2026-07-27 01:10:12] 测速进度: 400/1489 (有效: 58)
[2026-07-27 01:10:12] 测速进度: 410/1489 (有效: 58)
[2026-07-27 01:10:22] 测速进度: 420/1489 (有效: 59)
[2026-07-27 01:10:24] 测速进度: 430/1489 (有效: 59)
[2026-07-27 01:10:24] 测速进度: 440/1489 (有效: 59)
[2026-07-27 01:10:26] 测速进度: 450/1489 (有效: 61)
[2026-07-27 01:10:27] 测速进度: 460/1489 (有效: 62)
[2026-07-27 01:10:29] 测速进度: 470/1489 (有效: 65)
[2026-07-27 01:10:37] 测速进度: 480/1489 (有效: 74)
[2026-07-27 01:10:39] 测速进度: 490/1489 (有效: 74)
[2026-07-27 01:10:39] 测速进度: 500/1489 (有效: 74)
[2026-07-27 01:10:41] 测速进度: 510/1489 (有效: 74)
[2026-07-27 01:10:42] 测速进度: 520/1489 (有效: 74)
[2026-07-27 01:10:44] 测速进度: 530/1489 (有效: 75)
[2026-07-27 01:10:49] 测速进度: 540/1489 (有效: 82)
[2026-07-27 01:10:50] 测速进度: 550/1489 (有效: 82)
[2026-07-27 01:10:51] 测速进度: 560/1489 (有效: 82)
[2026-07-27 01:10:51] 测速进度: 570/1489 (有效: 82)
[2026-07-27 01:10:52] 测速进度: 580/1489 (有效: 82)
[2026-07-27 01:10:53] 测速进度: 590/1489 (有效: 82)
[2026-07-27 01:11:03] 测速进度: 600/1489 (有效: 86)
[2026-07-27 01:11:04] 测速进度: 610/1489 (有效: 86)
[2026-07-27 01:11:05] 测速进度: 620/1489 (有效: 86)
[2026-07-27 01:11:07] 测速进度: 630/1489 (有效: 87)
[2026-07-27 01:11:09] 测速进度: 640/1489 (有效: 87)
[2026-07-27 01:11:12] 测速进度: 650/1489 (有效: 91)
[2026-07-27 01:11:14] 测速进度: 660/1489 (有效: 95)
[2026-07-27 01:11:19] 测速进度: 670/1489 (有效: 95)
[2026-07-27 01:11:19] 测速进度: 680/1489 (有效: 95)
[2026-07-27 01:11:20] 测速进度: 690/1489 (有效: 95)
[2026-07-27 01:11:24] 测速进度: 700/1489 (有效: 96)
[2026-07-27 01:11:25] 测速进度: 710/1489 (有效: 96)
[2026-07-27 01:11:30] 测速进度: 730/1489 (有效: 98)
[2026-07-27 01:11:34] 测速进度: 740/1489 (有效: 98)
[2026-07-27 01:11:35] 测速进度: 750/1489 (有效: 98)
[2026-07-27 01:11:36] 测速进度: 760/1489 (有效: 98)
[2026-07-27 01:11:40] 测速进度: 770/1489 (有效: 100)
[2026-07-27 01:11:44] 测速进度: 780/1489 (有效: 102)
[2026-07-27 01:11:44] 测速进度: 790/1489 (有效: 102)
[2026-07-27 01:11:46] 测速进度: 800/1489 (有效: 103)
[2026-07-27 01:11:49] 测速进度: 810/1489 (有效: 103)
[2026-07-27 01:11:49] 测速进度: 820/1489 (有效: 104)
[2026-07-27 01:11:53] 测速进度: 830/1489 (有效: 108)
[2026-07-27 01:11:58] 测速进度: 840/1489 (有效: 114)
[2026-07-27 01:12:04] 测速进度: 850/1489 (有效: 120)
[2026-07-27 01:12:07] 测速进度: 860/1489 (有效: 123)
[2026-07-27 01:12:09] 测速进度: 870/1489 (有效: 132)
[2026-07-27 01:12:19] 测速进度: 910/1489 (有效: 144)
[2026-07-27 01:12:22] 测速进度: 920/1489 (有效: 152)
[2026-07-27 01:12:25] 测速进度: 930/1489 (有效: 162)
[2026-07-27 01:12:34] 测速进度: 970/1489 (有效: 172)
[2026-07-27 01:12:38] 测速进度: 980/1489 (有效: 180)
[2026-07-27 01:12:40] 测速进度: 990/1489 (有效: 188)
[2026-07-27 01:12:50] 测速进度: 1030/1489 (有效: 200)
[2026-07-27 01:12:52] 测速进度: 1040/1489 (有效: 206)
[2026-07-27 01:12:55] 测速进度: 1050/1489 (有效: 209)
[2026-07-27 01:12:57] 测速进度: 1060/1489 (有效: 214)
[2026-07-27 01:13:01] 测速进度: 1090/1489 (有效: 215)
[2026-07-27 01:13:01] 测速进度: 1100/1489 (有效: 215)
[2026-07-27 01:13:03] 测速进度: 1110/1489 (有效: 215)
[2026-07-27 01:13:03] 测速进度: 1120/1489 (有效: 215)
[2026-07-27 01:13:05] 测速进度: 1130/1489 (有效: 215)
[2026-07-27 01:13:05] 测速进度: 1140/1489 (有效: 215)
[2026-07-27 01:13:07] 测速进度: 1150/1489 (有效: 215)
[2026-07-27 01:13:07] 测速进度: 1160/1489 (有效: 215)
[2026-07-27 01:13:07] 测速进度: 1170/1489 (有效: 215)
[2026-07-27 01:13:09] 测速进度: 1180/1489 (有效: 215)
[2026-07-27 01:13:09] 测速进度: 1190/1489 (有效: 215)
[2026-07-27 01:13:11] 测速进度: 1200/1489 (有效: 215)
[2026-07-27 01:13:13] 测速进度: 1210/1489 (有效: 215)
[2026-07-27 01:13:13] 测速进度: 1220/1489 (有效: 215)
[2026-07-27 01:13:15] 测速进度: 1230/1489 (有效: 215)
[2026-07-27 01:13:15] 测速进度: 1240/1489 (有效: 215)
[2026-07-27 01:13:15] 测速进度: 1250/1489 (有效: 215)
[2026-07-27 01:13:17] 测速进度: 1260/1489 (有效: 215)
[2026-07-27 01:13:19] 测速进度: 1270/1489 (有效: 215)
[2026-07-27 01:13:19] 测速进度: 1280/1489 (有效: 215)
[2026-07-27 01:13:19] 测速进度: 1290/1489 (有效: 215)
[2026-07-27 01:13:21] 测速进度: 1300/1489 (有效: 215)
[2026-07-27 01:13:21] 测速进度: 1310/1489 (有效: 215)
[2026-07-27 01:13:31] 测速进度: 1320/1489 (有效: 216)
[2026-07-27 01:13:32] 测速进度: 1330/1489 (有效: 216)
[2026-07-27 01:13:36] 测速进度: 1340/1489 (有效: 216)
[2026-07-27 01:13:37] 测速进度: 1350/1489 (有效: 216)
[2026-07-27 01:13:37] 测速进度: 1360/1489 (有效: 216)
[2026-07-27 01:13:39] 测速进度: 1370/1489 (有效: 216)
[2026-07-27 01:13:43] 测速进度: 1380/1489 (有效: 220)
[2026-07-27 01:13:44] 测速进度: 1390/1489 (有效: 220)
[2026-07-27 01:13:46] 测速进度: 1400/1489 (有效: 220)
[2026-07-27 01:13:48] 测速进度: 1410/1489 (有效: 221)
[2026-07-27 01:13:48] 测速进度: 1420/1489 (有效: 221)
[2026-07-27 01:13:50] 测速进度: 1430/1489 (有效: 221)
[2026-07-27 01:13:58] 测速进度: 1440/1489 (有效: 224)
[2026-07-27 01:14:00] 测速进度: 1450/1489 (有效: 224)
[2026-07-27 01:14:01] 测速进度: 1460/1489 (有效: 224)
[2026-07-27 01:14:03] 测速进度: 1470/1489 (有效: 224)
[2026-07-27 01:14:04] 测速进度: 1480/1489 (有效: 224)
[2026-07-27 01:14:09] 测速进度: 1489/1489 (有效: 225)
[2026-07-27 01:14:09] 测速完成: 225/1489 个有效源
[2026-07-27 01:14:09] 选中 Top 5 源:
[2026-07-27 01:14:09]   源1: 113.57.140.161:10081 (hsmdtv) 2.96MB/s
[2026-07-27 01:14:09]   源2: 112.27.5.218:9901 (txiptv) 1.84MB/s
[2026-07-27 01:14:09]   源3: 120.202.73.48:8888 (txiptv) 1.81MB/s
[2026-07-27 01:14:09]   源4: 139.227.21.22:9901 (txiptv) 1.66MB/s
[2026-07-27 01:14:09]   源5: 123.175.210.145:9003 (jsmpeg) 1.42MB/s
[2026-07-27 01:14:09] 抓取频道: 源1 113.57.140.161:10081 (hsmdtv)...
[2026-07-27 01:14:09] ⚠️ /Hotel/Remote Access/hsmd_address_list.txt 不存在，跳过 hsmdtv 源
[2026-07-27 01:14:09] 抓取频道: 源2 112.27.5.218:9901 (txiptv)...
[2026-07-27 01:14:13] 抓取频道: 源3 120.202.73.48:8888 (txiptv)...
[2026-07-27 01:14:17] 抓取频道: 源4 139.227.21.22:9901 (txiptv)...
[2026-07-27 01:14:21] 抓取频道: 源5 123.175.210.145:9003 (jsmpeg)...
[2026-07-27 01:14:27] 远程源共抓取到 201 条频道记录
[2026-07-27 01:14:27] ⚠️ /Hotel/Remote Access/hsmd_address_list.txt 不存在，无法生成更新文件
[2026-07-27 01:14:27] 📊 数据来源: 远程源
[2026-07-27 01:14:27]    M3U8: 49714 字节, TXT: 16253 字节
[2026-07-27 01:14:27] ✅ M3U8 已保存到 output.m3u8 (49714 字节)
[2026-07-27 01:14:27] ✅ TXT 已保存到 output.txt (16253 字节)
[2026-07-27 01:14:27] 🎉 更新完成!
[2026-07-27 01:26:55] ==================================================
[2026-07-27 01:26:55] IPTV 播放列表自动更新（远程源抓取 + 本地保存）
[2026-07-27 01:26:55] ==================================================
[2026-07-27 01:26:55] 抓取远程源 (第1次)...
[2026-07-27 01:26:55] ✅ 远程源获取成功，共 1489 个源
[2026-07-27 01:26:55] 开始测速 1489 个源...
[2026-07-27 01:26:57] 测速进度: 10/1489 (有效: 0)
[2026-07-27 01:26:57] 测速进度: 20/1489 (有效: 0)
[2026-07-27 01:26:58] 测速进度: 30/1489 (有效: 1)
[2026-07-27 01:27:00] 测速进度: 40/1489 (有效: 4)
[2026-07-27 01:27:02] 测速进度: 50/1489 (有效: 6)
[2026-07-27 01:27:07] 测速进度: 60/1489 (有效: 11)
[2026-07-27 01:27:07] 测速进度: 70/1489 (有效: 11)
[2026-07-27 01:27:09] 测速进度: 80/1489 (有效: 11)
[2026-07-27 01:27:11] 测速进度: 90/1489 (有效: 11)
[2026-07-27 01:27:12] 测速进度: 100/1489 (有效: 11)
[2026-07-27 01:27:14] 测速进度: 110/1489 (有效: 15)
[2026-07-27 01:27:21] 测速进度: 120/1489 (有效: 24)
[2026-07-27 01:27:22] 测速进度: 130/1489 (有效: 24)
[2026-07-27 01:27:23] 测速进度: 140/1489 (有效: 24)
[2026-07-27 01:27:25] 测速进度: 150/1489 (有效: 25)
[2026-07-27 01:27:27] 测速进度: 160/1489 (有效: 26)
[2026-07-27 01:27:31] 测速进度: 170/1489 (有效: 34)
[2026-07-27 01:27:36] 测速进度: 190/1489 (有效: 40)
[2026-07-27 01:27:38] 测速进度: 200/1489 (有效: 40)
[2026-07-27 01:27:40] 测速进度: 210/1489 (有效: 40)
[2026-07-27 01:27:41] 测速进度: 220/1489 (有效: 41)
[2026-07-27 01:27:42] 测速进度: 230/1489 (有效: 43)
[2026-07-27 01:27:50] 测速进度: 240/1489 (有效: 52)
[2026-07-27 01:27:51] 测速进度: 250/1489 (有效: 52)
[2026-07-27 01:27:52] 测速进度: 260/1489 (有效: 52)
[2026-07-27 01:27:53] 测速进度: 270/1489 (有效: 52)
[2026-07-27 01:27:54] 测速进度: 280/1489 (有效: 52)
[2026-07-27 01:27:55] 测速进度: 290/1489 (有效: 52)
[2026-07-27 01:27:58] 测速进度: 300/1489 (有效: 53)
[2026-07-27 01:28:00] 测速进度: 310/1489 (有效: 53)
[2026-07-27 01:28:00] 测速进度: 320/1489 (有效: 53)
[2026-07-27 01:28:02] 测速进度: 330/1489 (有效: 53)
[2026-07-27 01:28:02] 测速进度: 340/1489 (有效: 53)
[2026-07-27 01:28:02] 测速进度: 350/1489 (有效: 53)
[2026-07-27 01:28:13] 测速进度: 360/1489 (有效: 54)
[2026-07-27 01:28:15] 测速进度: 370/1489 (有效: 54)
[2026-07-27 01:28:15] 测速进度: 380/1489 (有效: 54)
[2026-07-27 01:28:17] 测速进度: 390/1489 (有效: 54)
[2026-07-27 01:28:17] 测速进度: 400/1489 (有效: 54)
[2026-07-27 01:28:17] 测速进度: 410/1489 (有效: 54)
[2026-07-27 01:28:21] 测速进度: 420/1489 (有效: 55)
[2026-07-27 01:28:23] 测速进度: 430/1489 (有效: 55)
[2026-07-27 01:28:23] 测速进度: 440/1489 (有效: 55)
[2026-07-27 01:28:25] 测速进度: 450/1489 (有效: 58)
[2026-07-27 01:28:26] 测速进度: 460/1489 (有效: 58)
[2026-07-27 01:28:27] 测速进度: 470/1489 (有效: 61)
[2026-07-27 01:28:38] 测速进度: 490/1489 (有效: 69)
[2026-07-27 01:28:39] 测速进度: 500/1489 (有效: 69)
[2026-07-27 01:28:40] 测速进度: 510/1489 (有效: 69)
[2026-07-27 01:28:41] 测速进度: 520/1489 (有效: 69)
[2026-07-27 01:28:42] 测速进度: 530/1489 (有效: 71)
[2026-07-27 01:28:47] 测速进度: 540/1489 (有效: 77)
[2026-07-27 01:28:48] 测速进度: 550/1489 (有效: 77)
[2026-07-27 01:28:49] 测速进度: 560/1489 (有效: 77)
[2026-07-27 01:28:49] 测速进度: 570/1489 (有效: 77)
[2026-07-27 01:28:50] 测速进度: 580/1489 (有效: 77)
[2026-07-27 01:28:51] 测速进度: 590/1489 (有效: 77)
[2026-07-27 01:29:00] 测速进度: 600/1489 (有效: 81)
[2026-07-27 01:29:00] 测速进度: 610/1489 (有效: 81)
[2026-07-27 01:29:01] 测速进度: 620/1489 (有效: 81)
[2026-07-27 01:29:03] 测速进度: 630/1489 (有效: 82)
[2026-07-27 01:29:05] 测速进度: 640/1489 (有效: 82)
[2026-07-27 01:29:09] 测速进度: 650/1489 (有效: 84)
[2026-07-27 01:29:11] 测速进度: 660/1489 (有效: 89)
[2026-07-27 01:29:16] 测速进度: 670/1489 (有效: 89)
[2026-07-27 01:29:16] 测速进度: 680/1489 (有效: 89)
[2026-07-27 01:29:17] 测速进度: 690/1489 (有效: 89)
[2026-07-27 01:29:20] 测速进度: 700/1489 (有效: 90)
[2026-07-27 01:29:21] 测速进度: 710/1489 (有效: 91)
[2026-07-27 01:29:27] 测速进度: 730/1489 (有效: 91)
[2026-07-27 01:29:31] 测速进度: 740/1489 (有效: 91)
[2026-07-27 01:29:32] 测速进度: 750/1489 (有效: 91)
[2026-07-27 01:29:33] 测速进度: 760/1489 (有效: 91)
[2026-07-27 01:29:37] 测速进度: 770/1489 (有效: 94)
[2026-07-27 01:29:41] 测速进度: 780/1489 (有效: 96)
[2026-07-27 01:29:42] 测速进度: 790/1489 (有效: 96)
[2026-07-27 01:29:43] 测速进度: 800/1489 (有效: 97)
[2026-07-27 01:29:46] 测速进度: 810/1489 (有效: 98)
[2026-07-27 01:29:46] 测速进度: 820/1489 (有效: 99)
[2026-07-27 01:29:51] 测速进度: 830/1489 (有效: 102)
[2026-07-27 01:29:56] 测速进度: 840/1489 (有效: 106)
[2026-07-27 01:30:01] 测速进度: 850/1489 (有效: 110)
[2026-07-27 01:30:04] 测速进度: 860/1489 (有效: 114)
[2026-07-27 01:30:07] 测速进度: 870/1489 (有效: 122)
[2026-07-27 01:30:10] 测速进度: 880/1489 (有效: 129)
[2026-07-27 01:30:16] 测速进度: 910/1489 (有效: 135)
[2026-07-27 01:30:19] 测速进度: 920/1489 (有效: 142)
[2026-07-27 01:30:21] 测速进度: 930/1489 (有效: 146)
[2026-07-27 01:30:24] 测速进度: 940/1489 (有效: 153)
[2026-07-27 01:30:31] 测速进度: 970/1489 (有效: 160)
[2026-07-27 01:30:34] 测速进度: 980/1489 (有效: 166)
[2026-07-27 01:30:37] 测速进度: 990/1489 (有效: 174)
[2026-07-27 01:30:40] 测速进度: 1000/1489 (有效: 181)
[2026-07-27 01:30:46] 测速进度: 1030/1489 (有效: 185)
[2026-07-27 01:30:50] 测速进度: 1040/1489 (有效: 191)
[2026-07-27 01:30:53] 测速进度: 1050/1489 (有效: 197)
[2026-07-27 01:30:55] 测速进度: 1060/1489 (有效: 203)
[2026-07-27 01:30:58] 测速进度: 1090/1489 (有效: 205)
[2026-07-27 01:30:58] 测速进度: 1100/1489 (有效: 205)
[2026-07-27 01:31:00] 测速进度: 1110/1489 (有效: 205)
[2026-07-27 01:31:00] 测速进度: 1120/1489 (有效: 205)
[2026-07-27 01:31:02] 测速进度: 1130/1489 (有效: 205)
[2026-07-27 01:31:02] 测速进度: 1140/1489 (有效: 205)
[2026-07-27 01:31:04] 测速进度: 1150/1489 (有效: 205)
[2026-07-27 01:31:04] 测速进度: 1160/1489 (有效: 205)
[2026-07-27 01:31:04] 测速进度: 1170/1489 (有效: 205)
[2026-07-27 01:31:06] 测速进度: 1180/1489 (有效: 205)
[2026-07-27 01:31:06] 测速进度: 1190/1489 (有效: 205)
[2026-07-27 01:31:08] 测速进度: 1200/1489 (有效: 205)
[2026-07-27 01:31:10] 测速进度: 1210/1489 (有效: 205)
[2026-07-27 01:31:10] 测速进度: 1220/1489 (有效: 205)
[2026-07-27 01:31:12] 测速进度: 1230/1489 (有效: 205)
[2026-07-27 01:31:12] 测速进度: 1240/1489 (有效: 205)
[2026-07-27 01:31:12] 测速进度: 1250/1489 (有效: 205)
[2026-07-27 01:31:14] 测速进度: 1260/1489 (有效: 205)
[2026-07-27 01:31:16] 测速进度: 1270/1489 (有效: 205)
[2026-07-27 01:31:16] 测速进度: 1280/1489 (有效: 205)
[2026-07-27 01:31:16] 测速进度: 1290/1489 (有效: 205)
[2026-07-27 01:31:18] 测速进度: 1300/1489 (有效: 205)
[2026-07-27 01:31:18] 测速进度: 1310/1489 (有效: 205)
[2026-07-27 01:31:23] 测速进度: 1320/1489 (有效: 205)
[2026-07-27 01:31:24] 测速进度: 1330/1489 (有效: 205)
[2026-07-27 01:31:28] 测速进度: 1340/1489 (有效: 205)
[2026-07-27 01:31:29] 测速进度: 1350/1489 (有效: 205)
[2026-07-27 01:31:29] 测速进度: 1360/1489 (有效: 205)
[2026-07-27 01:31:31] 测速进度: 1370/1489 (有效: 206)
[2026-07-27 01:31:39] 测速进度: 1390/1489 (有效: 209)
[2026-07-27 01:31:41] 测速进度: 1400/1489 (有效: 210)
[2026-07-27 01:31:42] 测速进度: 1410/1489 (有效: 210)
[2026-07-27 01:31:43] 测速进度: 1420/1489 (有效: 210)
[2026-07-27 01:31:45] 测速进度: 1430/1489 (有效: 210)
[2026-07-27 01:31:49] 测速进度: 1440/1489 (有效: 212)
[2026-07-27 01:31:51] 测速进度: 1450/1489 (有效: 212)
[2026-07-27 01:31:53] 测速进度: 1460/1489 (有效: 212)
[2026-07-27 01:31:54] 测速进度: 1470/1489 (有效: 212)
[2026-07-27 01:31:56] 测速进度: 1480/1489 (有效: 212)
[2026-07-27 01:32:03] 测速进度: 1489/1489 (有效: 213)
[2026-07-27 01:32:03] 测速完成: 213/1489 个有效源
[2026-07-27 01:32:03] 选中 Top 5 源:
[2026-07-27 01:32:03]   源1: 113.57.140.161:10081 (hsmdtv) 3.16MB/s
[2026-07-27 01:32:03]   源2: 112.27.5.218:9901 (txiptv) 1.93MB/s
[2026-07-27 01:32:03]   源3: 223.78.65.165:9901 (txiptv) 1.90MB/s
[2026-07-27 01:32:03]   源4: 120.211.62.180:8000 (zhgxtv) 1.84MB/s
[2026-07-27 01:32:03]   源5: 120.209.208.163:9003 (jsmpeg) 1.21MB/s
[2026-07-27 01:32:03] 抓取频道: 源1 113.57.140.161:10081 (hsmdtv)...
[2026-07-27 01:32:03] 📂 找到 hsmd_address_list.txt: /home/runner/work/jy/jy/Hotel/Remote Access/hsmd_address_list.txt
[2026-07-27 01:32:03]    共解析到 40 条频道记录
[2026-07-27 01:32:03]    ✅ CCTV1: http://118.122.144.115:8888 /newlive/live/hls/1/live.m3u8 -> http://113.57.140.161:10081/newlive/live/hls/1/live.m3u8
[2026-07-27 01:32:03]    ✅ CCTV2: http://118.122.144.115:8888 /newlive/live/hls/2/live.m3u8 -> http://113.57.140.161:10081/newlive/live/hls/2/live.m3u8
[2026-07-27 01:32:03]    ✅ CCTV3: http://118.122.144.115:8888 /newlive/live/hls/3/live.m3u8 -> http://113.57.140.161:10081/newlive/live/hls/3/live.m3u8
[2026-07-27 01:32:03]    ✅ CCTV4: http://118.122.144.115:8888 /newlive/live/hls/4/live.m3u8 -> http://113.57.140.161:10081/newlive/live/hls/4/live.m3u8
[2026-07-27 01:32:03]    ✅ CCTV5: http://118.122.144.115:8888 /newlive/live/hls/5/live.m3u8 -> http://113.57.140.161:10081/newlive/live/hls/5/live.m3u8
[2026-07-27 01:32:03]    ✅ CCTV5+: http://118.122.144.115:8888 /newlive/live/hls/6/live.m3u8 -> http://113.57.140.161:10081/newlive/live/hls/6/live.m3u8
[2026-07-27 01:32:03]    ✅ CCTV6: http://118.122.144.115:8888 /newlive/live/hls/7/live.m3u8 -> http://113.57.140.161:10081/newlive/live/hls/7/live.m3u8
[2026-07-27 01:32:03]    ✅ CCTV7: http://118.122.144.115:8888 /newlive/live/hls/8/live.m3u8 -> http://113.57.140.161:10081/newlive/live/hls/8/live.m3u8
[2026-07-27 01:32:03]    ✅ CCTV8: http://118.122.144.115:8888 /newlive/live/hls/9/live.m3u8 -> http://113.57.140.161:10081/newlive/live/hls/9/live.m3u8
[2026-07-27 01:32:03]    ✅ CCTV9: http://118.122.144.115:8888 /newlive/live/hls/10/live.m3u8 -> http://113.57.140.161:10081/newlive/live/hls/10/live.m3u8
[2026-07-27 01:32:03]    ✅ CCTV10: http://118.122.144.115:8888 /newlive/live/hls/11/live.m3u8 -> http://113.57.140.161:10081/newlive/live/hls/11/live.m3u8
[2026-07-27 01:32:03]    ✅ CCTV11: http://118.122.144.115:8888 /newlive/live/hls/12/live.m3u8 -> http://113.57.140.161:10081/newlive/live/hls/12/live.m3u8
[2026-07-27 01:32:03]    ✅ CCTV12: http://118.122.144.115:8888 /newlive/live/hls/13/live.m3u8 -> http://113.57.140.161:10081/newlive/live/hls/13/live.m3u8
[2026-07-27 01:32:03]    ✅ CCTV13: http://118.122.144.115:8888 /newlive/live/hls/14/live.m3u8 -> http://113.57.140.161:10081/newlive/live/hls/14/live.m3u8
[2026-07-27 01:32:03]    ✅ CCTV14: http://118.122.144.115:8888 /newlive/live/hls/15/live.m3u8 -> http://113.57.140.161:10081/newlive/live/hls/15/live.m3u8
[2026-07-27 01:32:03]    ✅ CCTV15: http://118.122.144.115:8888 /newlive/live/hls/16/live.m3u8 -> http://113.57.140.161:10081/newlive/live/hls/16/live.m3u8
[2026-07-27 01:32:03]    ✅ CCTV16: http://118.122.144.115:8888 /newlive/live/hls/17/live.m3u8 -> http://113.57.140.161:10081/newlive/live/hls/17/live.m3u8
[2026-07-27 01:32:03]    ✅ CGTN: http://118.122.144.115:8888 /newlive/live/hls/18/live.m3u8 -> http://113.57.140.161:10081/newlive/live/hls/18/live.m3u8
[2026-07-27 01:32:03]    ✅ 福建综合: http://118.122.144.115:8888 /newlive/live/hls/19/live.m3u8 -> http://113.57.140.161:10081/newlive/live/hls/19/live.m3u8
[2026-07-27 01:32:03]    ✅ 东南卫视: http://118.122.144.115:8888 /newlive/live/hls/20/live.m3u8 -> http://113.57.140.161:10081/newlive/live/hls/20/live.m3u8
[2026-07-27 01:32:03]    ✅ 福建乡村振兴: http://118.122.144.115:8888 /newlive/live/hls/21/live.m3u8 -> http://113.57.140.161:10081/newlive/live/hls/21/live.m3u8
[2026-07-27 01:32:03]    ✅ 福建新闻: http://118.122.144.115:8888 /newlive/live/hls/22/live.m3u8 -> http://113.57.140.161:10081/newlive/live/hls/22/live.m3u8
[2026-07-27 01:32:03]    ✅ 福建电视剧: http://118.122.144.115:8888 /newlive/live/hls/23/live.m3u8 -> http://113.57.140.161:10081/newlive/live/hls/23/live.m3u8
[2026-07-27 01:32:03]    ✅ 福建文旅体育: http://118.122.144.115:8888 /newlive/live/hls/24/live.m3u8 -> http://113.57.140.161:10081/newlive/live/hls/24/live.m3u8
[2026-07-27 01:32:03]    ✅ 福建经济生活: http://118.122.144.115:8888 /newlive/live/hls/25/live.m3u8 -> http://113.57.140.161:10081/newlive/live/hls/25/live.m3u8
[2026-07-27 01:32:03]    ✅ 福建少儿: http://118.122.144.115:8888 /newlive/live/hls/26/live.m3u8 -> http://113.57.140.161:10081/newlive/live/hls/26/live.m3u8
[2026-07-27 01:32:03]    ✅ 海峡卫视: http://118.122.144.115:8888 /newlive/live/hls/27/live.m3u8 -> http://113.57.140.161:10081/newlive/live/hls/27/live.m3u8
[2026-07-27 01:32:03]    ✅ 厦门卫视: http://118.122.144.115:8888 /newlive/live/hls/28/live.m3u8 -> http://113.57.140.161:10081/newlive/live/hls/28/live.m3u8
[2026-07-27 01:32:03]    ✅ 东方卫视: http://118.122.144.115:8888 /newlive/live/hls/29/live.m3u8 -> http://113.57.140.161:10081/newlive/live/hls/29/live.m3u8
[2026-07-27 01:32:03]    ✅ 湖南卫视: http://118.122.144.115:8888 /newlive/live/hls/30/live.m3u8 -> http://113.57.140.161:10081/newlive/live/hls/30/live.m3u8
[2026-07-27 01:32:03]    ✅ 江苏卫视: http://118.122.144.115:8888 /newlive/live/hls/31/live.m3u8 -> http://113.57.140.161:10081/newlive/live/hls/31/live.m3u8
[2026-07-27 01:32:03]    ✅ 浙江卫视: http://118.122.144.115:8888 /newlive/live/hls/32/live.m3u8 -> http://113.57.140.161:10081/newlive/live/hls/32/live.m3u8
[2026-07-27 01:32:03]    ✅ 河北卫视: http://118.122.144.115:8888 /newlive/live/hls/33/live.m3u8 -> http://113.57.140.161:10081/newlive/live/hls/33/live.m3u8
[2026-07-27 01:32:03]    ✅ 广东卫视: http://118.122.144.115:8888 /newlive/live/hls/34/live.m3u8 -> http://113.57.140.161:10081/newlive/live/hls/34/live.m3u8
[2026-07-27 01:32:03]    ✅ 山东卫视: http://118.122.144.115:8888 /newlive/live/hls/35/live.m3u8 -> http://113.57.140.161:10081/newlive/live/hls/35/live.m3u8
[2026-07-27 01:32:03]    ✅ 湖北卫视: http://118.122.144.115:8888 /newlive/live/hls/36/live.m3u8 -> http://113.57.140.161:10081/newlive/live/hls/36/live.m3u8
[2026-07-27 01:32:03]    ✅ 深圳卫视: http://118.122.144.115:8888 /newlive/live/hls/37/live.m3u8 -> http://113.57.140.161:10081/newlive/live/hls/37/live.m3u8
[2026-07-27 01:32:03]    ✅ 黑龙江卫视: http://118.122.144.115:8888 /newlive/live/hls/38/live.m3u8 -> http://113.57.140.161:10081/newlive/live/hls/38/live.m3u8
[2026-07-27 01:32:03]    ✅ 贵州卫视: http://118.122.144.115:8888 /newlive/live/hls/39/live.m3u8 -> http://113.57.140.161:10081/newlive/live/hls/39/live.m3u8
[2026-07-27 01:32:03]    ✅ 安徽卫视: http://118.122.144.115:8888 /newlive/live/hls/40/live.m3u8 -> http://113.57.140.161:10081/newlive/live/hls/40/live.m3u8
[2026-07-27 01:32:03] 抓取频道: 源2 112.27.5.218:9901 (txiptv)...
[2026-07-27 01:32:06] 抓取频道: 源3 223.78.65.165:9901 (txiptv)...
[2026-07-27 01:32:10] 抓取频道: 源4 120.211.62.180:8000 (zhgxtv)...
[2026-07-27 01:32:14] 抓取频道: 源5 120.209.208.163:9003 (jsmpeg)...
[2026-07-27 01:32:16] 远程源共抓取到 219 条频道记录
[2026-07-27 01:32:16] ✅ hsmd 更新地址列表已保存: ./hsmd_address_list.updated.txt (40 条)
[2026-07-27 01:32:16] 📊 数据来源: 远程源
[2026-07-27 01:32:16]    M3U8: 53410 字节, TXT: 16829 字节
[2026-07-27 01:32:16] ✅ M3U8 已保存到 output.m3u8 (53410 字节)
[2026-07-27 01:32:16] ✅ TXT 已保存到 output.txt (16829 字节)
[2026-07-27 01:32:16] 🎉 更新完成!
